ISO-10303-21;
HEADER;
FILE_DESCRIPTION (( 'STEP AP214' ),
    '1' );
FILE_NAME ('Front_Shell.step',
    '2026-09-26T14:43:15',
    ( '' ),
    ( '' ),
    'SwSTEP 2.0',
    'SolidWorks 2026',
    '' );
FILE_SCHEMA (( 'AUTOMOTIVE_DESIGN' ));
ENDSEC;

DATA;
#1 = ORIENTED_EDGE ( 'NONE', *, *, #5934, .T. ) ;
#2 = ORIENTED_EDGE ( 'NONE', *, *, #319, .T. ) ;
#3 = FACE_OUTER_BOUND ( 'NONE', #5018, .T. ) ;
#4 = EDGE_CURVE ( 'NONE', #6615, #2340, #2264, .T. ) ;
#5 = EDGE_CURVE ( 'NONE', #880, #1330, #1463, .T. ) ;
#6 = ORIENTED_EDGE ( 'NONE', *, *, #6533, .F. ) ;
#7 = CARTESIAN_POINT ( 'NONE',  ( -48.00000000000000000, -13.25000000000000000, -2.399999999999999911 ) ) ;
#8 = VERTEX_POINT ( 'NONE', #1990 ) ;
#9 = DIRECTION ( 'NONE',  ( 0.000000000000000000, 0.000000000000000000, 1.000000000000000000 ) ) ;
#10 = LINE ( 'NONE', #1387, #2797 ) ;
#11 = CIRCLE ( 'NONE', #1070, 2.049999999999999822 ) ;
#12 = FACE_OUTER_BOUND ( 'NONE', #6375, .T. ) ;
#13 = DIRECTION ( 'NONE',  ( 0.000000000000000000, 1.000000000000000000, 0.000000000000000000 ) ) ;
#14 = CARTESIAN_POINT ( 'NONE',  ( 45.00000000000000000, 30.60000000000000142, -13.00000000000000178 ) ) ;
#15 = AXIS2_PLACEMENT_3D ( 'NONE', #4743, #3777, #2200 ) ;
#16 = AXIS2_PLACEMENT_3D ( 'NONE', #6489, #4401, #4435 ) ;
#17 = CARTESIAN_POINT ( 'NONE',  ( -46.80000000000000426, 20.03999999999999559, -8.304999999999999716 ) ) ;
#18 = PLANE ( 'NONE',  #1733 ) ;
#19 = DIRECTION ( 'NONE',  ( -0.000000000000000000, 0.000000000000000000, 1.000000000000000000 ) ) ;
#20 = ORIENTED_EDGE ( 'NONE', *, *, #5259, .T. ) ;
#21 = AXIS2_PLACEMENT_3D ( 'NONE', #5340, #5243, #1185 ) ;
#22 = ADVANCED_FACE ( 'NONE', ( #5542 ), #2985, .T. ) ;
#23 = DIRECTION ( 'NONE',  ( 0.000000000000000000, 0.000000000000000000, 1.000000000000000000 ) ) ;
#24 = AXIS2_PLACEMENT_3D ( 'NONE', #68, #4592, #130 ) ;
#25 = ORIENTED_EDGE ( 'NONE', *, *, #5128, .F. ) ;
#26 = ADVANCED_FACE ( 'NONE', ( #3527 ), #4575, .T. ) ;
#27 = CARTESIAN_POINT ( 'NONE',  ( 48.65999999999999659, -26.00000000000000355, -13.00000000000000178 ) ) ;
#28 = CARTESIAN_POINT ( 'NONE',  ( -48.65999999999999659, -26.00000000000000355, -14.69999999999999929 ) ) ;
#29 = CARTESIAN_POINT ( 'NONE',  ( -45.00000000000000711, -26.00000000000002132, -15.00000000000000178 ) ) ;
#30 = ORIENTED_EDGE ( 'NONE', *, *, #1862, .T. ) ;
#31 = EDGE_CURVE ( 'NONE', #134, #1446, #1051, .T. ) ;
#32 = EDGE_CURVE ( 'NONE', #4355, #4643, #1586, .T. ) ;
#33 = CARTESIAN_POINT ( 'NONE',  ( -43.19999999999999574, -9.750000000000000000, -4.969999999999999751 ) ) ;
#34 = VECTOR ( 'NONE', #4731, 1000.000000000000000 ) ;
#35 = ORIENTED_EDGE ( 'NONE', *, *, #1847, .T. ) ;
#36 = CARTESIAN_POINT ( 'NONE',  ( -48.00000000000000000, 5.289999999999994706, -6.069999999999997620 ) ) ;
#37 = ORIENTED_EDGE ( 'NONE', *, *, #4221, .T. ) ;
#38 = CARTESIAN_POINT ( 'NONE',  ( 19.35501256289338201, 4.749999999999999112, -0.6999999999999998446 ) ) ;
#39 = VERTEX_POINT ( 'NONE', #2117 ) ;
#40 = CARTESIAN_POINT ( 'NONE',  ( 44.99999999999999289, 29.66000000000000369, -13.90000000000000036 ) ) ;
#41 = CIRCLE ( 'NONE', #899, 0.9999999999999870104 ) ;
#42 = ORIENTED_EDGE ( 'NONE', *, *, #4181, .F. ) ;
#43 = DIRECTION ( 'NONE',  ( 0.000000000000000000, 0.000000000000000000, 1.000000000000000000 ) ) ;
#44 = CARTESIAN_POINT ( 'NONE',  ( -48.65999999999999659, 26.00000000000000355, -15.50000000000000178 ) ) ;
#45 = DIRECTION ( 'NONE',  ( 0.000000000000000000, 0.000000000000000000, 1.000000000000000000 ) ) ;
#46 = CARTESIAN_POINT ( 'NONE',  ( -50.00000000000000000, -25.05000000000000426, -3.600000000000000533 ) ) ;
#47 = DIRECTION ( 'NONE',  ( -1.000000000000000000, 0.000000000000000000, 0.000000000000000000 ) ) ;
#48 = VECTOR ( 'NONE', #689, 1000.000000000000000 ) ;
#49 = VERTEX_POINT ( 'NONE', #5135 ) ;
#50 = CARTESIAN_POINT ( 'NONE',  ( -45.69999999999999574, -26.80000000000000426, -3.169999999999999929 ) ) ;
#51 = CARTESIAN_POINT ( 'NONE',  ( 39.34999999999999432, 17.25000000000000000, -2.000000000000000000 ) ) ;
#52 = DIRECTION ( 'NONE',  ( 0.000000000000000000, 0.000000000000000000, 1.000000000000000000 ) ) ;
#53 = ORIENTED_EDGE ( 'NONE', *, *, #2602, .F. ) ;
#54 = EDGE_CURVE ( 'NONE', #5503, #66, #4694, .T. ) ;
#55 = AXIS2_PLACEMENT_3D ( 'NONE', #5331, #2818, #3891 ) ;
#56 = LINE ( 'NONE', #3663, #3111 ) ;
#57 = ORIENTED_EDGE ( 'NONE', *, *, #5499, .F. ) ;
#58 = LINE ( 'NONE', #2603, #5854 ) ;
#59 = VECTOR ( 'NONE', #3883, 1000.000000000000000 ) ;
#60 = VECTOR ( 'NONE', #1433, 1000.000000000000000 ) ;
#61 = DIRECTION ( 'NONE',  ( 0.000000000000000000, -1.000000000000000000, 0.000000000000000000 ) ) ;
#62 = DIRECTION ( 'NONE',  ( -1.000000000000000000, -0.000000000000000000, -0.000000000000000000 ) ) ;
#63 = EDGE_LOOP ( 'NONE', ( #1574, #5215, #6174, #3980 ) ) ;
#64 = AXIS2_PLACEMENT_3D ( 'NONE', #2220, #5814, #4269 ) ;
#65 = LINE ( 'NONE', #4616, #2712 ) ;
#66 = VERTEX_POINT ( 'NONE', #3088 ) ;
#67 = ORIENTED_EDGE ( 'NONE', *, *, #2506, .F. ) ;
#68 = CARTESIAN_POINT ( 'NONE',  ( -0.3100000000000048828, -4.110000000000004761, 0.000000000000000000 ) ) ;
#69 = VECTOR ( 'NONE', #2094, 1000.000000000000000 ) ;
#70 = VERTEX_POINT ( 'NONE', #104 ) ;
#71 = DIRECTION ( 'NONE',  ( 1.000000000000000000, 0.000000000000000000, 0.000000000000000000 ) ) ;
#72 = EDGE_LOOP ( 'NONE', ( #1436, #2566, #961, #5760 ) ) ;
#73 = CARTESIAN_POINT ( 'NONE',  ( -48.00000000000000000, 5.289999999999996483, -6.419999999999999929 ) ) ;
#74 = DIRECTION ( 'NONE',  ( 0.000000000000000000, -1.000000000000000000, 0.000000000000000000 ) ) ;
#75 = CARTESIAN_POINT ( 'NONE',  ( 39.35000000000000142, -26.00000000000001066, -1.600000000000000755 ) ) ;
#76 = CARTESIAN_POINT ( 'NONE',  ( -45.00000000000000000, -25.99999999999999645, 0.000000000000000000 ) ) ;
#77 = ORIENTED_EDGE ( 'NONE', *, *, #2315, .T. ) ;
#78 = CARTESIAN_POINT ( 'NONE',  ( -20.69999999999999574, -26.80000000000000426, -1.600000000000000755 ) ) ;
#79 = DIRECTION ( 'NONE',  ( 0.000000000000000000, 0.000000000000000000, 1.000000000000000000 ) ) ;
#80 = FACE_OUTER_BOUND ( 'NONE', #2601, .T. ) ;
#81 = ORIENTED_EDGE ( 'NONE', *, *, #177, .T. ) ;
#82 = DIRECTION ( 'NONE',  ( -0.000000000000000000, -0.4999999999999998335, 0.8660254037844387076 ) ) ;
#83 = ORIENTED_EDGE ( 'NONE', *, *, #209, .T. ) ;
#84 = DIRECTION ( 'NONE',  ( 0.000000000000000000, 0.000000000000000000, 1.000000000000000000 ) ) ;
#85 = ADVANCED_FACE ( 'NONE', ( #1682 ), #5170, .T. ) ;
#86 = DIRECTION ( 'NONE',  ( 0.000000000000000000, 0.000000000000000000, 1.000000000000000000 ) ) ;
#87 = CARTESIAN_POINT ( 'NONE',  ( -41.42000000000000881, -7.120000000000005436, -7.500000000000000888 ) ) ;
#88 = VERTEX_POINT ( 'NONE', #3622 ) ;
#89 = DIRECTION ( 'NONE',  ( -0.000000000000000000, 0.000000000000000000, 1.000000000000000000 ) ) ;
#90 = CARTESIAN_POINT ( 'NONE',  ( 20.25000000000000000, 17.25000000000000000, -0.6999999999999999556 ) ) ;
#91 = EDGE_CURVE ( 'NONE', #2527, #6354, #2144, .T. ) ;
#92 = ORIENTED_EDGE ( 'NONE', *, *, #3667, .F. ) ;
#93 = VERTEX_POINT ( 'NONE', #642 ) ;
#94 = DIRECTION ( 'NONE',  ( -1.000000000000000000, 0.000000000000000000, 0.000000000000000000 ) ) ;
#95 = ADVANCED_FACE ( 'NONE', ( #3652 ), #2049, .T. ) ;
#96 = EDGE_CURVE ( 'NONE', #4907, #2964, #3725, .T. ) ;
#97 = ORIENTED_EDGE ( 'NONE', *, *, #4390, .T. ) ;
#98 = CARTESIAN_POINT ( 'NONE',  ( 44.99999999999999289, 29.66000000000000014, -14.69999999999999929 ) ) ;
#99 = VERTEX_POINT ( 'NONE', #2176 ) ;
#100 = CARTESIAN_POINT ( 'NONE',  ( 50.00000000000000000, 26.00000000000000355, -2.000000000000000000 ) ) ;
#101 = EDGE_CURVE ( 'NONE', #2645, #2646, #6279, .T. ) ;
#102 = DIRECTION ( 'NONE',  ( 0.000000000000000000, 1.000000000000000000, 0.000000000000000000 ) ) ;
#103 = EDGE_CURVE ( 'NONE', #1882, #3918, #5396, .T. ) ;
#104 = CARTESIAN_POINT ( 'NONE',  ( 3.699999999999997513, 27.09999999999999787, -7.500000000000000888 ) ) ;
#105 = CARTESIAN_POINT ( 'NONE',  ( -48.00000000000000000, -26.00000000000000000, 0.000000000000000000 ) ) ;
#106 = CIRCLE ( 'NONE', #757, 1.199999999999999734 ) ;
#107 = ORIENTED_EDGE ( 'NONE', *, *, #590, .F. ) ;
#108 = CARTESIAN_POINT ( 'NONE',  ( 26.00000000000000355, 9.000000000000000000, 0.000000000000000000 ) ) ;
#109 = CARTESIAN_POINT ( 'NONE',  ( 23.69999999999998863, 13.00000000000000178, -0.6999999999999998446 ) ) ;
#110 = CARTESIAN_POINT ( 'NONE',  ( 35.00000000000001421, 9.000000000000001776, 0.000000000000000000 ) ) ;
#111 = VERTEX_POINT ( 'NONE', #611 ) ;
#112 = DIRECTION ( 'NONE',  ( -0.2982749931359470752, 0.000000000000000000, 0.9544799780350295970 ) ) ;
#113 = ORIENTED_EDGE ( 'NONE', *, *, #410, .F. ) ;
#114 = AXIS2_PLACEMENT_3D ( 'NONE', #541, #4091, #1107 ) ;
#115 = EDGE_CURVE ( 'NONE', #4318, #4755, #4193, .T. ) ;
#116 = DIRECTION ( 'NONE',  ( 1.000000000000000000, 0.000000000000000000, 0.000000000000000000 ) ) ;
#117 = DIRECTION ( 'NONE',  ( 0.000000000000000000, -1.000000000000000000, 0.000000000000000000 ) ) ;
#118 = AXIS2_PLACEMENT_3D ( 'NONE', #2502, #5620, #5082 ) ;
#119 = LINE ( 'NONE', #5318, #4213 ) ;
#120 = ORIENTED_EDGE ( 'NONE', *, *, #4471, .F. ) ;
#121 = AXIS2_PLACEMENT_3D ( 'NONE', #6414, #344, #4795 ) ;
#122 = LINE ( 'NONE', #1979, #4863 ) ;
#123 = EDGE_CURVE ( 'NONE', #1389, #2037, #6244, .T. ) ;
#124 = EDGE_CURVE ( 'NONE', #1451, #4685, #4663, .T. ) ;
#125 = FACE_OUTER_BOUND ( 'NONE', #3508, .T. ) ;
#126 = VECTOR ( 'NONE', #686, 1000.000000000000000 ) ;
#127 = AXIS2_PLACEMENT_3D ( 'NONE', #1911, #2011, #2448 ) ;
#128 = ORIENTED_EDGE ( 'NONE', *, *, #3281, .F. ) ;
#129 = ORIENTED_EDGE ( 'NONE', *, *, #518, .F. ) ;
#130 = DIRECTION ( 'NONE',  ( 1.000000000000000000, 0.000000000000000000, 0.000000000000000000 ) ) ;
#131 = EDGE_CURVE ( 'NONE', #4878, #880, #1112, .T. ) ;
#132 = EDGE_CURVE ( 'NONE', #2343, #2594, #4855, .T. ) ;
#133 = VECTOR ( 'NONE', #4946, 1000.000000000000000 ) ;
#134 = VERTEX_POINT ( 'NONE', #520 ) ;
#135 = DIRECTION ( 'NONE',  ( -1.000000000000000000, 0.000000000000000000, 0.000000000000000000 ) ) ;
#136 = ORIENTED_EDGE ( 'NONE', *, *, #4880, .F. ) ;
#137 = DIRECTION ( 'NONE',  ( 0.000000000000000000, 0.000000000000000000, -1.000000000000000000 ) ) ;
#138 = EDGE_CURVE ( 'NONE', #900, #5068, #5647, .T. ) ;
#139 = CARTESIAN_POINT ( 'NONE',  ( -45.00000000000000000, -28.39999999999999858, -15.50000000000000178 ) ) ;
#140 = DIRECTION ( 'NONE',  ( 0.7071067811865597852, 0.000000000000000000, -0.7071067811865352493 ) ) ;
#141 = EDGE_CURVE ( 'NONE', #337, #1581, #4725, .T. ) ;
#142 = CARTESIAN_POINT ( 'NONE',  ( 20.25000000000000000, 3.855012562893380235, -0.6999999999999998446 ) ) ;
#143 = VECTOR ( 'NONE', #4681, 1000.000000000000114 ) ;
#144 = ORIENTED_EDGE ( 'NONE', *, *, #2015, .F. ) ;
#145 = FACE_OUTER_BOUND ( 'NONE', #1221, .T. ) ;
#146 = CARTESIAN_POINT ( 'NONE',  ( 20.35000000000000853, 17.14999999999999147, -1.600000000000000089 ) ) ;
#147 = LINE ( 'NONE', #5310, #6378 ) ;
#148 = ORIENTED_EDGE ( 'NONE', *, *, #2983, .F. ) ;
#149 = CARTESIAN_POINT ( 'NONE',  ( -19.19999999999999574, -9.750000000000000000, -4.969999999999999751 ) ) ;
#150 = VECTOR ( 'NONE', #5208, 1000.000000000000000 ) ;
#151 = CARTESIAN_POINT ( 'NONE',  ( 45.00000000000000000, -25.99999999999999289, -2.000000000000000000 ) ) ;
#152 = EDGE_CURVE ( 'NONE', #4197, #1199, #5936, .T. ) ;
#153 = VECTOR ( 'NONE', #1728, 1000.000000000000000 ) ;
#154 = ORIENTED_EDGE ( 'NONE', *, *, #1305, .F. ) ;
#155 = CARTESIAN_POINT ( 'NONE',  ( 44.99999999999999289, -29.66000000000000014, -14.69999999999999929 ) ) ;
#156 = DIRECTION ( 'NONE',  ( 0.000000000000000000, 0.000000000000000000, 1.000000000000000000 ) ) ;
#157 = CIRCLE ( 'NONE', #3679, 4.600000000000006750 ) ;
#158 = DIRECTION ( 'NONE',  ( 0.000000000000000000, -0.000000000000000000, -1.000000000000000000 ) ) ;
#159 = EDGE_LOOP ( 'NONE', ( #42, #1966, #4009, #5845 ) ) ;
#160 = FACE_OUTER_BOUND ( 'NONE', #2494, .T. ) ;
#161 = DIRECTION ( 'NONE',  ( -0.000000000000000000, 1.000000000000000000, 0.000000000000000000 ) ) ;
#162 = AXIS2_PLACEMENT_3D ( 'NONE', #2823, #4832, #254 ) ;
#163 = AXIS2_PLACEMENT_3D ( 'NONE', #5451, #2299, #330 ) ;
#164 = ORIENTED_EDGE ( 'NONE', *, *, #189, .T. ) ;
#165 = CARTESIAN_POINT ( 'NONE',  ( 45.00000000000000000, -31.00000000000000000, -2.000000000000000000 ) ) ;
#166 = ORIENTED_EDGE ( 'NONE', *, *, #195, .F. ) ;
#167 = CYLINDRICAL_SURFACE ( 'NONE', #4830, 2.399999999999992362 ) ;
#168 = VECTOR ( 'NONE', #998, 1000.000000000000000 ) ;
#169 = VECTOR ( 'NONE', #5508, 1000.000000000000000 ) ;
#170 = ORIENTED_EDGE ( 'NONE', *, *, #4396, .F. ) ;
#171 = ADVANCED_FACE ( 'NONE', ( #2854 ), #2214, .T. ) ;
#172 = DIRECTION ( 'NONE',  ( 1.000000000000000000, 0.000000000000000000, 0.000000000000000000 ) ) ;
#173 = ORIENTED_EDGE ( 'NONE', *, *, #3493, .F. ) ;
#174 = CIRCLE ( 'NONE', #4351, 0.9999999999999974465 ) ;
#175 = CARTESIAN_POINT ( 'NONE',  ( 22.60000000000000142, -24.05000000000000071, -1.600000000000000755 ) ) ;
#176 = DIRECTION ( 'NONE',  ( -0.000000000000000000, 0.4999999999999998335, 0.8660254037844387076 ) ) ;
#177 = EDGE_CURVE ( 'NONE', #3276, #2730, #6343, .T. ) ;
#178 = FACE_OUTER_BOUND ( 'NONE', #6097, .T. ) ;
#179 = AXIS2_PLACEMENT_3D ( 'NONE', #76, #180, #2215 ) ;
#180 = DIRECTION ( 'NONE',  ( 0.000000000000000000, 0.000000000000000000, 1.000000000000000000 ) ) ;
#181 = ORIENTED_EDGE ( 'NONE', *, *, #626, .T. ) ;
#182 = LINE ( 'NONE', #6419, #3252 ) ;
#183 = DIRECTION ( 'NONE',  ( 0.000000000000000000, 0.000000000000000000, 1.000000000000000000 ) ) ;
#184 = DIRECTION ( 'NONE',  ( 1.000000000000000000, 0.000000000000000000, 0.000000000000000000 ) ) ;
#185 = ORIENTED_EDGE ( 'NONE', *, *, #2345, .T. ) ;
#186 = DIRECTION ( 'NONE',  ( 0.000000000000000000, 0.000000000000000000, 1.000000000000000000 ) ) ;
#187 = LINE ( 'NONE', #3193, #6129 ) ;
#188 = ORIENTED_EDGE ( 'NONE', *, *, #3483, .T. ) ;
#189 = EDGE_CURVE ( 'NONE', #8, #2723, #5369, .T. ) ;
#190 = DIRECTION ( 'NONE',  ( -1.000000000000000000, 0.000000000000000000, 0.000000000000000000 ) ) ;
#191 = LINE ( 'NONE', #2226, #2402 ) ;
#192 = DIRECTION ( 'NONE',  ( 1.000000000000000000, 0.000000000000000000, 0.000000000000000000 ) ) ;
#193 = FACE_OUTER_BOUND ( 'NONE', #2119, .T. ) ;
#194 = ORIENTED_EDGE ( 'NONE', *, *, #3470, .F. ) ;
#195 = EDGE_CURVE ( 'NONE', #4532, #3245, #1712, .T. ) ;
#196 = CARTESIAN_POINT ( 'NONE',  ( 37.75000000000000000, 18.14498743710661444, -0.6999999999999998446 ) ) ;
#197 = EDGE_CURVE ( 'NONE', #2232, #5488, #1248, .T. ) ;
#198 = DIRECTION ( 'NONE',  ( -0.000000000000000000, 0.000000000000000000, 1.000000000000000000 ) ) ;
#199 = VERTEX_POINT ( 'NONE', #3289 ) ;
#200 = CARTESIAN_POINT ( 'NONE',  ( 19.35000000000000142, 17.14999999999999858, -0.6999999999999998446 ) ) ;
#201 = ORIENTED_EDGE ( 'NONE', *, *, #4262, .F. ) ;
#202 = PLANE ( 'NONE',  #1519 ) ;
#203 = EDGE_CURVE ( 'NONE', #229, #5548, #5303, .T. ) ;
#204 = ORIENTED_EDGE ( 'NONE', *, *, #1567, .T. ) ;
#205 = DIRECTION ( 'NONE',  ( -0.000000000000000000, -0.000000000000000000, -1.000000000000000000 ) ) ;
#206 = ORIENTED_EDGE ( 'NONE', *, *, #5127, .T. ) ;
#207 = LINE ( 'NONE', #3828, #3870 ) ;
#208 = DIRECTION ( 'NONE',  ( 1.000000000000000000, 0.000000000000000000, 0.000000000000000000 ) ) ;
#209 = EDGE_CURVE ( 'NONE', #461, #4812, #4904, .T. ) ;
#210 = PLANE ( 'NONE',  #4431 ) ;
#211 = ADVANCED_FACE ( 'NONE', ( #178 ), #1543, .F. ) ;
#212 = CARTESIAN_POINT ( 'NONE',  ( 44.99999999999999289, -29.16000000000000725, -15.50000000000000178 ) ) ;
#213 = ORIENTED_EDGE ( 'NONE', *, *, #1333, .T. ) ;
#214 = EDGE_LOOP ( 'NONE', ( #6618, #4996, #2182, #4363 ) ) ;
#215 = LINE ( 'NONE', #1816, #2188 ) ;
#216 = DIRECTION ( 'NONE',  ( 0.000000000000000000, 0.000000000000000000, 1.000000000000000000 ) ) ;
#217 = DIRECTION ( 'NONE',  ( 1.000000000000000000, 0.000000000000000000, 0.000000000000000000 ) ) ;
#218 = EDGE_LOOP ( 'NONE', ( #6200, #1849, #3671, #529 ) ) ;
#219 = LINE ( 'NONE', #6289, #1563 ) ;
#220 = LINE ( 'NONE', #2697, #126 ) ;
#221 = VERTEX_POINT ( 'NONE', #1313 ) ;
#222 = ADVANCED_FACE ( 'NONE', ( #251 ), #2751, .T. ) ;
#223 = LINE ( 'NONE', #1286, #2314 ) ;
#224 = AXIS2_PLACEMENT_3D ( 'NONE', #907, #2908, #6611 ) ;
#225 = DIRECTION ( 'NONE',  ( 0.000000000000000000, 0.2982749931359470752, 0.9544799780350295970 ) ) ;
#226 = DIRECTION ( 'NONE',  ( -1.000000000000000000, 0.000000000000000000, 0.000000000000000000 ) ) ;
#227 = ADVANCED_FACE ( 'NONE', ( #2279 ), #210, .T. ) ;
#228 = DIRECTION ( 'NONE',  ( 0.000000000000000000, -1.000000000000000000, 0.000000000000000000 ) ) ;
#229 = VERTEX_POINT ( 'NONE', #3758 ) ;
#230 = EDGE_CURVE ( 'NONE', #5737, #1380, #5876, .T. ) ;
#231 = VECTOR ( 'NONE', #2076, 1000.000000000000000 ) ;
#232 = DIRECTION ( 'NONE',  ( 0.000000000000000000, 1.000000000000000000, 0.000000000000000000 ) ) ;
#233 = PLANE ( 'NONE',  #4635 ) ;
#234 = AXIS2_PLACEMENT_3D ( 'NONE', #4607, #4672, #1497 ) ;
#235 = EDGE_CURVE ( 'NONE', #3972, #2645, #2242, .T. ) ;
#236 = ORIENTED_EDGE ( 'NONE', *, *, #639, .F. ) ;
#237 = AXIS2_PLACEMENT_3D ( 'NONE', #3595, #3649, #5674 ) ;
#238 = DIRECTION ( 'NONE',  ( -1.000000000000000000, 0.000000000000000000, 0.000000000000000000 ) ) ;
#239 = EDGE_LOOP ( 'NONE', ( #4140, #4133, #1599, #3825 ) ) ;
#240 = ADVANCED_FACE ( 'NONE', ( #3321 ), #778, .T. ) ;
#241 = CARTESIAN_POINT ( 'NONE',  ( 21.39999999999999858, -24.05000000000000071, -1.600000000000000089 ) ) ;
#242 = EDGE_CURVE ( 'NONE', #820, #5733, #676, .T. ) ;
#243 = VECTOR ( 'NONE', #634, 1000.000000000000000 ) ;
#244 = AXIS2_PLACEMENT_3D ( 'NONE', #5037, #1020, #452 ) ;
#245 = ORIENTED_EDGE ( 'NONE', *, *, #6389, .T. ) ;
#246 = DIRECTION ( 'NONE',  ( 0.000000000000000000, -0.000000000000000000, -1.000000000000000000 ) ) ;
#247 = ORIENTED_EDGE ( 'NONE', *, *, #4752, .T. ) ;
#248 = CARTESIAN_POINT ( 'NONE',  ( -45.00000000000000000, -25.99999999999999645, 0.000000000000000000 ) ) ;
#249 = CIRCLE ( 'NONE', #1094, 3.659999999999989484 ) ;
#250 = DIRECTION ( 'NONE',  ( -0.000000000000000000, -0.000000000000000000, -1.000000000000000000 ) ) ;
#251 = FACE_OUTER_BOUND ( 'NONE', #3884, .T. ) ;
#252 = DIRECTION ( 'NONE',  ( 0.000000000000000000, -0.7071067811865451302, 0.7071067811865500152 ) ) ;
#253 = EDGE_LOOP ( 'NONE', ( #4648, #6040, #2520, #6026 ) ) ;
#254 = DIRECTION ( 'NONE',  ( 0.000000000000000000, 0.000000000000000000, 1.000000000000000000 ) ) ;
#255 = CARTESIAN_POINT ( 'NONE',  ( 45.50000000000000000, -14.00000000000000000, -16.39999999999999858 ) ) ;
#256 = CARTESIAN_POINT ( 'NONE',  ( -46.80000000000000426, 1.114999999999996660, -8.304999999999999716 ) ) ;
#257 = DIRECTION ( 'NONE',  ( 0.000000000000000000, 0.000000000000000000, -1.000000000000000000 ) ) ;
#258 = DIRECTION ( 'NONE',  ( 0.000000000000000000, -0.000000000000000000, -1.000000000000000000 ) ) ;
#259 = VERTEX_POINT ( 'NONE', #6416 ) ;
#260 = VECTOR ( 'NONE', #6031, 1000.000000000000000 ) ;
#261 = CARTESIAN_POINT ( 'NONE',  ( -18.89999999999999503, -26.20000000000000284, -1.600000000000000089 ) ) ;
#262 = DIRECTION ( 'NONE',  ( -0.000000000000000000, -0.000000000000000000, 1.000000000000000000 ) ) ;
#263 = LINE ( 'NONE', #2398, #5577 ) ;
#264 = EDGE_CURVE ( 'NONE', #6487, #4643, #1216, .T. ) ;
#265 = CYLINDRICAL_SURFACE ( 'NONE', #3480, 2.399999999999992362 ) ;
#266 = VECTOR ( 'NONE', #2624, 1000.000000000000000 ) ;
#267 = ORIENTED_EDGE ( 'NONE', *, *, #5455, .T. ) ;
#268 = PLANE ( 'NONE',  #3330 ) ;
#269 = DIRECTION ( 'NONE',  ( 1.000000000000000000, 0.000000000000000000, 0.000000000000000000 ) ) ;
#270 = EDGE_LOOP ( 'NONE', ( #2836, #3237, #5747, #2966 ) ) ;
#271 = VECTOR ( 'NONE', #3196, 1000.000000000000000 ) ;
#272 = ORIENTED_EDGE ( 'NONE', *, *, #5934, .F. ) ;
#273 = DIRECTION ( 'NONE',  ( 0.000000000000000000, 0.000000000000000000, 1.000000000000000000 ) ) ;
#274 = ORIENTED_EDGE ( 'NONE', *, *, #1490, .T. ) ;
#275 = LINE ( 'NONE', #1768, #6131 ) ;
#276 = AXIS2_PLACEMENT_3D ( 'NONE', #4535, #6084, #952 ) ;
#277 = VECTOR ( 'NONE', #1811, 1000.000000000000000 ) ;
#278 = ORIENTED_EDGE ( 'NONE', *, *, #4968, .F. ) ;
#279 = AXIS2_PLACEMENT_3D ( 'NONE', #5796, #5290, #3312 ) ;
#280 = CARTESIAN_POINT ( 'NONE',  ( -45.00000000000000000, -25.99999999999999645, -2.000000000000000000 ) ) ;
#281 = VECTOR ( 'NONE', #721, 1000.000000000000000 ) ;
#282 = ORIENTED_EDGE ( 'NONE', *, *, #4027, .F. ) ;
#283 = CARTESIAN_POINT ( 'NONE',  ( 42.00000000000000000, -29.80000000000000071, -11.19999999999999929 ) ) ;
#284 = DIRECTION ( 'NONE',  ( 0.000000000000000000, 1.000000000000000000, 0.000000000000000000 ) ) ;
#285 = DIRECTION ( 'NONE',  ( 0.000000000000000000, 0.000000000000000000, -1.000000000000000000 ) ) ;
#286 = AXIS2_PLACEMENT_3D ( 'NONE', #2604, #61, #2096 ) ;
#287 = VECTOR ( 'NONE', #190, 1000.000000000000000 ) ;
#288 = ORIENTED_EDGE ( 'NONE', *, *, #2272, .F. ) ;
#289 = VERTEX_POINT ( 'NONE', #5909 ) ;
#290 = CARTESIAN_POINT ( 'NONE',  ( 37.75000000000000000, 4.749999999999999112, -2.000000000000000000 ) ) ;
#291 = CARTESIAN_POINT ( 'NONE',  ( -48.00000000000000000, 5.289999999999997371, -12.06999999999999851 ) ) ;
#292 = PLANE ( 'NONE',  #595 ) ;
#293 = DIRECTION ( 'NONE',  ( -1.000000000000000000, 0.000000000000000000, 0.000000000000000000 ) ) ;
#294 = VECTOR ( 'NONE', #357, 1000.000000000000000 ) ;
#295 = ORIENTED_EDGE ( 'NONE', *, *, #2992, .F. ) ;
#296 = CARTESIAN_POINT ( 'NONE',  ( -47.39999999999999858, 1.114999999999996660, -8.955000000000000071 ) ) ;
#297 = FACE_OUTER_BOUND ( 'NONE', #3751, .T. ) ;
#298 = CARTESIAN_POINT ( 'NONE',  ( -48.00000000000000000, -12.05000000000000249, -8.400000000000000355 ) ) ;
#299 = CARTESIAN_POINT ( 'NONE',  ( 45.00000000000000000, -25.99999999999999289, -13.00000000000000178 ) ) ;
#300 = ORIENTED_EDGE ( 'NONE', *, *, #5583, .F. ) ;
#301 = CARTESIAN_POINT ( 'NONE',  ( -39.91000000000001080, -6.033760430703402733, 0.000000000000000000 ) ) ;
#302 = CARTESIAN_POINT ( 'NONE',  ( 37.65000000000000568, 17.14999999999999858, -0.6999999999999998446 ) ) ;
#303 = EDGE_CURVE ( 'NONE', #1842, #3170, #5405, .T. ) ;
#304 = EDGE_LOOP ( 'NONE', ( #4608, #2383, #5253, #1476 ) ) ;
#305 = ORIENTED_EDGE ( 'NONE', *, *, #523, .F. ) ;
#306 = DIRECTION ( 'NONE',  ( 0.000000000000000000, 0.000000000000000000, 1.000000000000000000 ) ) ;
#307 = EDGE_LOOP ( 'NONE', ( #2449, #5446, #81, #382 ) ) ;
#308 = CARTESIAN_POINT ( 'NONE',  ( 47.39999999999999858, -26.00000000000000355, -15.50000000000000178 ) ) ;
#309 = ADVANCED_FACE ( 'NONE', ( #5269 ), #968, .F. ) ;
#310 = ORIENTED_EDGE ( 'NONE', *, *, #5859, .T. ) ;
#311 = CARTESIAN_POINT ( 'NONE',  ( 17.44999999999999929, 20.05000000000000071, -1.600000000000000089 ) ) ;
#312 = ORIENTED_EDGE ( 'NONE', *, *, #1871, .F. ) ;
#313 = CARTESIAN_POINT ( 'NONE',  ( -46.80000000000000426, -15.90000000000000036, -8.250000000000000000 ) ) ;
#314 = EDGE_CURVE ( 'NONE', #5098, #3128, #6071, .T. ) ;
#315 = FACE_OUTER_BOUND ( 'NONE', #4445, .T. ) ;
#316 = EDGE_CURVE ( 'NONE', #6145, #2274, #3544, .T. ) ;
#317 = DIRECTION ( 'NONE',  ( -1.000000000000000000, 0.000000000000000000, 0.000000000000000000 ) ) ;
#318 = VERTEX_POINT ( 'NONE', #5596 ) ;
#320 = ORIENTED_EDGE ( 'NONE', *, *, #3073, .T. ) ;
#319 = EDGE_CURVE ( 'NONE', #2920, #1541, #65, .T. ) ;
#321 = CARTESIAN_POINT ( 'NONE',  ( 3.699999999999997513, 27.09999999999999787, -7.500000000000000888 ) ) ;
#322 = LINE ( 'NONE', #2391, #3543 ) ;
#323 = PLANE ( 'NONE',  #4556 ) ;
#324 = EDGE_CURVE ( 'NONE', #2659, #582, #3611, .T. ) ;
#325 = CARTESIAN_POINT ( 'NONE',  ( -48.00000000000000000, 4.089999999999996305, -10.86999999999999744 ) ) ;
#326 = ORIENTED_EDGE ( 'NONE', *, *, #2067, .F. ) ;
#327 = DIRECTION ( 'NONE',  ( -1.000000000000000000, 0.000000000000000000, 0.000000000000000000 ) ) ;
#328 = DIRECTION ( 'NONE',  ( 0.000000000000000000, 1.000000000000000000, 0.000000000000000000 ) ) ;
#329 = DIRECTION ( 'NONE',  ( 0.000000000000000000, 0.000000000000000000, 1.000000000000000000 ) ) ;
#330 = DIRECTION ( 'NONE',  ( 0.000000000000000000, 0.000000000000000000, -1.000000000000000000 ) ) ;
#331 = ORIENTED_EDGE ( 'NONE', *, *, #2513, .F. ) ;
#332 = FACE_OUTER_BOUND ( 'NONE', #5866, .T. ) ;
#333 = DIRECTION ( 'NONE',  ( -1.000000000000000000, 0.000000000000000000, 0.000000000000000000 ) ) ;
#334 = ORIENTED_EDGE ( 'NONE', *, *, #6316, .T. ) ;
#335 = ORIENTED_EDGE ( 'NONE', *, *, #3378, .F. ) ;
#336 = CARTESIAN_POINT ( 'NONE',  ( 45.00000000000000711, -26.00000000000002132, -15.50000000000000178 ) ) ;
#337 = VERTEX_POINT ( 'NONE', #5663 ) ;
#338 = DIRECTION ( 'NONE',  ( 0.000000000000000000, 0.000000000000000000, -1.000000000000000000 ) ) ;
#339 = AXIS2_PLACEMENT_3D ( 'NONE', #5570, #1986, #5034 ) ;
#340 = VERTEX_POINT ( 'NONE', #5529 ) ;
#341 = DIRECTION ( 'NONE',  ( -1.000000000000000000, 0.000000000000000000, 0.000000000000000000 ) ) ;
#342 = ORIENTED_EDGE ( 'NONE', *, *, #3675, .T. ) ;
#343 = VECTOR ( 'NONE', #1961, 1000.000000000000000 ) ;
#344 = DIRECTION ( 'NONE',  ( 1.000000000000000000, 0.000000000000000000, 0.000000000000000000 ) ) ;
#345 = EDGE_CURVE ( 'NONE', #840, #6431, #6171, .T. ) ;
#346 = ORIENTED_EDGE ( 'NONE', *, *, #3287, .F. ) ;
#347 = LINE ( 'NONE', #3288, #2932 ) ;
#348 = EDGE_LOOP ( 'NONE', ( #4561, #4273, #6537, #3399 ) ) ;
#349 = VECTOR ( 'NONE', #6436, 1000.000000000000000 ) ;
#350 = ORIENTED_EDGE ( 'NONE', *, *, #4657, .F. ) ;
#351 = LINE ( 'NONE', #3422, #3368 ) ;
#352 = DIRECTION ( 'NONE',  ( 0.000000000000000000, 0.000000000000000000, -1.000000000000000000 ) ) ;
#353 = DIRECTION ( 'NONE',  ( 1.000000000000000000, 0.000000000000000000, 0.000000000000000000 ) ) ;
#354 = EDGE_CURVE ( 'NONE', #3143, #722, #435, .T. ) ;
#355 = ORIENTED_EDGE ( 'NONE', *, *, #5252, .F. ) ;
#356 = VECTOR ( 'NONE', #1623, 1000.000000000000000 ) ;
#357 = DIRECTION ( 'NONE',  ( -1.000000000000000000, 0.000000000000000000, 0.000000000000000000 ) ) ;
#358 = LINE ( 'NONE', #2397, #1753 ) ;
#359 = CARTESIAN_POINT ( 'NONE',  ( -45.00000000000000000, -25.99999999999999645, -13.00000000000000178 ) ) ;
#360 = CARTESIAN_POINT ( 'NONE',  ( -17.89999999999999503, -26.20000000000000284, -4.969999999999999751 ) ) ;
#361 = ORIENTED_EDGE ( 'NONE', *, *, #1418, .T. ) ;
#362 = DIRECTION ( 'NONE',  ( 1.000000000000000000, 0.000000000000000000, 0.000000000000000000 ) ) ;
#363 = LINE ( 'NONE', #3406, #2167 ) ;
#364 = ORIENTED_EDGE ( 'NONE', *, *, #1312, .T. ) ;
#365 = AXIS2_PLACEMENT_3D ( 'NONE', #795, #1399, #4449 ) ;
#366 = VERTEX_POINT ( 'NONE', #6104 ) ;
#367 = DIRECTION ( 'NONE',  ( 0.000000000000000000, 0.000000000000000000, 1.000000000000000000 ) ) ;
#368 = ORIENTED_EDGE ( 'NONE', *, *, #6203, .F. ) ;
#369 = DIRECTION ( 'NONE',  ( 1.000000000000000000, 0.000000000000000000, 0.000000000000000000 ) ) ;
#370 = AXIS2_PLACEMENT_3D ( 'NONE', #5527, #369, #338 ) ;
#371 = ORIENTED_EDGE ( 'NONE', *, *, #3483, .F. ) ;
#372 = CARTESIAN_POINT ( 'NONE',  ( -48.00000000000000000, -13.25000000000000000, -2.399999999999999911 ) ) ;
#373 = VERTEX_POINT ( 'NONE', #5092 ) ;
#374 = DIRECTION ( 'NONE',  ( 0.000000000000000000, 0.000000000000000000, -1.000000000000000000 ) ) ;
#375 = ORIENTED_EDGE ( 'NONE', *, *, #5887, .F. ) ;
#376 = AXIS2_PLACEMENT_3D ( 'NONE', #1279, #3396, #3295 ) ;
#377 = VECTOR ( 'NONE', #5774, 1000.000000000000000 ) ;
#378 = CARTESIAN_POINT ( 'NONE',  ( -43.19999999999999574, -28.39999999999999858, -4.969999999999999751 ) ) ;
#379 = EDGE_CURVE ( 'NONE', #5117, #1271, #508, .T. ) ;
#380 = AXIS2_PLACEMENT_3D ( 'NONE', #4420, #2471, #2904 ) ;
#381 = AXIS2_PLACEMENT_3D ( 'NONE', #6287, #3222, #3730 ) ;
#382 = ORIENTED_EDGE ( 'NONE', *, *, #6580, .T. ) ;
#383 = ORIENTED_EDGE ( 'NONE', *, *, #2552, .T. ) ;
#384 = DIRECTION ( 'NONE',  ( 1.000000000000000000, 0.000000000000000000, -0.000000000000000000 ) ) ;
#385 = CARTESIAN_POINT ( 'NONE',  ( -48.00000000000000000, -12.05000000000000249, -3.600000000000000533 ) ) ;
#386 = CARTESIAN_POINT ( 'NONE',  ( 45.00000000000000000, 30.60000000000000142, -13.00000000000000178 ) ) ;
#387 = VECTOR ( 'NONE', #531, 1000.000000000000000 ) ;
#388 = VERTEX_POINT ( 'NONE', #3074 ) ;
#389 = LINE ( 'NONE', #14, #5745 ) ;
#390 = DIRECTION ( 'NONE',  ( 0.000000000000000000, -1.000000000000000000, 0.000000000000000000 ) ) ;
#391 = LINE ( 'NONE', #525, #6560 ) ;
#392 = DIRECTION ( 'NONE',  ( 1.000000000000000000, 0.000000000000000000, 0.000000000000000000 ) ) ;
#393 = ORIENTED_EDGE ( 'NONE', *, *, #522, .T. ) ;
#394 = AXIS2_PLACEMENT_3D ( 'NONE', #4377, #3839, #856 ) ;
#395 = EDGE_CURVE ( 'NONE', #1815, #910, #2066, .T. ) ;
#396 = DIRECTION ( 'NONE',  ( 0.000000000000000000, 0.000000000000000000, 1.000000000000000000 ) ) ;
#397 = ORIENTED_EDGE ( 'NONE', *, *, #2062, .F. ) ;
#398 = LINE ( 'NONE', #896, #5180 ) ;
#399 = VERTEX_POINT ( 'NONE', #4589 ) ;
#400 = EDGE_LOOP ( 'NONE', ( #5167, #335, #6194, #4177 ) ) ;
#401 = DIRECTION ( 'NONE',  ( 0.000000000000000000, 1.000000000000000000, 0.000000000000000000 ) ) ;
#402 = ORIENTED_EDGE ( 'NONE', *, *, #4799, .T. ) ;
#403 = EDGE_CURVE ( 'NONE', #3959, #2939, #2969, .T. ) ;
#404 = CARTESIAN_POINT ( 'NONE',  ( -45.00000000000000000, 28.40000000000000568, -15.50000000000000178 ) ) ;
#405 = EDGE_CURVE ( 'NONE', #2123, #4988, #5024, .T. ) ;
#406 = EDGE_LOOP ( 'NONE', ( #1261, #6087, #5656, #5289, #37, #3979, #1527, #2370 ) ) ;
#407 = CARTESIAN_POINT ( 'NONE',  ( 26.00000000000000355, 5.999999999999991118, 0.000000000000000000 ) ) ;
#408 = VERTEX_POINT ( 'NONE', #2034 ) ;
#409 = CARTESIAN_POINT ( 'NONE',  ( 20.35000000000000497, 3.849999999999999645, -1.600000000000000089 ) ) ;
#410 = EDGE_CURVE ( 'NONE', #5519, #3753, #2065, .T. ) ;
#411 = ORIENTED_EDGE ( 'NONE', *, *, #2104, .T. ) ;
#412 = DIRECTION ( 'NONE',  ( 1.000000000000000000, 0.000000000000000000, 0.000000000000000000 ) ) ;
#413 = VERTEX_POINT ( 'NONE', #3003 ) ;
#414 = ORIENTED_EDGE ( 'NONE', *, *, #4360, .T. ) ;
#415 = LINE ( 'NONE', #1459, #4112 ) ;
#416 = DIRECTION ( 'NONE',  ( -1.000000000000000000, 0.000000000000000000, 0.000000000000000000 ) ) ;
#417 = DIRECTION ( 'NONE',  ( 0.000000000000000000, 0.000000000000000000, 1.000000000000000000 ) ) ;
#418 = EDGE_CURVE ( 'NONE', #88, #2542, #3515, .T. ) ;
#419 = EDGE_LOOP ( 'NONE', ( #5666, #3861, #2059, #3600 ) ) ;
#420 = LINE ( 'NONE', #4097, #1359 ) ;
#421 = PLANE ( 'NONE',  #1445 ) ;
#422 = DIRECTION ( 'NONE',  ( -0.000000000000000000, -0.000000000000000000, 1.000000000000000000 ) ) ;
#423 = DIRECTION ( 'NONE',  ( -0.000000000000000000, -0.000000000000000000, -1.000000000000000000 ) ) ;
#424 = ORIENTED_EDGE ( 'NONE', *, *, #3957, .T. ) ;
#425 = EDGE_CURVE ( 'NONE', #5016, #5581, #5559, .T. ) ;
#426 = ADVANCED_FACE ( 'NONE', ( #1064 ), #1537, .F. ) ;
#427 = CARTESIAN_POINT ( 'NONE',  ( -45.00000000000000000, 28.99999999999999645, -2.000000000000000000 ) ) ;
#428 = ORIENTED_EDGE ( 'NONE', *, *, #1775, .F. ) ;
#429 = DIRECTION ( 'NONE',  ( 0.000000000000000000, 0.000000000000000000, 1.000000000000000000 ) ) ;
#430 = CARTESIAN_POINT ( 'NONE',  ( 45.50000000000000000, -22.00000000000000000, -16.39999999999999858 ) ) ;
#431 = ORIENTED_EDGE ( 'NONE', *, *, #5385, .T. ) ;
#432 = EDGE_CURVE ( 'NONE', #2111, #2704, #6569, .T. ) ;
#433 = LINE ( 'NONE', #2411, #4117 ) ;
#434 = VERTEX_POINT ( 'NONE', #2511 ) ;
#435 = LINE ( 'NONE', #2609, #4965 ) ;
#436 = EDGE_CURVE ( 'NONE', #1042, #1016, #6609, .T. ) ;
#437 = ORIENTED_EDGE ( 'NONE', *, *, #6030, .F. ) ;
#438 = CARTESIAN_POINT ( 'NONE',  ( -45.00000000000000000, 31.00000000000000000, -12.60000000000001741 ) ) ;
#439 = ORIENTED_EDGE ( 'NONE', *, *, #1572, .F. ) ;
#440 = DIRECTION ( 'NONE',  ( -0.000000000000000000, -0.7071067811865475727, -0.7071067811865475727 ) ) ;
#441 = ORIENTED_EDGE ( 'NONE', *, *, #123, .F. ) ;
#442 = DIRECTION ( 'NONE',  ( 0.000000000000000000, 1.000000000000000000, 0.000000000000000000 ) ) ;
#443 = ADVANCED_FACE ( 'NONE', ( #6297 ), #3137, .F. ) ;
#444 = VECTOR ( 'NONE', #5706, 1000.000000000000000 ) ;
#445 = ORIENTED_EDGE ( 'NONE', *, *, #1987, .F. ) ;
#446 = VECTOR ( 'NONE', #585, 1000.000000000000000 ) ;
#447 = ORIENTED_EDGE ( 'NONE', *, *, #2769, .T. ) ;
#448 = DIRECTION ( 'NONE',  ( -1.000000000000000000, 0.000000000000000000, 0.000000000000000000 ) ) ;
#449 = PLANE ( 'NONE',  #4827 ) ;
#450 = VECTOR ( 'NONE', #2951, 1000.000000000000000 ) ;
#451 = CARTESIAN_POINT ( 'NONE',  ( 34.00000000000000000, -29.80000000000000071, -11.19999999999999929 ) ) ;
#452 = DIRECTION ( 'NONE',  ( -1.000000000000000000, 0.000000000000000000, 0.000000000000000000 ) ) ;
#453 = CARTESIAN_POINT ( 'NONE',  ( -39.90999999999999659, 26.28999999999999559, -1.600000000000001199 ) ) ;
#454 = VECTOR ( 'NONE', #2943, 1000.000000000000000 ) ;
#455 = DIRECTION ( 'NONE',  ( 0.000000000000000000, -1.000000000000000000, 0.000000000000000000 ) ) ;
#456 = CARTESIAN_POINT ( 'NONE',  ( -45.00000000000000000, -28.39999999999999858, -1.600000000000000755 ) ) ;
#457 = DIRECTION ( 'NONE',  ( 1.000000000000000000, -2.081668171172166541E-15, 0.000000000000000000 ) ) ;
#458 = VERTEX_POINT ( 'NONE', #3673 ) ;
#459 = VECTOR ( 'NONE', #1525, 1000.000000000000000 ) ;
#460 = LINE ( 'NONE', #2567, #4824 ) ;
#461 = VERTEX_POINT ( 'NONE', #4175 ) ;
#462 = DIRECTION ( 'NONE',  ( -0.7071067811865452413, 0.000000000000000000, 0.7071067811865497932 ) ) ;
#463 = EDGE_CURVE ( 'NONE', #4043, #5429, #5793, .T. ) ;
#464 = CARTESIAN_POINT ( 'NONE',  ( -17.89999999999999503, -10.89999999999999858, -1.600000000000000089 ) ) ;
#465 = DIRECTION ( 'NONE',  ( -0.000000000000000000, -0.000000000000000000, 1.000000000000000000 ) ) ;
#466 = VERTEX_POINT ( 'NONE', #4320 ) ;
#467 = DIRECTION ( 'NONE',  ( -0.7071067811865440200, -1.226634733346687872E-15, 0.7071067811865511255 ) ) ;
#468 = VECTOR ( 'NONE', #3743, 1000.000000000000000 ) ;
#469 = VERTEX_POINT ( 'NONE', #3202 ) ;
#470 = DIRECTION ( 'NONE',  ( 0.000000000000000000, 0.000000000000000000, 1.000000000000000000 ) ) ;
#471 = ORIENTED_EDGE ( 'NONE', *, *, #103, .T. ) ;
#472 = LINE ( 'NONE', #1379, #1629 ) ;
#473 = ORIENTED_EDGE ( 'NONE', *, *, #2074, .T. ) ;
#474 = VECTOR ( 'NONE', #1616, 1000.000000000000000 ) ;
#475 = DIRECTION ( 'NONE',  ( 0.000000000000000000, 0.000000000000000000, 1.000000000000000000 ) ) ;
#476 = VECTOR ( 'NONE', #4522, 1000.000000000000000 ) ;
#477 = ADVANCED_FACE ( 'NONE', ( #5729 ), #3173, .F. ) ;
#478 = ORIENTED_EDGE ( 'NONE', *, *, #4264, .T. ) ;
#479 = CONICAL_SURFACE ( 'NONE', #1544, 3.909999999999996589, 0.3028848683749718051 ) ;
#480 = VECTOR ( 'NONE', #4192, 1000.000000000000227 ) ;
#481 = ORIENTED_EDGE ( 'NONE', *, *, #513, .F. ) ;
#482 = CYLINDRICAL_SURFACE ( 'NONE', #4014, 1.199999999999999734 ) ;
#483 = DIRECTION ( 'NONE',  ( 0.000000000000000000, 0.000000000000000000, 1.000000000000000000 ) ) ;
#484 = EDGE_CURVE ( 'NONE', #3705, #785, #5192, .T. ) ;
#485 = DIRECTION ( 'NONE',  ( -1.000000000000000000, 0.000000000000000000, 0.000000000000000000 ) ) ;
#486 = ORIENTED_EDGE ( 'NONE', *, *, #2381, .F. ) ;
#487 = CIRCLE ( 'NONE', #6590, 2.250000000000000444 ) ;
#488 = VECTOR ( 'NONE', #2499, 1000.000000000000000 ) ;
#489 = LINE ( 'NONE', #5110, #5102 ) ;
#490 = PRODUCT_DEFINITION_SHAPE ( 'NONE', 'NONE',  #6440 ) ;
#491 = DIRECTION ( 'NONE',  ( 0.9544799780350297080, 0.000000000000000000, -0.2982749931359471862 ) ) ;
#492 = DIRECTION ( 'NONE',  ( 0.000000000000000000, 0.000000000000000000, 1.000000000000000000 ) ) ;
#493 = VECTOR ( 'NONE', #4789, 1000.000000000000000 ) ;
#494 = DIRECTION ( 'NONE',  ( -0.000000000000000000, 0.000000000000000000, 1.000000000000000000 ) ) ;
#495 = ORIENTED_EDGE ( 'NONE', *, *, #5397, .F. ) ;
#496 = VECTOR ( 'NONE', #4107, 1000.000000000000000 ) ;
#497 = EDGE_CURVE ( 'NONE', #4067, #3294, #6231, .T. ) ;
#498 = FACE_OUTER_BOUND ( 'NONE', #2901, .T. ) ;
#499 = VERTEX_POINT ( 'NONE', #6264 ) ;
#500 = CARTESIAN_POINT ( 'NONE',  ( 24.00000000000000000, 9.000000000000001776, -1.000000000000014433 ) ) ;
#501 = VECTOR ( 'NONE', #2919, 1000.000000000000000 ) ;
#502 = VECTOR ( 'NONE', #5380, 1000.000000000000000 ) ;
#503 = DIRECTION ( 'NONE',  ( 0.000000000000000000, -1.000000000000000000, 0.000000000000000000 ) ) ;
#504 = LINE ( 'NONE', #1570, #4450 ) ;
#505 = ORIENTED_EDGE ( 'NONE', *, *, #4953, .F. ) ;
#506 = EDGE_CURVE ( 'NONE', #1412, #1604, #41, .T. ) ;
#507 = AXIS2_PLACEMENT_3D ( 'NONE', #3726, #5210, #3599 ) ;
#508 = LINE ( 'NONE', #2574, #5822 ) ;
#509 = ORIENTED_EDGE ( 'NONE', *, *, #1203, .F. ) ;
#510 = EDGE_LOOP ( 'NONE', ( #5021, #4931, #2933, #4656 ) ) ;
#511 = CYLINDRICAL_SURFACE ( 'NONE', #1087, 1.000000000000007772 ) ;
#512 = ORIENTED_EDGE ( 'NONE', *, *, #6320, .F. ) ;
#513 = EDGE_CURVE ( 'NONE', #1278, #340, #1439, .T. ) ;
#514 = CARTESIAN_POINT ( 'NONE',  ( 37.65000000000001279, 4.849999999999993427, -0.6999999999999998446 ) ) ;
#515 = ORIENTED_EDGE ( 'NONE', *, *, #4000, .F. ) ;
#516 = CARTESIAN_POINT ( 'NONE',  ( -19.19999999999999574, -27.35000000000000142, -4.969999999999999751 ) ) ;
#517 = DIRECTION ( 'NONE',  ( -1.000000000000000000, 0.000000000000000000, 0.000000000000000000 ) ) ;
#518 = EDGE_CURVE ( 'NONE', #3337, #4257, #1669, .T. ) ;
#519 = FACE_BOUND ( 'NONE', #4031, .T. ) ;
#520 = CARTESIAN_POINT ( 'NONE',  ( 44.99999999999999289, 29.66000000000000369, -15.00000000000000178 ) ) ;
#521 = LINE ( 'NONE', #3529, #1675 ) ;
#522 = EDGE_CURVE ( 'NONE', #5505, #1772, #2231, .T. ) ;
#523 = EDGE_CURVE ( 'NONE', #4201, #4712, #1637, .T. ) ;
#524 = FACE_OUTER_BOUND ( 'NONE', #2883, .T. ) ;
#525 = CARTESIAN_POINT ( 'NONE',  ( 21.39999999999999858, -12.05000000000000249, -1.600000000000000089 ) ) ;
#526 = FACE_OUTER_BOUND ( 'NONE', #5276, .T. ) ;
#527 = VERTEX_POINT ( 'NONE', #5251 ) ;
#528 = LINE ( 'NONE', #2058, #1079 ) ;
#529 = ORIENTED_EDGE ( 'NONE', *, *, #1211, .F. ) ;
#530 = DIRECTION ( 'NONE',  ( 0.000000000000000000, 0.000000000000000000, 1.000000000000000000 ) ) ;
#531 = DIRECTION ( 'NONE',  ( -1.000000000000000000, 0.000000000000000000, 0.000000000000000000 ) ) ;
#532 = CARTESIAN_POINT ( 'NONE',  ( 45.00000000000000711, 26.00000000000002132, -15.00000000000000178 ) ) ;
#533 = EDGE_LOOP ( 'NONE', ( #204, #2778, #1625, #5459 ) ) ;
#534 = DIRECTION ( 'NONE',  ( 0.2982749931359470752, 0.000000000000000000, 0.9544799780350295970 ) ) ;
#535 = ORIENTED_EDGE ( 'NONE', *, *, #518, .T. ) ;
#536 = DIRECTION ( 'NONE',  ( 1.000000000000000000, 0.000000000000000000, 0.000000000000000000 ) ) ;
#537 = ORIENTED_EDGE ( 'NONE', *, *, #6383, .F. ) ;
#538 = DIRECTION ( 'NONE',  ( 0.7071067811865352493, 0.000000000000000000, -0.7071067811865597852 ) ) ;
#539 = ORIENTED_EDGE ( 'NONE', *, *, #5, .T. ) ;
#540 = EDGE_CURVE ( 'NONE', #722, #6397, #2770, .T. ) ;
#541 = CARTESIAN_POINT ( 'NONE',  ( 18.64999999999999858, 18.85000000000000142, -4.200000000000000178 ) ) ;
#542 = ORIENTED_EDGE ( 'NONE', *, *, #4472, .F. ) ;
#543 = DIRECTION ( 'NONE',  ( 0.000000000000000000, 0.000000000000000000, 1.000000000000000000 ) ) ;
#544 = FACE_OUTER_BOUND ( 'NONE', #4057, .T. ) ;
#545 = VECTOR ( 'NONE', #874, 1000.000000000000000 ) ;
#546 = FACE_BOUND ( 'NONE', #307, .T. ) ;
#547 = CARTESIAN_POINT ( 'NONE',  ( 44.99999999999999289, 29.66000000000000369, -15.50000000000000178 ) ) ;
#548 = CARTESIAN_POINT ( 'NONE',  ( 37.75000000000000000, 3.149999999999999467, -2.000000000000000000 ) ) ;
#549 = VECTOR ( 'NONE', #2125, 1000.000000000000000 ) ;
#550 = AXIS2_PLACEMENT_3D ( 'NONE', #6586, #1487, #5107 ) ;
#551 = VERTEX_POINT ( 'NONE', #1163 ) ;
#552 = CARTESIAN_POINT ( 'NONE',  ( 50.00000000000000000, 26.00000000000000355, -13.00000000000000178 ) ) ;
#553 = DIRECTION ( 'NONE',  ( 0.000000000000000000, -1.000000000000000000, 0.000000000000000000 ) ) ;
#554 = LINE ( 'NONE', #2989, #3586 ) ;
#555 = ORIENTED_EDGE ( 'NONE', *, *, #2861, .F. ) ;
#556 = LINE ( 'NONE', #3067, #5151 ) ;
#557 = AXIS2_PLACEMENT_3D ( 'NONE', #5330, #743, #4825 ) ;
#558 = EDGE_LOOP ( 'NONE', ( #5574, #1939, #1351, #3345, #4489, #97 ) ) ;
#559 = DIRECTION ( 'NONE',  ( 0.000000000000000000, 0.000000000000000000, 1.000000000000000000 ) ) ;
#560 = CARTESIAN_POINT ( 'NONE',  ( 37.35000000000000142, 18.85000000000000142, -4.200000000000000178 ) ) ;
#561 = DIRECTION ( 'NONE',  ( 1.000000000000000000, 0.000000000000000000, 0.000000000000000000 ) ) ;
#562 = AXIS2_PLACEMENT_3D ( 'NONE', #146, #183, #2219 ) ;
#563 = VERTEX_POINT ( 'NONE', #2644 ) ;
#564 = DIRECTION ( 'NONE',  ( 1.000000000000000000, 0.000000000000000000, 0.000000000000000000 ) ) ;
#565 = ORIENTED_EDGE ( 'NONE', *, *, #679, .T. ) ;
#566 = FACE_OUTER_BOUND ( 'NONE', #1498, .T. ) ;
#567 = ORIENTED_EDGE ( 'NONE', *, *, #5584, .T. ) ;
#568 = LINE ( 'NONE', #2647, #4943 ) ;
#569 = VERTEX_POINT ( 'NONE', #90 ) ;
#570 = DIRECTION ( 'NONE',  ( 0.000000000000000000, -1.000000000000000000, 0.000000000000000000 ) ) ;
#571 = ORIENTED_EDGE ( 'NONE', *, *, #3588, .F. ) ;
#572 = FACE_OUTER_BOUND ( 'NONE', #2020, .T. ) ;
#573 = DIRECTION ( 'NONE',  ( 0.000000000000000000, 0.000000000000000000, 1.000000000000000000 ) ) ;
#574 = DIRECTION ( 'NONE',  ( 1.000000000000000000, 0.000000000000000000, 0.000000000000000000 ) ) ;
#575 = EDGE_CURVE ( 'NONE', #5851, #1065, #4282, .T. ) ;
#576 = LINE ( 'NONE', #5746, #5965 ) ;
#577 = CIRCLE ( 'NONE', #2072, 3.659999999999989484 ) ;
#578 = ORIENTED_EDGE ( 'NONE', *, *, #1164, .T. ) ;
#579 = DIRECTION ( 'NONE',  ( -1.000000000000000000, 0.000000000000000000, 0.000000000000000000 ) ) ;
#580 = DIRECTION ( 'NONE',  ( 0.000000000000000000, 0.000000000000000000, -1.000000000000000000 ) ) ;
#581 = CARTESIAN_POINT ( 'NONE',  ( 37.35000000000000142, 20.05000000000000071, -4.200000000000000178 ) ) ;
#582 = VERTEX_POINT ( 'NONE', #2132 ) ;
#583 = AXIS2_PLACEMENT_3D ( 'NONE', #883, #1423, #384 ) ;
#584 = VECTOR ( 'NONE', #3829, 1000.000000000000000 ) ;
#585 = DIRECTION ( 'NONE',  ( 0.000000000000000000, 0.000000000000000000, 1.000000000000000000 ) ) ;
#586 = VERTEX_POINT ( 'NONE', #3235 ) ;
#587 = CARTESIAN_POINT ( 'NONE',  ( 19.35501256289338201, 17.25000000000000000, -1.599999999999999867 ) ) ;
#588 = AXIS2_PLACEMENT_3D ( 'NONE', #1903, #306, #5022 ) ;
#589 = DIRECTION ( 'NONE',  ( 0.000000000000000000, 0.000000000000000000, 1.000000000000000000 ) ) ;
#590 = EDGE_CURVE ( 'NONE', #6010, #3705, #630, .T. ) ;
#591 = LINE ( 'NONE', #5120, #3375 ) ;
#592 = ORIENTED_EDGE ( 'NONE', *, *, #3760, .F. ) ;
#593 = ADVANCED_FACE ( 'NONE', ( #125 ), #1233, .T. ) ;
#594 = CARTESIAN_POINT ( 'NONE',  ( 37.65000000000000568, 17.14999999999999858, -0.6999999999999998446 ) ) ;
#595 = AXIS2_PLACEMENT_3D ( 'NONE', #2858, #3804, #824 ) ;
#596 = DIRECTION ( 'NONE',  ( 0.000000000000000000, 1.000000000000000000, 0.000000000000000000 ) ) ;
#597 = AXIS2_PLACEMENT_3D ( 'NONE', #2467, #6602, #3469 ) ;
#598 = EDGE_CURVE ( 'NONE', #2500, #6361, #3778, .T. ) ;
#599 = ORIENTED_EDGE ( 'NONE', *, *, #1285, .T. ) ;
#600 = ORIENTED_EDGE ( 'NONE', *, *, #2487, .F. ) ;
#601 = ADVANCED_FACE ( 'NONE', ( #4814 ), #233, .T. ) ;
#602 = CARTESIAN_POINT ( 'NONE',  ( 39.34999999999999432, 18.85000000000000142, -2.000000000000000000 ) ) ;
#603 = AXIS2_PLACEMENT_3D ( 'NONE', #6592, #6519, #4037 ) ;
#604 = EDGE_LOOP ( 'NONE', ( #3018, #3606, #5347, #2393 ) ) ;
#605 = EDGE_CURVE ( 'NONE', #3143, #4018, #2339, .T. ) ;
#606 = CARTESIAN_POINT ( 'NONE',  ( 41.99999999999999289, -31.00000000000000000, -12.60000000000001741 ) ) ;
#607 = ORIENTED_EDGE ( 'NONE', *, *, #2674, .T. ) ;
#608 = CARTESIAN_POINT ( 'NONE',  ( -50.00000000000000000, 17.08999999999999631, -10.86999999999999744 ) ) ;
#609 = EDGE_CURVE ( 'NONE', #5452, #134, #398, .T. ) ;
#610 = LINE ( 'NONE', #1147, #6583 ) ;
#611 = CARTESIAN_POINT ( 'NONE',  ( 0.7999999999999972689, -8.320000000000005613, -7.500000000000000888 ) ) ;
#612 = PLANE ( 'NONE',  #4711 ) ;
#613 = EDGE_LOOP ( 'NONE', ( #1912, #4776, #6111, #827 ) ) ;
#614 = DIRECTION ( 'NONE',  ( 0.000000000000000000, 0.000000000000000000, 1.000000000000000000 ) ) ;
#615 = EDGE_CURVE ( 'NONE', #999, #259, #4353, .T. ) ;
#616 = LINE ( 'NONE', #4698, #5810 ) ;
#617 = CARTESIAN_POINT ( 'NONE',  ( 19.00000000000000000, 27.19999999999999574, -15.10000000000000142 ) ) ;
#618 = ORIENTED_EDGE ( 'NONE', *, *, #6180, .T. ) ;
#619 = ADVANCED_FACE ( 'NONE', ( #3879 ), #4849, .T. ) ;
#620 = CARTESIAN_POINT ( 'NONE',  ( 38.64999999999999858, 4.850000000000000533, -0.6999999999999998446 ) ) ;
#621 = CARTESIAN_POINT ( 'NONE',  ( 22.60000000000000142, -24.05000000000000071, -1.600000000000000089 ) ) ;
#622 = EDGE_LOOP ( 'NONE', ( #931, #5272, #4120, #1535 ) ) ;
#623 = LINE ( 'NONE', #5315, #2533 ) ;
#624 = FACE_OUTER_BOUND ( 'NONE', #1378, .T. ) ;
#625 = EDGE_CURVE ( 'NONE', #6402, #761, #3310, .T. ) ;
#626 = EDGE_CURVE ( 'NONE', #289, #5505, #363, .T. ) ;
#627 = PLANE ( 'NONE',  #2938 ) ;
#628 = ORIENTED_EDGE ( 'NONE', *, *, #5260, .T. ) ;
#629 = CARTESIAN_POINT ( 'NONE',  ( 18.64999999999999858, 17.25000000000000000, -2.000000000000000000 ) ) ;
#630 = LINE ( 'NONE', #6327, #5712 ) ;
#631 = ADVANCED_FACE ( 'NONE', ( #5993 ), #5388, .T. ) ;
#632 = ORIENTED_EDGE ( 'NONE', *, *, #138, .T. ) ;
#633 = VERTEX_POINT ( 'NONE', #2929 ) ;
#634 = DIRECTION ( 'NONE',  ( -1.000000000000000000, 0.000000000000000000, 0.000000000000000000 ) ) ;
#635 = EDGE_CURVE ( 'NONE', #2483, #1514, #2406, .T. ) ;
#636 = VERTEX_POINT ( 'NONE', #1797 ) ;
#637 = LINE ( 'NONE', #6143, #653 ) ;
#638 = VERTEX_POINT ( 'NONE', #3845 ) ;
#639 = EDGE_CURVE ( 'NONE', #5733, #551, #3028, .T. ) ;
#640 = DIRECTION ( 'NONE',  ( 0.000000000000000000, 0.000000000000000000, 1.000000000000000000 ) ) ;
#641 = DIRECTION ( 'NONE',  ( 0.000000000000000000, 1.000000000000000000, -0.000000000000000000 ) ) ;
#642 = CARTESIAN_POINT ( 'NONE',  ( 17.44999999999999929, 20.05000000000000071, -4.200000000000000178 ) ) ;
#643 = DIRECTION ( 'NONE',  ( 0.000000000000000000, 0.000000000000000000, 1.000000000000000000 ) ) ;
#644 = MECHANICAL_DESIGN_GEOMETRIC_PRESENTATION_REPRESENTATION (  '', ( #3536 ), #4072 ) ;
#645 = VERTEX_POINT ( 'NONE', #4384 ) ;
#646 = CARTESIAN_POINT ( 'NONE',  ( -20.69999999999999574, -25.60000000000000142, -3.169999999999999929 ) ) ;
#647 = CARTESIAN_POINT ( 'NONE',  ( 2.499999999999997335, 27.09999999999999787, -1.600000000000000089 ) ) ;
#648 = PLANE ( 'NONE',  #64 ) ;
#649 = ORIENTED_EDGE ( 'NONE', *, *, #5764, .F. ) ;
#650 = LINE ( 'NONE', #3224, #5843 ) ;
#651 = CARTESIAN_POINT ( 'NONE',  ( 34.00000000000000000, -29.80000000000000071, -13.00000000000000178 ) ) ;
#652 = VERTEX_POINT ( 'NONE', #4990 ) ;
#653 = VECTOR ( 'NONE', #570, 1000.000000000000000 ) ;
#654 = CARTESIAN_POINT ( 'NONE',  ( -50.00000000000000000, 4.089999999999996305, -10.86999999999999744 ) ) ;
#655 = CARTESIAN_POINT ( 'NONE',  ( 22.60000000000000142, -12.05000000000000249, -1.600000000000000089 ) ) ;
#656 = VECTOR ( 'NONE', #6500, 1000.000000000000000 ) ;
#657 = DIRECTION ( 'NONE',  ( 1.000000000000000000, 0.000000000000000000, 0.000000000000000000 ) ) ;
#658 = ORIENTED_EDGE ( 'NONE', *, *, #2345, .F. ) ;
#659 = VECTOR ( 'NONE', #804, 1000.000000000000000 ) ;
#660 = CARTESIAN_POINT ( 'NONE',  ( 18.64999999999999858, 4.749999999999999112, -2.000000000000000000 ) ) ;
#661 = DIRECTION ( 'NONE',  ( -0.000000000000000000, -0.7071067811865352493, -0.7071067811865597852 ) ) ;
#662 = ADVANCED_FACE ( 'NONE', ( #3340 ), #1538, .T. ) ;
#663 = AXIS2_PLACEMENT_3D ( 'NONE', #3991, #6036, #5464 ) ;
#664 = ORIENTED_EDGE ( 'NONE', *, *, #2682, .F. ) ;
#665 = EDGE_CURVE ( 'NONE', #5456, #5117, #6469, .T. ) ;
#666 = DIRECTION ( 'NONE',  ( 0.000000000000000000, 0.000000000000000000, 1.000000000000000000 ) ) ;
#667 = EDGE_LOOP ( 'NONE', ( #5628, #2341, #3780, #3741 ) ) ;
#668 = CARTESIAN_POINT ( 'NONE',  ( -19.19999999999999574, -9.750000000000001776, -1.600000000000000755 ) ) ;
#669 = AXIS2_PLACEMENT_3D ( 'NONE', #6463, #5858, #1857 ) ;
#670 = ORIENTED_EDGE ( 'NONE', *, *, #4710, .F. ) ;
#671 = DIRECTION ( 'NONE',  ( 0.000000000000000000, 0.7071067811865597852, -0.7071067811865352493 ) ) ;
#672 = ORIENTED_EDGE ( 'NONE', *, *, #5761, .T. ) ;
#673 = CARTESIAN_POINT ( 'NONE',  ( -43.19999999999999574, -8.750000000000000000, -4.969999999999999751 ) ) ;
#674 = EDGE_CURVE ( 'NONE', #4532, #1595, #2804, .T. ) ;
#675 = LINE ( 'NONE', #3793, #1231 ) ;
#676 = LINE ( 'NONE', #4865, #6144 ) ;
#677 = LINE ( 'NONE', #212, #2681 ) ;
#678 = VECTOR ( 'NONE', #4787, 1000.000000000000114 ) ;
#680 = ORIENTED_EDGE ( 'NONE', *, *, #917, .T. ) ;
#679 = EDGE_CURVE ( 'NONE', #5602, #6472, #1334, .T. ) ;
#681 = FACE_OUTER_BOUND ( 'NONE', #1642, .T. ) ;
#682 = CARTESIAN_POINT ( 'NONE',  ( -50.00000000000000000, 1.114999999999996660, -8.304999999999999716 ) ) ;
#683 = DIRECTION ( 'NONE',  ( 1.000000000000000000, 0.000000000000000000, 0.000000000000000000 ) ) ;
#684 = VERTEX_POINT ( 'NONE', #5863 ) ;
#685 = CARTESIAN_POINT ( 'NONE',  ( 1.613760430703393922, -4.110000000000002984, 0.000000000000000000 ) ) ;
#686 = DIRECTION ( 'NONE',  ( 1.000000000000000000, 0.000000000000000000, 0.000000000000000000 ) ) ;
#687 = ORIENTED_EDGE ( 'NONE', *, *, #2396, .F. ) ;
#688 = DIRECTION ( 'NONE',  ( -0.000000000000000000, 1.000000000000000000, -0.000000000000000000 ) ) ;
#689 = DIRECTION ( 'NONE',  ( 0.000000000000000000, -1.000000000000000000, 0.000000000000000000 ) ) ;
#690 = DIRECTION ( 'NONE',  ( 0.7071067811865597852, 0.000000000000000000, 0.7071067811865352493 ) ) ;
#691 = EDGE_CURVE ( 'NONE', #3371, #4361, #3374, .T. ) ;
#692 = AXIS2_PLACEMENT_3D ( 'NONE', #3229, #5247, #2701 ) ;
#693 = CARTESIAN_POINT ( 'NONE',  ( -50.00000000000000000, -12.05000000000000249, -3.600000000000000533 ) ) ;
#694 = EDGE_LOOP ( 'NONE', ( #3099, #5641, #4962, #6481 ) ) ;
#695 = AXIS2_PLACEMENT_3D ( 'NONE', #594, #475, #4172 ) ;
#696 = CARTESIAN_POINT ( 'NONE',  ( -45.00000000000000000, -26.00000000000000355, -14.69999999999999929 ) ) ;
#697 = CARTESIAN_POINT ( 'NONE',  ( -45.00000000000000000, -31.00000000000000000, -12.60000000000001741 ) ) ;
#698 = AXIS2_PLACEMENT_3D ( 'NONE', #2183, #4730, #1589 ) ;
#699 = CIRCLE ( 'NONE', #4446, 3.909999999999996589 ) ;
#700 = ORIENTED_EDGE ( 'NONE', *, *, #4628, .T. ) ;
#701 = LINE ( 'NONE', #1237, #3807 ) ;
#702 = ORIENTED_EDGE ( 'NONE', *, *, #403, .T. ) ;
#703 = DIRECTION ( 'NONE',  ( 0.000000000000000000, -0.000000000000000000, -1.000000000000000000 ) ) ;
#704 = EDGE_CURVE ( 'NONE', #6284, #2483, #2817, .T. ) ;
#705 = VECTOR ( 'NONE', #3133, 1000.000000000000000 ) ;
#706 = AXIS2_PLACEMENT_3D ( 'NONE', #6350, #3765, #3190 ) ;
#707 = VERTEX_POINT ( 'NONE', #834 ) ;
#708 = CARTESIAN_POINT ( 'NONE',  ( -17.89999999999999503, -10.89999999999999858, -1.600000000000000089 ) ) ;
#709 = ORIENTED_EDGE ( 'NONE', *, *, #2294, .F. ) ;
#710 = VECTOR ( 'NONE', #6024, 1000.000000000000000 ) ;
#711 = DIRECTION ( 'NONE',  ( -1.000000000000000000, 0.000000000000000000, 0.000000000000000000 ) ) ;
#712 = EDGE_CURVE ( 'NONE', #5971, #2354, #2868, .T. ) ;
#713 = CARTESIAN_POINT ( 'NONE',  ( -48.00000000000000000, 15.88999999999999702, -12.06999999999999673 ) ) ;
#714 = DIRECTION ( 'NONE',  ( 0.000000000000000000, -1.000000000000000000, 0.000000000000000000 ) ) ;
#715 = DIRECTION ( 'NONE',  ( 1.000000000000000000, 0.000000000000000000, 0.000000000000000000 ) ) ;
#716 = EDGE_CURVE ( 'NONE', #2100, #5478, #2369, .T. ) ;
#717 = ADVANCED_FACE ( 'NONE', ( #4044 ), #2060, .T. ) ;
#718 = EDGE_LOOP ( 'NONE', ( #702, #3917, #1154, #2348 ) ) ;
#719 = LINE ( 'NONE', #4371, #2834 ) ;
#720 = CARTESIAN_POINT ( 'NONE',  ( -48.90999999999999659, -26.00000000000000355, -13.90000000000000036 ) ) ;
#721 = DIRECTION ( 'NONE',  ( -1.000000000000000000, 0.000000000000000000, 0.000000000000000000 ) ) ;
#722 = VERTEX_POINT ( 'NONE', #1060 ) ;
#723 = CARTESIAN_POINT ( 'NONE',  ( -20.69999999999999574, -10.30000000000000071, -1.600000000000000089 ) ) ;
#724 = CARTESIAN_POINT ( 'NONE',  ( 45.00000000000000000, -31.00000000000000000, -12.60000000000001741 ) ) ;
#725 = VERTEX_POINT ( 'NONE', #3100 ) ;
#726 = EDGE_CURVE ( 'NONE', #4076, #49, #4483, .T. ) ;
#727 = DIRECTION ( 'NONE',  ( 1.000000000000000000, 0.000000000000000000, 0.000000000000000000 ) ) ;
#728 = ADVANCED_FACE ( 'NONE', ( #6099 ), #5553, .T. ) ;
#729 = CARTESIAN_POINT ( 'NONE',  ( 45.00000000000000000, 25.99999999999999645, -2.000000000000000000 ) ) ;
#730 = DIRECTION ( 'NONE',  ( -0.000000000000000000, -0.000000000000000000, 1.000000000000000000 ) ) ;
#731 = CARTESIAN_POINT ( 'NONE',  ( 20.25000000000000000, 17.25000000000000000, -2.000000000000000000 ) ) ;
#732 = ORIENTED_EDGE ( 'NONE', *, *, #1698, .F. ) ;
#733 = ADVANCED_FACE ( 'NONE', ( #4106 ), #5522, .F. ) ;
#734 = CARTESIAN_POINT ( 'NONE',  ( 48.00000000000000000, -25.99999999999999645, -2.000000000000000000 ) ) ;
#735 = DIRECTION ( 'NONE',  ( -1.000000000000000000, 0.000000000000000000, 0.000000000000000000 ) ) ;
#736 = ORIENTED_EDGE ( 'NONE', *, *, #2326, .F. ) ;
#737 = DIRECTION ( 'NONE',  ( -0.000000000000000000, 1.000000000000000000, 0.000000000000000000 ) ) ;
#738 = ORIENTED_EDGE ( 'NONE', *, *, #996, .F. ) ;
#739 = FACE_OUTER_BOUND ( 'NONE', #4022, .T. ) ;
#740 = VERTEX_POINT ( 'NONE', #1500 ) ;
#741 = PLANE ( 'NONE',  #4504 ) ;
#742 = ORIENTED_EDGE ( 'NONE', *, *, #3528, .F. ) ;
#743 = DIRECTION ( 'NONE',  ( 1.000000000000000000, 0.000000000000000000, 0.000000000000000000 ) ) ;
#744 = PLANE ( 'NONE',  #2301 ) ;
#745 = CARTESIAN_POINT ( 'NONE',  ( -0.3100000000000040501, 25.28999999999999915, 0.000000000000000000 ) ) ;
#746 = CARTESIAN_POINT ( 'NONE',  ( -48.00000000000000000, -12.05000000000000249, -8.400000000000000355 ) ) ;
#747 = EDGE_CURVE ( 'NONE', #1968, #5058, #1568, .T. ) ;
#748 = ORIENTED_EDGE ( 'NONE', *, *, #3977, .F. ) ;
#749 = ORIENTED_EDGE ( 'NONE', *, *, #5552, .T. ) ;
#750 = CARTESIAN_POINT ( 'NONE',  ( -44.99999999999999289, -29.91000000000000014, -13.90000000000000036 ) ) ;
#751 = PLANE ( 'NONE',  #6013 ) ;
#752 = FACE_OUTER_BOUND ( 'NONE', #5878, .T. ) ;
#753 = CARTESIAN_POINT ( 'NONE',  ( 50.00000000000000000, -26.00000000000000355, -2.000000000000000000 ) ) ;
#754 = APPLICATION_PROTOCOL_DEFINITION ( 'draft international standard', 'automotive_design', 1998, #2451 ) ;
#755 = ORIENTED_EDGE ( 'NONE', *, *, #3512, .T. ) ;
#756 = CARTESIAN_POINT ( 'NONE',  ( 20.35000000000000142, 4.849999999999998757, -0.6999999999999998446 ) ) ;
#757 = AXIS2_PLACEMENT_3D ( 'NONE', #3484, #2971, #5531 ) ;
#758 = DIRECTION ( 'NONE',  ( 0.000000000000000000, -1.000000000000000000, 0.000000000000000000 ) ) ;
#759 = CARTESIAN_POINT ( 'NONE',  ( -45.00000000000000711, 26.00000000000002132, -13.90000000000000036 ) ) ;
#760 = DIRECTION ( 'NONE',  ( 1.000000000000000000, 0.000000000000000000, 0.000000000000000000 ) ) ;
#761 = VERTEX_POINT ( 'NONE', #964 ) ;
#762 = CIRCLE ( 'NONE', #1614, 1.923760430703407076 ) ;
#763 = DIRECTION ( 'NONE',  ( -0.9544799780350297080, 0.000000000000000000, -0.2982749931359471862 ) ) ;
#764 = CARTESIAN_POINT ( 'NONE',  ( 13.00000000000000178, 28.39999999999999858, -15.10000000000000142 ) ) ;
#765 = ORIENTED_EDGE ( 'NONE', *, *, #3528, .T. ) ;
#766 = ORIENTED_EDGE ( 'NONE', *, *, #3985, .T. ) ;
#767 = VECTOR ( 'NONE', #1612, 1000.000000000000000 ) ;
#768 = LINE ( 'NONE', #4123, #2417 ) ;
#769 = EDGE_LOOP ( 'NONE', ( #5237, #6568, #2463, #1438 ) ) ;
#770 = LINE ( 'NONE', #4819, #659 ) ;
#771 = VECTOR ( 'NONE', #5301, 1000.000000000000114 ) ;
#772 = VERTEX_POINT ( 'NONE', #4517 ) ;
#773 = CARTESIAN_POINT ( 'NONE',  ( 26.00000000000000711, 16.00000000000000355, 0.000000000000000000 ) ) ;
#774 = ORIENTED_EDGE ( 'NONE', *, *, #1823, .T. ) ;
#775 = CARTESIAN_POINT ( 'NONE',  ( -0.3100000000000073808, 27.21376043070339534, -2.816839872632173307E-16 ) ) ;
#776 = CIRCLE ( 'NONE', #2489, 1.000000000000000888 ) ;
#777 = LINE ( 'NONE', #6415, #277 ) ;
#778 = PLANE ( 'NONE',  #2610 ) ;
#779 = ORIENTED_EDGE ( 'NONE', *, *, #6053, .T. ) ;
#780 = VERTEX_POINT ( 'NONE', #5588 ) ;
#781 = DIRECTION ( 'NONE',  ( 0.000000000000000000, 0.000000000000000000, 1.000000000000000000 ) ) ;
#782 = LINE ( 'NONE', #4873, #5046 ) ;
#783 = DIRECTION ( 'NONE',  ( 1.000000000000000000, 0.000000000000000000, 0.000000000000000000 ) ) ;
#784 = DIRECTION ( 'NONE',  ( 0.000000000000000000, 0.000000000000000000, 1.000000000000000000 ) ) ;
#785 = VERTEX_POINT ( 'NONE', #995 ) ;
#786 = AXIS2_PLACEMENT_3D ( 'NONE', #2102, #4142, #4524 ) ;
#787 = CARTESIAN_POINT ( 'NONE',  ( -47.39999999999999858, 13.43999999999999773, -8.470000000000000639 ) ) ;
#788 = CARTESIAN_POINT ( 'NONE',  ( 44.29999999999999716, -14.00000000000000000, -1.600000000000000089 ) ) ;
#789 = DIRECTION ( 'NONE',  ( 1.000000000000000000, 0.000000000000000000, 0.000000000000000000 ) ) ;
#790 = DIRECTION ( 'NONE',  ( 0.000000000000000000, -0.4999999999999999445, -0.8660254037844385966 ) ) ;
#791 = AXIS2_PLACEMENT_3D ( 'NONE', #4797, #317, #4299 ) ;
#792 = ADVANCED_FACE ( 'NONE', ( #2504 ), #3031, .T. ) ;
#793 = ORIENTED_EDGE ( 'NONE', *, *, #4479, .F. ) ;
#794 = FACE_OUTER_BOUND ( 'NONE', #1395, .T. ) ;
#795 = CARTESIAN_POINT ( 'NONE',  ( 45.00000000000000000, 25.99999999999999645, -12.60000000000001741 ) ) ;
#796 = EDGE_LOOP ( 'NONE', ( #6290, #1702, #5109, #2033 ) ) ;
#797 = EDGE_CURVE ( 'NONE', #2343, #5564, #6128, .T. ) ;
#798 = VECTOR ( 'NONE', #455, 1000.000000000000000 ) ;
#799 = CIRCLE ( 'NONE', #912, 1.200000000000006617 ) ;
#800 = ORIENTED_EDGE ( 'NONE', *, *, #2486, .T. ) ;
#801 = EDGE_CURVE ( 'NONE', #5353, #2527, #2543, .T. ) ;
#802 = LINE ( 'NONE', #3947, #59 ) ;
#803 = ORIENTED_EDGE ( 'NONE', *, *, #3577, .T. ) ;
#804 = DIRECTION ( 'NONE',  ( -0.000000000000000000, 1.000000000000000000, -0.000000000000000000 ) ) ;
#805 = AXIS2_PLACEMENT_3D ( 'NONE', #1654, #2086, #3697 ) ;
#806 = CIRCLE ( 'NONE', #5407, 1.000000000000000888 ) ;
#807 = ADVANCED_FACE ( 'NONE', ( #1532 ), #6633, .T. ) ;
#808 = EDGE_CURVE ( 'NONE', #967, #3425, #5313, .T. ) ;
#809 = EDGE_LOOP ( 'NONE', ( #1440, #4321, #3556, #350 ) ) ;
#810 = CIRCLE ( 'NONE', #1455, 5.000000000000004441 ) ;
#811 = CARTESIAN_POINT ( 'NONE',  ( 21.39999999999999858, -12.05000000000000249, -1.600000000000000089 ) ) ;
#812 = VECTOR ( 'NONE', #2151, 999.9999999999998863 ) ;
#813 = EDGE_LOOP ( 'NONE', ( #2422, #5568, #3776, #5516 ) ) ;
#814 = CARTESIAN_POINT ( 'NONE',  ( 19.35000000000000142, 17.14999999999999858, -0.6999999999999998446 ) ) ;
#815 = FACE_OUTER_BOUND ( 'NONE', #4690, .T. ) ;
#816 = DIRECTION ( 'NONE',  ( 1.000000000000000000, 0.000000000000000000, 0.000000000000000000 ) ) ;
#817 = AXIS2_PLACEMENT_3D ( 'NONE', #1888, #293, #3865 ) ;
#818 = VECTOR ( 'NONE', #1662, 1000.000000000000000 ) ;
#819 = ORIENTED_EDGE ( 'NONE', *, *, #4900, .F. ) ;
#821 = EDGE_CURVE ( 'NONE', #1581, #3975, #3571, .T. ) ;
#820 = VERTEX_POINT ( 'NONE', #5118 ) ;
#822 = CARTESIAN_POINT ( 'NONE',  ( 0.6899999999999925082, -4.110000000000003872, -1.600000000000000755 ) ) ;
#823 = LINE ( 'NONE', #853, #4615 ) ;
#824 = DIRECTION ( 'NONE',  ( 0.000000000000000000, -0.000000000000000000, -1.000000000000000000 ) ) ;
#825 = LINE ( 'NONE', #386, #4977 ) ;
#826 = AXIS2_PLACEMENT_3D ( 'NONE', #2986, #6150, #1465 ) ;
#827 = ORIENTED_EDGE ( 'NONE', *, *, #5397, .T. ) ;
#828 = DIRECTION ( 'NONE',  ( 0.000000000000000000, 0.000000000000000000, 1.000000000000000000 ) ) ;
#829 = DIRECTION ( 'NONE',  ( 1.000000000000000000, 0.000000000000000000, -0.000000000000000000 ) ) ;
#830 = DIRECTION ( 'NONE',  ( 0.000000000000000000, 0.000000000000000000, -1.000000000000000000 ) ) ;
#831 = CARTESIAN_POINT ( 'NONE',  ( 20.35000000000000497, 18.14999999999999858, -0.6999999999999998446 ) ) ;
#832 = VERTEX_POINT ( 'NONE', #2996 ) ;
#833 = DIRECTION ( 'NONE',  ( 0.000000000000000000, 0.7071067811865352493, -0.7071067811865597852 ) ) ;
#834 = CARTESIAN_POINT ( 'NONE',  ( -48.00000000000000000, -25.05000000000000426, -8.400000000000000355 ) ) ;
#835 = ORIENTED_EDGE ( 'NONE', *, *, #1011, .T. ) ;
#836 = EDGE_CURVE ( 'NONE', #1065, #5869, #1137, .T. ) ;
#837 = EDGE_CURVE ( 'NONE', #2445, #5278, #6499, .T. ) ;
#838 = ORIENTED_EDGE ( 'NONE', *, *, #497, .T. ) ;
#839 = DIRECTION ( 'NONE',  ( 0.000000000000000000, 0.000000000000000000, -1.000000000000000000 ) ) ;
#840 = VERTEX_POINT ( 'NONE', #4610 ) ;
#841 = CARTESIAN_POINT ( 'NONE',  ( 21.39999999999999858, -12.05000000000000249, -10.65000000000000391 ) ) ;
#842 = VERTEX_POINT ( 'NONE', #27 ) ;
#843 = CARTESIAN_POINT ( 'NONE',  ( -43.19999999999999574, -27.35000000000000142, -4.969999999999999751 ) ) ;
#844 = EDGE_CURVE ( 'NONE', #39, #4197, #1566, .T. ) ;
#845 = ORIENTED_EDGE ( 'NONE', *, *, #5055, .T. ) ;
#846 = DIRECTION ( 'NONE',  ( -1.000000000000000000, 0.000000000000000000, 0.000000000000000000 ) ) ;
#847 = VERTEX_POINT ( 'NONE', #3976 ) ;
#848 = DIRECTION ( 'NONE',  ( 0.000000000000000000, 0.000000000000000000, -1.000000000000000000 ) ) ;
#849 = ORIENTED_EDGE ( 'NONE', *, *, #6069, .F. ) ;
#850 = EDGE_CURVE ( 'NONE', #1271, #5016, #58, .T. ) ;
#851 = ORIENTED_EDGE ( 'NONE', *, *, #726, .F. ) ;
#852 = FACE_OUTER_BOUND ( 'NONE', #3727, .T. ) ;
#853 = CARTESIAN_POINT ( 'NONE',  ( -45.69999999999999574, -11.50000000000000000, -3.169999999999999929 ) ) ;
#854 = DIRECTION ( 'NONE',  ( 0.000000000000000000, 0.000000000000000000, -1.000000000000000000 ) ) ;
#855 = ORIENTED_EDGE ( 'NONE', *, *, #933, .F. ) ;
#856 = DIRECTION ( 'NONE',  ( 1.000000000000000000, 0.000000000000000000, 0.000000000000000000 ) ) ;
#857 = DIRECTION ( 'NONE',  ( 0.000000000000000000, 1.000000000000000000, 0.000000000000000000 ) ) ;
#858 = FACE_OUTER_BOUND ( 'NONE', #2359, .T. ) ;
#859 = DIRECTION ( 'NONE',  ( 0.000000000000000000, 1.000000000000000000, 0.000000000000000000 ) ) ;
#860 = EDGE_LOOP ( 'NONE', ( #4459, #2662, #4506, #5211 ) ) ;
#861 = DIRECTION ( 'NONE',  ( 0.000000000000000000, -1.000000000000000000, 0.000000000000000000 ) ) ;
#862 = DIRECTION ( 'NONE',  ( 0.000000000000000000, 0.7071067811865474617, 0.7071067811865474617 ) ) ;
#863 = VERTEX_POINT ( 'NONE', #587 ) ;
#864 = ORIENTED_EDGE ( 'NONE', *, *, #3682, .F. ) ;
#865 = AXIS2_PLACEMENT_3D ( 'NONE', #4928, #3989, #1479 ) ;
#866 = DIRECTION ( 'NONE',  ( 1.000000000000000000, 0.000000000000000000, 0.000000000000000000 ) ) ;
#867 = ORIENTED_EDGE ( 'NONE', *, *, #6069, .T. ) ;
#868 = DIRECTION ( 'NONE',  ( 0.000000000000000000, 1.000000000000000000, 0.000000000000000000 ) ) ;
#869 = EDGE_CURVE ( 'NONE', #4122, #1053, #5528, .T. ) ;
#870 = AXIS2_PLACEMENT_3D ( 'NONE', #5518, #2898, #362 ) ;
#871 = VECTOR ( 'NONE', #6516, 1000.000000000000000 ) ;
#872 = EDGE_CURVE ( 'NONE', #6529, #6487, #623, .T. ) ;
#873 = ORIENTED_EDGE ( 'NONE', *, *, #605, .F. ) ;
#874 = DIRECTION ( 'NONE',  ( 0.000000000000000000, -1.000000000000000000, 0.000000000000000000 ) ) ;
#875 = ORIENTED_EDGE ( 'NONE', *, *, #2535, .F. ) ;
#876 = CARTESIAN_POINT ( 'NONE',  ( -48.00000000000000000, -21.20000000000000284, -8.250000000000000000 ) ) ;
#877 = ORIENTED_EDGE ( 'NONE', *, *, #54, .T. ) ;
#878 = CARTESIAN_POINT ( 'NONE',  ( 18.64999999999999858, 3.149999999999999467, -2.000000000000000000 ) ) ;
#879 = VECTOR ( 'NONE', #5198, 1000.000000000000000 ) ;
#880 = VERTEX_POINT ( 'NONE', #4205 ) ;
#881 = EDGE_CURVE ( 'NONE', #2008, #2340, #2193, .T. ) ;
#882 = ORIENTED_EDGE ( 'NONE', *, *, #2575, .T. ) ;
#883 = CARTESIAN_POINT ( 'NONE',  ( -45.00000000000000000, -26.00000000000000355, -13.90000000000000036 ) ) ;
#884 = CARTESIAN_POINT ( 'NONE',  ( 45.00000000000000711, 26.00000000000002132, -13.90000000000000036 ) ) ;
#885 = DIRECTION ( 'NONE',  ( 0.000000000000000000, -1.000000000000000000, 0.000000000000000000 ) ) ;
#886 = VERTEX_POINT ( 'NONE', #4167 ) ;
#887 = DIRECTION ( 'NONE',  ( -0.8660254037844387076, 0.000000000000000000, -0.5000000000000000000 ) ) ;
#888 = EDGE_CURVE ( 'NONE', #434, #5456, #6258, .T. ) ;
#889 = EDGE_CURVE ( 'NONE', #1308, #3007, #174, .T. ) ;
#890 = DIRECTION ( 'NONE',  ( -1.000000000000000000, 0.000000000000000000, 0.000000000000000000 ) ) ;
#891 = LINE ( 'NONE', #4348, #5597 ) ;
#892 = DIRECTION ( 'NONE',  ( 0.000000000000000000, -0.000000000000000000, 1.000000000000000000 ) ) ;
#893 = EDGE_LOOP ( 'NONE', ( #4992, #5904, #4974, #1167 ) ) ;
#894 = DIRECTION ( 'NONE',  ( 1.000000000000000000, 0.000000000000000000, 0.000000000000000000 ) ) ;
#895 = ORIENTED_EDGE ( 'NONE', *, *, #801, .T. ) ;
#896 = CARTESIAN_POINT ( 'NONE',  ( 44.99999999999999289, 29.16000000000000014, -15.50000000000000178 ) ) ;
#897 = ORIENTED_EDGE ( 'NONE', *, *, #3197, .T. ) ;
#898 = EDGE_CURVE ( 'NONE', #2500, #2013, #5785, .T. ) ;
#899 = AXIS2_PLACEMENT_3D ( 'NONE', #5763, #2669, #2265 ) ;
#900 = VERTEX_POINT ( 'NONE', #1187 ) ;
#901 = FACE_OUTER_BOUND ( 'NONE', #1971, .T. ) ;
#902 = ORIENTED_EDGE ( 'NONE', *, *, #4953, .T. ) ;
#903 = DIRECTION ( 'NONE',  ( 1.000000000000000000, 0.000000000000000000, 0.000000000000000000 ) ) ;
#904 = AXIS2_PLACEMENT_3D ( 'NONE', #2640, #4675, #86 ) ;
#905 = VERTEX_POINT ( 'NONE', #2157 ) ;
#906 = EDGE_CURVE ( 'NONE', #6518, #5519, #2636, .T. ) ;
#907 = CARTESIAN_POINT ( 'NONE',  ( 26.00000000000000355, 9.000000000000000000, -1.000000000000014433 ) ) ;
#908 = ORIENTED_EDGE ( 'NONE', *, *, #4447, .T. ) ;
#909 = LINE ( 'NONE', #2910, #4521 ) ;
#910 = VERTEX_POINT ( 'NONE', #5691 ) ;
#911 = VECTOR ( 'NONE', #4908, 1000.000000000000000 ) ;
#912 = AXIS2_PLACEMENT_3D ( 'NONE', #4297, #1742, #6243 ) ;
#913 = DIRECTION ( 'NONE',  ( 0.000000000000000000, 0.000000000000000000, 1.000000000000000000 ) ) ;
#914 = VECTOR ( 'NONE', #3475, 1000.000000000000000 ) ;
#915 = AXIS2_PLACEMENT_3D ( 'NONE', #3095, #19, #960 ) ;
#916 = ORIENTED_EDGE ( 'NONE', *, *, #844, .T. ) ;
#917 = EDGE_CURVE ( 'NONE', #5441, #2274, #2663, .T. ) ;
#918 = ADVANCED_FACE ( 'NONE', ( #4136 ), #3165, .F. ) ;
#919 = ORIENTED_EDGE ( 'NONE', *, *, #1104, .T. ) ;
#920 = PLANE ( 'NONE',  #276 ) ;
#921 = DIRECTION ( 'NONE',  ( -0.000000000000000000, 1.000000000000000000, 0.000000000000000000 ) ) ;
#922 = DIRECTION ( 'NONE',  ( 0.000000000000000000, 0.000000000000000000, 1.000000000000000000 ) ) ;
#923 = AXIS2_PLACEMENT_3D ( 'NONE', #5119, #186, #1254 ) ;
#924 = ORIENTED_EDGE ( 'NONE', *, *, #625, .T. ) ;
#925 = EDGE_CURVE ( 'NONE', #6418, #1611, #4737, .T. ) ;
#926 = DIRECTION ( 'NONE',  ( -1.000000000000000000, 0.000000000000000000, 0.000000000000000000 ) ) ;
#927 = ADVANCED_FACE ( 'NONE', ( #2731 ), #4638, .T. ) ;
#928 = FACE_OUTER_BOUND ( 'NONE', #3747, .T. ) ;
#929 = CARTESIAN_POINT ( 'NONE',  ( 34.00000000000000000, 9.000000000000001776, -1.000000000000014433 ) ) ;
#930 = DIRECTION ( 'NONE',  ( 1.000000000000000000, 0.000000000000000000, 0.000000000000000000 ) ) ;
#931 = ORIENTED_EDGE ( 'NONE', *, *, #5057, .F. ) ;
#932 = AXIS2_PLACEMENT_3D ( 'NONE', #3736, #3228, #3706 ) ;
#933 = EDGE_CURVE ( 'NONE', #761, #2268, #1033, .T. ) ;
#934 = LINE ( 'NONE', #2404, #1721 ) ;
#935 = EDGE_LOOP ( 'NONE', ( #4028, #3323, #4292, #2465 ) ) ;
#936 = EDGE_CURVE ( 'NONE', #5940, #2332, #4241, .T. ) ;
#937 = DIRECTION ( 'NONE',  ( -1.000000000000000000, 0.000000000000000000, 0.000000000000000000 ) ) ;
#938 = DIRECTION ( 'NONE',  ( 1.000000000000000000, -0.000000000000000000, -0.000000000000000000 ) ) ;
#939 = ORIENTED_EDGE ( 'NONE', *, *, #4369, .F. ) ;
#940 = EDGE_CURVE ( 'NONE', #3245, #3523, #5245, .T. ) ;
#941 = CARTESIAN_POINT ( 'NONE',  ( 38.64999999999999858, 4.850000000000000533, -0.6999999999999998446 ) ) ;
#942 = ORIENTED_EDGE ( 'NONE', *, *, #4682, .T. ) ;
#943 = DIRECTION ( 'NONE',  ( 1.000000000000000000, 0.000000000000000000, 0.000000000000000000 ) ) ;
#944 = ORIENTED_EDGE ( 'NONE', *, *, #5846, .T. ) ;
#945 = PLANE ( 'NONE',  #2995 ) ;
#946 = ORIENTED_EDGE ( 'NONE', *, *, #354, .T. ) ;
#947 = DIRECTION ( 'NONE',  ( 0.000000000000000000, -1.000000000000000000, 0.000000000000000000 ) ) ;
#948 = VERTEX_POINT ( 'NONE', #6291 ) ;
#949 = CARTESIAN_POINT ( 'NONE',  ( -45.69999999999999574, -26.80000000000000426, -3.169999999999999929 ) ) ;
#950 = EDGE_LOOP ( 'NONE', ( #515, #3645, #2443, #1949 ) ) ;
#951 = ORIENTED_EDGE ( 'NONE', *, *, #5164, .T. ) ;
#952 = DIRECTION ( 'NONE',  ( 0.000000000000000000, 0.000000000000000000, 1.000000000000000000 ) ) ;
#953 = FACE_OUTER_BOUND ( 'NONE', #796, .T. ) ;
#954 = LINE ( 'NONE', #4537, #5403 ) ;
#955 = CARTESIAN_POINT ( 'NONE',  ( 37.75000000000000000, -26.00000000000001066, -1.600000000000000755 ) ) ;
#956 = EDGE_CURVE ( 'NONE', #499, #3371, #5722, .T. ) ;
#957 = PLANE ( 'NONE',  #4030 ) ;
#958 = CARTESIAN_POINT ( 'NONE',  ( -48.00000000000000000, 17.08999999999999631, -10.86999999999999744 ) ) ;
#959 = CARTESIAN_POINT ( 'NONE',  ( 32.00000000000000000, 15.00000000000000000, -1.000000000000014433 ) ) ;
#960 = DIRECTION ( 'NONE',  ( 1.000000000000000000, 0.000000000000000000, 0.000000000000000000 ) ) ;
#961 = ORIENTED_EDGE ( 'NONE', *, *, #6081, .F. ) ;
#962 = CARTESIAN_POINT ( 'NONE',  ( -48.00000000000000000, -23.85000000000000142, -3.750000000000000000 ) ) ;
#963 = ORIENTED_EDGE ( 'NONE', *, *, #6248, .F. ) ;
#964 = CARTESIAN_POINT ( 'NONE',  ( -48.00000000000000000, 7.739999999999995772, -10.51999999999999957 ) ) ;
#965 = FACE_OUTER_BOUND ( 'NONE', #769, .T. ) ;
#966 = LINE ( 'NONE', #4613, #3589 ) ;
#967 = VERTEX_POINT ( 'NONE', #654 ) ;
#968 = PLANE ( 'NONE',  #6032 ) ;
#969 = VECTOR ( 'NONE', #5599, 1000.000000000000000 ) ;
#970 = EDGE_LOOP ( 'NONE', ( #6023, #439, #4455, #3434 ) ) ;
#971 = DIRECTION ( 'NONE',  ( 0.000000000000000000, 0.7071067811865455743, -0.7071067811865495711 ) ) ;
#972 = ORIENTED_EDGE ( 'NONE', *, *, #5447, .T. ) ;
#973 = DIRECTION ( 'NONE',  ( 0.000000000000000000, 0.000000000000000000, 1.000000000000000000 ) ) ;
#974 = ORIENTED_EDGE ( 'NONE', *, *, #4, .F. ) ;
#975 = FACE_OUTER_BOUND ( 'NONE', #5961, .T. ) ;
#976 = VECTOR ( 'NONE', #1149, 1000.000000000000000 ) ;
#977 = ORIENTED_EDGE ( 'NONE', *, *, #1505, .T. ) ;
#978 = VECTOR ( 'NONE', #4281, 1000.000000000000000 ) ;
#979 = VERTEX_POINT ( 'NONE', #155 ) ;
#980 = CARTESIAN_POINT ( 'NONE',  ( -48.00000000000000000, 15.88999999999999702, -6.070000000000000284 ) ) ;
#981 = CARTESIAN_POINT ( 'NONE',  ( -43.19999999999999574, -8.750000000000000000, -1.600000000000000089 ) ) ;
#982 = VECTOR ( 'NONE', #846, 1000.000000000000000 ) ;
#983 = PLANE ( 'NONE',  #5727 ) ;
#984 = CARTESIAN_POINT ( 'NONE',  ( 45.00000000000000711, 26.00000000000002132, -15.50000000000000178 ) ) ;
#985 = DIRECTION ( 'NONE',  ( -1.000000000000000000, 0.000000000000000000, 0.000000000000000000 ) ) ;
#986 = VECTOR ( 'NONE', #5028, 1000.000000000000000 ) ;
#987 = CARTESIAN_POINT ( 'NONE',  ( -45.00000000000000000, 28.40000000000000213, -1.600000000000000755 ) ) ;
#988 = DIRECTION ( 'NONE',  ( 0.000000000000000000, 0.000000000000000000, -1.000000000000000000 ) ) ;
#989 = EDGE_CURVE ( 'NONE', #1684, #563, #3770, .T. ) ;
#990 = CARTESIAN_POINT ( 'NONE',  ( 45.00000000000000000, 31.00000000000000000, -12.60000000000001741 ) ) ;
#991 = ORIENTED_EDGE ( 'NONE', *, *, #2675, .T. ) ;
#992 = VECTOR ( 'NONE', #1119, 1000.000000000000000 ) ;
#993 = LINE ( 'NONE', #6221, #3973 ) ;
#994 = ORIENTED_EDGE ( 'NONE', *, *, #712, .T. ) ;
#995 = CARTESIAN_POINT ( 'NONE',  ( -48.00000000000000000, 13.43999999999999950, -6.419999999999999929 ) ) ;
#996 = EDGE_CURVE ( 'NONE', #2905, #1157, #3819, .T. ) ;
#997 = PLANE ( 'NONE',  #2419 ) ;
#998 = DIRECTION ( 'NONE',  ( 0.000000000000000000, 0.000000000000000000, 1.000000000000000000 ) ) ;
#999 = VERTEX_POINT ( 'NONE', #6460 ) ;
#1000 = DIRECTION ( 'NONE',  ( 1.000000000000000000, 0.000000000000000000, 0.000000000000000000 ) ) ;
#1001 = ADVANCED_FACE ( 'NONE', ( #4808 ), #4879, .T. ) ;
#1002 = VECTOR ( 'NONE', #1898, 1000.000000000000000 ) ;
#1003 = ADVANCED_FACE ( 'NONE', ( #6355 ), #3400, .T. ) ;
#1004 = ORIENTED_EDGE ( 'NONE', *, *, #5566, .F. ) ;
#1005 = CARTESIAN_POINT ( 'NONE',  ( -48.00000000000000000, 4.089999999999996305, -6.070000000000000284 ) ) ;
#1006 = ORIENTED_EDGE ( 'NONE', *, *, #5761, .F. ) ;
#1007 = DIRECTION ( 'NONE',  ( 1.000000000000000000, 0.000000000000000000, 0.000000000000000000 ) ) ;
#1008 = ORIENTED_EDGE ( 'NONE', *, *, #1421, .F. ) ;
#1009 = AXIS2_PLACEMENT_3D ( 'NONE', #984, #3058, #574 ) ;
#1010 = CIRCLE ( 'NONE', #1331, 2.999999999999999112 ) ;
#1011 = EDGE_CURVE ( 'NONE', #1722, #5441, #223, .T. ) ;
#1012 = EDGE_CURVE ( 'NONE', #4659, #2920, #1754, .T. ) ;
#1013 = ORIENTED_EDGE ( 'NONE', *, *, #4055, .T. ) ;
#1014 = CONICAL_SURFACE ( 'NONE', #4641, 5.000000000000004441, 0.7853981633974678189 ) ;
#1015 = VECTOR ( 'NONE', #1520, 1000.000000000000000 ) ;
#1016 = VERTEX_POINT ( 'NONE', #4313 ) ;
#1017 = DIRECTION ( 'NONE',  ( 0.000000000000000000, 0.000000000000000000, 1.000000000000000000 ) ) ;
#1018 = CARTESIAN_POINT ( 'NONE',  ( -48.00000000000000000, 15.88999999999999702, -12.06999999999999673 ) ) ;
#1019 = FACE_BOUND ( 'NONE', #5324, .T. ) ;
#1020 = DIRECTION ( 'NONE',  ( -0.000000000000000000, 0.000000000000000000, -1.000000000000000000 ) ) ;
#1021 = CONICAL_SURFACE ( 'NONE', #376, 3.909999999999996589, 0.3028848683749718051 ) ;
#1022 = AXIS2_PLACEMENT_3D ( 'NONE', #299, #3874, #5924 ) ;
#1023 = DIRECTION ( 'NONE',  ( -1.000000000000000000, 0.000000000000000000, 0.000000000000000000 ) ) ;
#1024 = DIRECTION ( 'NONE',  ( 1.000000000000000000, 0.000000000000000000, 0.000000000000000000 ) ) ;
#1025 = DIRECTION ( 'NONE',  ( 0.000000000000000000, 1.000000000000000000, 0.000000000000000000 ) ) ;
#1026 = VECTOR ( 'NONE', #543, 1000.000000000000000 ) ;
#1027 = CARTESIAN_POINT ( 'NONE',  ( 21.39999999999999858, -24.05000000000000071, -10.65000000000000391 ) ) ;
#1028 = VERTEX_POINT ( 'NONE', #261 ) ;
#1029 = CIRCLE ( 'NONE', #3485, 3.000000000000002665 ) ;
#1030 = DIRECTION ( 'NONE',  ( 0.000000000000000000, 0.000000000000000000, 1.000000000000000000 ) ) ;
#1031 = VERTEX_POINT ( 'NONE', #1391 ) ;
#1032 = DIRECTION ( 'NONE',  ( 0.000000000000000000, 0.000000000000000000, 1.000000000000000000 ) ) ;
#1033 = CIRCLE ( 'NONE', #3385, 2.049999999999999822 ) ;
#1034 = CARTESIAN_POINT ( 'NONE',  ( -39.91000000000001080, 27.21376043070339534, 0.000000000000000000 ) ) ;
#1035 = DIRECTION ( 'NONE',  ( 0.000000000000000000, 0.000000000000000000, 1.000000000000000000 ) ) ;
#1036 = ORIENTED_EDGE ( 'NONE', *, *, #3308, .T. ) ;
#1037 = CIRCLE ( 'NONE', #4781, 0.9999999999999958922 ) ;
#1038 = DIRECTION ( 'NONE',  ( -1.000000000000000000, 0.000000000000000000, 0.000000000000000000 ) ) ;
#1039 = ADVANCED_FACE ( 'NONE', ( #5417 ), #3426, .T. ) ;
#1040 = ORIENTED_EDGE ( 'NONE', *, *, #3494, .F. ) ;
#1041 = DIRECTION ( 'NONE',  ( 0.000000000000000000, 0.000000000000000000, -1.000000000000000000 ) ) ;
#1042 = VERTEX_POINT ( 'NONE', #2256 ) ;
#1043 = PLANE ( 'NONE',  #1304 ) ;
#1044 = EDGE_CURVE ( 'NONE', #3705, #2261, #6065, .T. ) ;
#1045 = ORIENTED_EDGE ( 'NONE', *, *, #1490, .F. ) ;
#1046 = LINE ( 'NONE', #7, #231 ) ;
#1047 = ORIENTED_EDGE ( 'NONE', *, *, #96, .F. ) ;
#1048 = CARTESIAN_POINT ( 'NONE',  ( 20.25000000000000000, 18.14498743710661444, -1.600000000000000089 ) ) ;
#1049 = DIRECTION ( 'NONE',  ( -1.000000000000000000, 0.000000000000000000, 0.000000000000000000 ) ) ;
#1050 = DIRECTION ( 'NONE',  ( 1.000000000000000000, 0.000000000000000000, 0.000000000000000000 ) ) ;
#1051 = LINE ( 'NONE', #547, #4539 ) ;
#1052 = DIRECTION ( 'NONE',  ( 0.000000000000000000, 1.000000000000000000, -0.000000000000000000 ) ) ;
#1053 = VERTEX_POINT ( 'NONE', #2395 ) ;
#1054 = LINE ( 'NONE', #987, #5943 ) ;
#1055 = CARTESIAN_POINT ( 'NONE',  ( -43.19999999999999574, -9.750000000000000000, -4.969999999999999751 ) ) ;
#1056 = DIRECTION ( 'NONE',  ( 0.000000000000000000, 0.7071067811865452413, 0.7071067811865497932 ) ) ;
#1057 = ORIENTED_EDGE ( 'NONE', *, *, #5093, .T. ) ;
#1058 = DIRECTION ( 'NONE',  ( -1.000000000000000000, 0.000000000000000000, 0.000000000000000000 ) ) ;
#1059 = ORIENTED_EDGE ( 'NONE', *, *, #6365, .T. ) ;
#1060 = CARTESIAN_POINT ( 'NONE',  ( 39.34999999999999432, 17.25000000000000000, -2.000000000000000000 ) ) ;
#1061 = LINE ( 'NONE', #5020, #3812 ) ;
#1062 = DIRECTION ( 'NONE',  ( 0.000000000000000000, 0.000000000000000000, 1.000000000000000000 ) ) ;
#1063 = VERTEX_POINT ( 'NONE', #5343 ) ;
#1064 = FACE_OUTER_BOUND ( 'NONE', #4220, .T. ) ;
#1065 = VERTEX_POINT ( 'NONE', #4345 ) ;
#1066 = CARTESIAN_POINT ( 'NONE',  ( -46.80000000000000426, -15.90000000000000036, -6.000000000000000000 ) ) ;
#1067 = ORIENTED_EDGE ( 'NONE', *, *, #3901, .T. ) ;
#1068 = DIRECTION ( 'NONE',  ( 0.000000000000000000, 1.000000000000000000, -0.000000000000000000 ) ) ;
#1069 = EDGE_CURVE ( 'NONE', #469, #1480, #2796, .T. ) ;
#1070 = AXIS2_PLACEMENT_3D ( 'NONE', #5462, #5976, #4460 ) ;
#1071 = ORIENTED_EDGE ( 'NONE', *, *, #4628, .F. ) ;
#1072 = DIRECTION ( 'NONE',  ( 1.000000000000000000, 0.000000000000000000, 0.000000000000000000 ) ) ;
#1073 = EDGE_LOOP ( 'NONE', ( #1397, #1998 ) ) ;
#1074 = CARTESIAN_POINT ( 'NONE',  ( -50.00000000000000000, 15.88999999999999702, -4.869999999999999218 ) ) ;
#1075 = VECTOR ( 'NONE', #1610, 1000.000000000000000 ) ;
#1076 = FACE_BOUND ( 'NONE', #253, .T. ) ;
#1077 = DIRECTION ( 'NONE',  ( -0.000000000000000000, -0.000000000000000000, -1.000000000000000000 ) ) ;
#1078 = CARTESIAN_POINT ( 'NONE',  ( 0.7999999999999972689, -8.320000000000005613, -7.500000000000000888 ) ) ;
#1079 = VECTOR ( 'NONE', #5720, 1000.000000000000000 ) ;
#1080 = ADVANCED_FACE ( 'NONE', ( #2830 ), #3275, .T. ) ;
#1081 = ORIENTED_EDGE ( 'NONE', *, *, #6117, .F. ) ;
#1082 = CARTESIAN_POINT ( 'NONE',  ( -41.42000000000000881, -7.120000000000005436, -1.600000000000000089 ) ) ;
#1083 = CARTESIAN_POINT ( 'NONE',  ( -43.19999999999999574, -27.35000000000000142, -1.600000000000000089 ) ) ;
#1084 = DIRECTION ( 'NONE',  ( 0.000000000000000000, 0.000000000000000000, -1.000000000000000000 ) ) ;
#1085 = VERTEX_POINT ( 'NONE', #296 ) ;
#1086 = PLANE ( 'NONE',  #118 ) ;
#1087 = AXIS2_PLACEMENT_3D ( 'NONE', #2551, #2038, #3314 ) ;
#1088 = EDGE_LOOP ( 'NONE', ( #3997, #1489, #3895, #2821, #5811, #4850, #991, #951 ) ) ;
#1089 = ADVANCED_FACE ( 'NONE', ( #5856 ), #3302, .T. ) ;
#1090 = CARTESIAN_POINT ( 'NONE',  ( 49.60000000000000853, -26.00000000000000355, -13.00000000000000178 ) ) ;
#1091 = EDGE_CURVE ( 'NONE', #1380, #6413, #5962, .T. ) ;
#1092 = DIRECTION ( 'NONE',  ( 1.000000000000000000, 0.000000000000000000, 0.000000000000000000 ) ) ;
#1093 = CARTESIAN_POINT ( 'NONE',  ( 44.99999999999999289, -29.66000000000000725, -15.50000000000000178 ) ) ;
#1094 = AXIS2_PLACEMENT_3D ( 'NONE', #2297, #4443, #789 ) ;
#1095 = ORIENTED_EDGE ( 'NONE', *, *, #6493, .F. ) ;
#1096 = CARTESIAN_POINT ( 'NONE',  ( 20.35000000000000497, 3.849999999999999645, -0.6999999999999998446 ) ) ;
#1097 = CARTESIAN_POINT ( 'NONE',  ( -50.00000000000000000, -12.05000000000000249, -8.400000000000000355 ) ) ;
#1098 = EDGE_CURVE ( 'NONE', #3337, #4964, #1245, .T. ) ;
#1099 = EDGE_CURVE ( 'NONE', #4328, #2786, #2540, .T. ) ;
#1100 = VERTEX_POINT ( 'NONE', #5957 ) ;
#1101 = ORIENTED_EDGE ( 'NONE', *, *, #1408, .T. ) ;
#1102 = DIRECTION ( 'NONE',  ( 0.000000000000000000, 0.000000000000000000, -1.000000000000000000 ) ) ;
#1103 = VECTOR ( 'NONE', #5054, 1000.000000000000000 ) ;
#1104 = EDGE_CURVE ( 'NONE', #1446, #2270, #1821, .T. ) ;
#1105 = EDGE_CURVE ( 'NONE', #1704, #1402, #4441, .T. ) ;
#1106 = ORIENTED_EDGE ( 'NONE', *, *, #31, .F. ) ;
#1107 = DIRECTION ( 'NONE',  ( -0.000000000000000000, 0.000000000000000000, -1.000000000000000000 ) ) ;
#1108 = VECTOR ( 'NONE', #3185, 1000.000000000000000 ) ;
#1109 = ORIENTED_EDGE ( 'NONE', *, *, #1098, .F. ) ;
#1110 = CARTESIAN_POINT ( 'NONE',  ( -47.39999999999999858, -21.20000000000000284, -8.250000000000000000 ) ) ;
#1111 = DIRECTION ( 'NONE',  ( 0.000000000000000000, 1.000000000000000000, 0.000000000000000000 ) ) ;
#1112 = LINE ( 'NONE', #2653, #1645 ) ;
#1113 = FACE_BOUND ( 'NONE', #3799, .T. ) ;
#1114 = EDGE_CURVE ( 'NONE', #1264, #5058, #389, .T. ) ;
#1115 = EDGE_CURVE ( 'NONE', #6078, #5197, #3709, .T. ) ;
#1116 = AXIS2_PLACEMENT_3D ( 'NONE', #2665, #117, #4246 ) ;
#1117 = ORIENTED_EDGE ( 'NONE', *, *, #4152, .F. ) ;
#1118 = CARTESIAN_POINT ( 'NONE',  ( -9.399999999999998579, -24.05000000000000071, -1.600000000000000755 ) ) ;
#1119 = DIRECTION ( 'NONE',  ( 0.000000000000000000, 0.7071067811865597852, -0.7071067811865352493 ) ) ;
#1120 = CARTESIAN_POINT ( 'NONE',  ( -9.400000000000000355, -24.05000000000000071, -1.600000000000000089 ) ) ;
#1121 = ORIENTED_EDGE ( 'NONE', *, *, #6543, .T. ) ;
#1122 = LINE ( 'NONE', #5752, #2633 ) ;
#1123 = CIRCLE ( 'NONE', #1976, 1.199999999999998845 ) ;
#1124 = AXIS2_PLACEMENT_3D ( 'NONE', #3855, #3013, #5063 ) ;
#1125 = CARTESIAN_POINT ( 'NONE',  ( -50.00000000000000000, 17.08999999999999631, -6.070000000000000284 ) ) ;
#1126 = ORIENTED_EDGE ( 'NONE', *, *, #2015, .T. ) ;
#1127 = EDGE_CURVE ( 'NONE', #4257, #2250, #6396, .T. ) ;
#1128 = DIRECTION ( 'NONE',  ( -1.000000000000000000, 0.000000000000000000, 0.000000000000000000 ) ) ;
#1129 = VECTOR ( 'NONE', #2957, 1000.000000000000000 ) ;
#1130 = LINE ( 'NONE', #1190, #2721 ) ;
#1131 = PLANE ( 'NONE',  #6591 ) ;
#1132 = ORIENTED_EDGE ( 'NONE', *, *, #4994, .T. ) ;
#1133 = ADVANCED_FACE ( 'NONE', ( #2432 ), #957, .T. ) ;
#1134 = CARTESIAN_POINT ( 'NONE',  ( 39.35000000000000142, 4.749999999999997335, -1.600000000000000755 ) ) ;
#1135 = VECTOR ( 'NONE', #1427, 1000.000000000000000 ) ;
#1136 = CARTESIAN_POINT ( 'NONE',  ( -46.80000000000000426, 13.43999999999999950, -6.419999999999999929 ) ) ;
#1137 = CIRCLE ( 'NONE', #4127, 2.300000000000024247 ) ;
#1138 = EDGE_CURVE ( 'NONE', #1345, #5438, #420, .T. ) ;
#1139 = ORIENTED_EDGE ( 'NONE', *, *, #615, .F. ) ;
#1140 = EDGE_LOOP ( 'NONE', ( #5784, #3965, #6629, #6439 ) ) ;
#1141 = CARTESIAN_POINT ( 'NONE',  ( 37.75000000000000000, 17.25000000000000000, -2.000000000000000000 ) ) ;
#1142 = VECTOR ( 'NONE', #2627, 1000.000000000000000 ) ;
#1143 = EDGE_LOOP ( 'NONE', ( #4553, #6544, #3843, #2438, #3139, #326, #4749, #5994 ) ) ;
#1144 = DIRECTION ( 'NONE',  ( 0.000000000000000000, 0.000000000000000000, 1.000000000000000000 ) ) ;
#1145 = ORIENTED_EDGE ( 'NONE', *, *, #6082, .F. ) ;
#1146 = CYLINDRICAL_SURFACE ( 'NONE', #3333, 0.9999999999999870104 ) ;
#1147 = CARTESIAN_POINT ( 'NONE',  ( 26.00000000000000355, 6.699999999999986855, -0.6999999999999998446 ) ) ;
#1148 = DIRECTION ( 'NONE',  ( 0.000000000000000000, 0.000000000000000000, 1.000000000000000000 ) ) ;
#1149 = DIRECTION ( 'NONE',  ( 0.000000000000000000, 0.000000000000000000, 1.000000000000000000 ) ) ;
#1150 = ORIENTED_EDGE ( 'NONE', *, *, #1987, .T. ) ;
#1151 = DIRECTION ( 'NONE',  ( 0.000000000000000000, -0.000000000000000000, 1.000000000000000000 ) ) ;
#1152 = CARTESIAN_POINT ( 'NONE',  ( 20.25000000000000000, 4.749999999999999112, -2.000000000000000000 ) ) ;
#1153 = DIRECTION ( 'NONE',  ( 1.000000000000000000, 0.000000000000000000, 0.000000000000000000 ) ) ;
#1154 = ORIENTED_EDGE ( 'NONE', *, *, #5173, .F. ) ;
#1155 = CARTESIAN_POINT ( 'NONE',  ( 23.69999999999998863, 13.00000000000000178, -0.6999999999999998446 ) ) ;
#1156 = ADVANCED_FACE ( 'NONE', ( #1429 ), #5479, .F. ) ;
#1157 = VERTEX_POINT ( 'NONE', #2495 ) ;
#1158 = CARTESIAN_POINT ( 'NONE',  ( 20.25000000000000000, 4.749999999999999112, -2.000000000000000000 ) ) ;
#1159 = PLANE ( 'NONE',  #692 ) ;
#1160 = CARTESIAN_POINT ( 'NONE',  ( -0.3100000000000048828, -4.110000000000004761, -1.600000000000000755 ) ) ;
#1161 = VERTEX_POINT ( 'NONE', #453 ) ;
#1162 = LINE ( 'NONE', #5862, #6226 ) ;
#1163 = CARTESIAN_POINT ( 'NONE',  ( 47.39999999999999858, -26.00000000000000355, -15.50000000000000178 ) ) ;
#1164 = EDGE_CURVE ( 'NONE', #5581, #832, #2458, .T. ) ;
#1165 = ORIENTED_EDGE ( 'NONE', *, *, #6552, .F. ) ;
#1166 = LINE ( 'NONE', #4253, #2937 ) ;
#1167 = ORIENTED_EDGE ( 'NONE', *, *, #5011, .F. ) ;
#1168 = FACE_OUTER_BOUND ( 'NONE', #3787, .T. ) ;
#1169 = EDGE_CURVE ( 'NONE', #6615, #4318, #1556, .T. ) ;
#1170 = VERTEX_POINT ( 'NONE', #3561 ) ;
#1171 = DIRECTION ( 'NONE',  ( 1.000000000000000000, 0.000000000000000000, 0.000000000000000000 ) ) ;
#1172 = ORIENTED_EDGE ( 'NONE', *, *, #5557, .F. ) ;
#1173 = CARTESIAN_POINT ( 'NONE',  ( -18.89999999999999503, -26.20000000000000284, -4.969999999999999751 ) ) ;
#1174 = DIRECTION ( 'NONE',  ( 0.000000000000000000, 0.000000000000000000, -1.000000000000000000 ) ) ;
#1175 = CARTESIAN_POINT ( 'NONE',  ( 21.39999999999999858, -24.05000000000000071, -10.65000000000000391 ) ) ;
#1176 = LINE ( 'NONE', #3216, #3968 ) ;
#1177 = ADVANCED_FACE ( 'NONE', ( #2534 ), #6016, .T. ) ;
#1178 = AXIS2_PLACEMENT_3D ( 'NONE', #5096, #3739, #1726 ) ;
#1179 = EDGE_LOOP ( 'NONE', ( #3506, #1920, #2925, #5025 ) ) ;
#1180 = CARTESIAN_POINT ( 'NONE',  ( -48.00000000000000000, -25.05000000000000426, -3.600000000000000533 ) ) ;
#1181 = PLANE ( 'NONE',  #4195 ) ;
#1182 = CARTESIAN_POINT ( 'NONE',  ( -50.00000000000000000, -25.05000000000000426, -8.400000000000000355 ) ) ;
#1183 = VERTEX_POINT ( 'NONE', #4540 ) ;
#1184 = DIRECTION ( 'NONE',  ( 0.000000000000000000, -1.000000000000000000, 0.000000000000000000 ) ) ;
#1185 = DIRECTION ( 'NONE',  ( 1.000000000000000000, 0.000000000000000000, 0.000000000000000000 ) ) ;
#1186 = ORIENTED_EDGE ( 'NONE', *, *, #131, .T. ) ;
#1187 = CARTESIAN_POINT ( 'NONE',  ( -50.00000000000000000, -25.05000000000000426, -3.600000000000000533 ) ) ;
#1188 = VECTOR ( 'NONE', #4760, 1000.000000000000000 ) ;
#1189 = ADVANCED_FACE ( 'NONE', ( #1992 ), #3023, .T. ) ;
#1190 = CARTESIAN_POINT ( 'NONE',  ( -48.00000000000000000, 5.289999999999997371, -4.869999999999999218 ) ) ;
#1191 = VECTOR ( 'NONE', #5424, 1000.000000000000000 ) ;
#1192 = LINE ( 'NONE', #4051, #5791 ) ;
#1193 = CARTESIAN_POINT ( 'NONE',  ( 45.00000000000000000, 31.00000000000000000, -13.00000000000000178 ) ) ;
#1194 = VERTEX_POINT ( 'NONE', #5074 ) ;
#1195 = AXIS2_PLACEMENT_3D ( 'NONE', #814, #2816, #6444 ) ;
#1196 = PLANE ( 'NONE',  #4612 ) ;
#1197 = CARTESIAN_POINT ( 'NONE',  ( 34.00000000000000000, -29.80000000000000071, -13.00000000000000178 ) ) ;
#1198 = CIRCLE ( 'NONE', #2052, 1.000000000000000888 ) ;
#1199 = VERTEX_POINT ( 'NONE', #1921 ) ;
#1200 = LINE ( 'NONE', #3239, #6596 ) ;
#1201 = ORIENTED_EDGE ( 'NONE', *, *, #2505, .T. ) ;
#1202 = PLANE ( 'NONE',  #2155 ) ;
#1203 = EDGE_CURVE ( 'NONE', #340, #5197, #489, .T. ) ;
#1204 = VECTOR ( 'NONE', #6358, 1000.000000000000000 ) ;
#1205 = EDGE_CURVE ( 'NONE', #134, #366, #6088, .T. ) ;
#1206 = APPLICATION_CONTEXT ( 'automotive_design' ) ;
#1207 = VERTEX_POINT ( 'NONE', #1955 ) ;
#1208 = DIRECTION ( 'NONE',  ( 1.000000000000000000, 0.000000000000000000, 0.000000000000000000 ) ) ;
#1209 = ORIENTED_EDGE ( 'NONE', *, *, #2050, .T. ) ;
#1210 = DIRECTION ( 'NONE',  ( 0.000000000000000000, 0.000000000000000000, 1.000000000000000000 ) ) ;
#1211 = EDGE_CURVE ( 'NONE', #1402, #842, #521, .T. ) ;
#1212 = FACE_OUTER_BOUND ( 'NONE', #6408, .T. ) ;
#1213 = ADVANCED_FACE ( 'NONE', ( #5012 ), #4507, .F. ) ;
#1214 = CARTESIAN_POINT ( 'NONE',  ( -44.99999999999999289, -29.91000000000000014, -13.90000000000000036 ) ) ;
#1215 = LINE ( 'NONE', #5333, #4508 ) ;
#1216 = CIRCLE ( 'NONE', #4741, 1.200000000000000622 ) ;
#1217 = ORIENTED_EDGE ( 'NONE', *, *, #2031, .T. ) ;
#1218 = DIRECTION ( 'NONE',  ( -0.000000000000000000, 1.000000000000000000, 0.000000000000000000 ) ) ;
#1219 = CARTESIAN_POINT ( 'NONE',  ( 41.99999999999999289, -31.00000000000000000, -12.60000000000001741 ) ) ;
#1220 = LINE ( 'NONE', #2122, #6063 ) ;
#1221 = EDGE_LOOP ( 'NONE', ( #154, #4886, #4800, #30 ) ) ;
#1222 = CARTESIAN_POINT ( 'NONE',  ( 37.35000000000000142, 20.05000000000000071, -1.600000000000000089 ) ) ;
#1223 = DIRECTION ( 'NONE',  ( 0.000000000000000000, 0.000000000000000000, 1.000000000000000000 ) ) ;
#1224 = VERTEX_POINT ( 'NONE', #1522 ) ;
#1225 = AXIS2_PLACEMENT_3D ( 'NONE', #4883, #3840, #4980 ) ;
#1226 = CARTESIAN_POINT ( 'NONE',  ( 44.29999999999999716, -22.00000000000000000, -16.39999999999999858 ) ) ;
#1227 = CARTESIAN_POINT ( 'NONE',  ( -9.400000000000000355, -12.05000000000000249, -10.65000000000000391 ) ) ;
#1228 = CYLINDRICAL_SURFACE ( 'NONE', #2892, 1.000000000000000888 ) ;
#1229 = DIRECTION ( 'NONE',  ( -0.000000000000000000, -0.000000000000000000, -1.000000000000000000 ) ) ;
#1230 = ORIENTED_EDGE ( 'NONE', *, *, #4683, .T. ) ;
#1231 = VECTOR ( 'NONE', #3689, 1000.000000000000000 ) ;
#1232 = DIRECTION ( 'NONE',  ( -1.000000000000000000, 0.000000000000000000, 0.000000000000000000 ) ) ;
#1233 = PLANE ( 'NONE',  #4533 ) ;
#1234 = VECTOR ( 'NONE', #62, 1000.000000000000000 ) ;
#1235 = AXIS2_PLACEMENT_3D ( 'NONE', #3603, #3627, #457 ) ;
#1236 = ORIENTED_EDGE ( 'NONE', *, *, #5, .F. ) ;
#1237 = CARTESIAN_POINT ( 'NONE',  ( -45.69999999999999574, -25.60000000000000142, -3.169999999999999929 ) ) ;
#1238 = ORIENTED_EDGE ( 'NONE', *, *, #2098, .F. ) ;
#1239 = LINE ( 'NONE', #1267, #1946 ) ;
#1240 = CIRCLE ( 'NONE', #3701, 3.909999999999996589 ) ;
#1241 = EDGE_CURVE ( 'NONE', #2100, #905, #1890, .T. ) ;
#1242 = ORIENTED_EDGE ( 'NONE', *, *, #2316, .T. ) ;
#1243 = LINE ( 'NONE', #5328, #6223 ) ;
#1244 = ORIENTED_EDGE ( 'NONE', *, *, #2014, .T. ) ;
#1245 = CIRCLE ( 'NONE', #4998, 2.399999999999992362 ) ;
#1246 = CARTESIAN_POINT ( 'NONE',  ( -45.00000000000000711, 4.749999999999997335, -1.600000000000000755 ) ) ;
#1247 = CARTESIAN_POINT ( 'NONE',  ( -48.15999999999999659, -26.00000000000000711, -15.50000000000000178 ) ) ;
#1248 = LINE ( 'NONE', #5332, #3572 ) ;
#1249 = CARTESIAN_POINT ( 'NONE',  ( -45.00000000000000711, 26.00000000000002132, -15.50000000000000178 ) ) ;
#1250 = EDGE_LOOP ( 'NONE', ( #2452, #83, #963, #5537 ) ) ;
#1251 = FACE_OUTER_BOUND ( 'NONE', #2156, .T. ) ;
#1252 = LINE ( 'NONE', #1357, #2476 ) ;
#1253 = CARTESIAN_POINT ( 'NONE',  ( -45.00000000000000000, -29.66000000000000014, -14.69999999999999929 ) ) ;
#1254 = DIRECTION ( 'NONE',  ( 1.000000000000000000, 0.000000000000000000, 0.000000000000000000 ) ) ;
#1255 = DIRECTION ( 'NONE',  ( -1.000000000000000000, 0.000000000000000000, 0.000000000000000000 ) ) ;
#1256 = ORIENTED_EDGE ( 'NONE', *, *, #5421, .T. ) ;
#1257 = DIRECTION ( 'NONE',  ( -1.000000000000000000, -0.000000000000000000, -0.000000000000000000 ) ) ;
#1258 = FACE_OUTER_BOUND ( 'NONE', #3053, .T. ) ;
#1259 = CARTESIAN_POINT ( 'NONE',  ( 45.50000000000000000, -14.00000000000000000, -1.600000000000000089 ) ) ;
#1260 = CARTESIAN_POINT ( 'NONE',  ( 37.65000000000000568, 17.14999999999999858, -1.600000000000000089 ) ) ;
#1261 = ORIENTED_EDGE ( 'NONE', *, *, #2381, .T. ) ;
#1262 = CARTESIAN_POINT ( 'NONE',  ( 0.000000000000000000, 0.000000000000000000, -15.10000000000000142 ) ) ;
#1263 = DIRECTION ( 'NONE',  ( 0.000000000000000000, -1.000000000000000000, 0.000000000000000000 ) ) ;
#1264 = VERTEX_POINT ( 'NONE', #4601 ) ;
#1265 = DIRECTION ( 'NONE',  ( 0.000000000000000000, 1.000000000000000000, -0.000000000000000000 ) ) ;
#1266 = ORIENTED_EDGE ( 'NONE', *, *, #2769, .F. ) ;
#1267 = CARTESIAN_POINT ( 'NONE',  ( 21.39999999999999858, -24.05000000000000071, -10.65000000000000391 ) ) ;
#1268 = ORIENTED_EDGE ( 'NONE', *, *, #5348, .T. ) ;
#1269 = EDGE_CURVE ( 'NONE', #5968, #4970, #2145, .T. ) ;
#1270 = CARTESIAN_POINT ( 'NONE',  ( 34.00000000000000000, -29.80000000000000071, -11.19999999999999929 ) ) ;
#1271 = VERTEX_POINT ( 'NONE', #2720 ) ;
#1272 = LINE ( 'NONE', #3854, #1835 ) ;
#1273 = CARTESIAN_POINT ( 'NONE',  ( 37.35000000000000142, 18.85000000000000142, -1.600000000000000089 ) ) ;
#1274 = DIRECTION ( 'NONE',  ( 1.000000000000000000, 0.000000000000000000, 0.000000000000000000 ) ) ;
#1275 = DIRECTION ( 'NONE',  ( 1.000000000000000000, 0.000000000000000000, 0.000000000000000000 ) ) ;
#1276 = EDGE_CURVE ( 'NONE', #1516, #3311, #5235, .T. ) ;
#1277 = EDGE_LOOP ( 'NONE', ( #2300, #4588, #3341, #5143 ) ) ;
#1278 = VERTEX_POINT ( 'NONE', #105 ) ;
#1279 = CARTESIAN_POINT ( 'NONE',  ( -45.00000000000000000, -26.00000000000000355, -13.90000000000000036 ) ) ;
#1280 = CYLINDRICAL_SURFACE ( 'NONE', #4402, 2.399999999999992362 ) ;
#1281 = DIRECTION ( 'NONE',  ( -1.000000000000000000, 0.000000000000000000, 0.000000000000000000 ) ) ;
#1282 = CARTESIAN_POINT ( 'NONE',  ( 0.000000000000000000, 0.000000000000000000, -4.969999999999999751 ) ) ;
#1283 = DIRECTION ( 'NONE',  ( -1.000000000000000000, 0.000000000000000000, 0.000000000000000000 ) ) ;
#1284 = ORIENTED_EDGE ( 'NONE', *, *, #1705, .T. ) ;
#1285 = EDGE_CURVE ( 'NONE', #1842, #5079, #1587, .T. ) ;
#1286 = CARTESIAN_POINT ( 'NONE',  ( -45.00000000000000711, 4.749999999999997335, -1.600000000000000755 ) ) ;
#1287 = ADVANCED_FACE ( 'NONE', ( #4265 ), #3186, .T. ) ;
#1288 = VECTOR ( 'NONE', #4757, 1000.000000000000000 ) ;
#1289 = DIRECTION ( 'NONE',  ( 0.000000000000000000, 1.000000000000000000, 0.000000000000000000 ) ) ;
#1290 = DIRECTION ( 'NONE',  ( -1.000000000000000000, 0.000000000000000000, 0.000000000000000000 ) ) ;
#1291 = CARTESIAN_POINT ( 'NONE',  ( 37.64999999999999858, 18.14999999999999858, -0.6999999999999998446 ) ) ;
#1292 = ORIENTED_EDGE ( 'NONE', *, *, #2884, .T. ) ;
#1293 = VECTOR ( 'NONE', #5771, 1000.000000000000000 ) ;
#1294 = EDGE_CURVE ( 'NONE', #499, #3083, #4156, .T. ) ;
#1295 = DIRECTION ( 'NONE',  ( -0.000000000000000000, -0.000000000000000000, 1.000000000000000000 ) ) ;
#1296 = EDGE_CURVE ( 'NONE', #2866, #413, #4245, .T. ) ;
#1297 = CARTESIAN_POINT ( 'NONE',  ( 45.00000000000000711, -26.00000000000002132, -15.50000000000000178 ) ) ;
#1298 = ORIENTED_EDGE ( 'NONE', *, *, #6046, .F. ) ;
#1299 = AXIS2_PLACEMENT_3D ( 'NONE', #5320, #5893, #3273 ) ;
#1300 = ORIENTED_EDGE ( 'NONE', *, *, #3509, .F. ) ;
#1301 = CARTESIAN_POINT ( 'NONE',  ( 50.00000000000000000, -26.00000000000000355, -2.000000000000000000 ) ) ;
#1302 = VERTEX_POINT ( 'NONE', #2687 ) ;
#1303 = CARTESIAN_POINT ( 'NONE',  ( 19.35000000000000142, 17.14999999999999858, -1.600000000000000089 ) ) ;
#1304 = AXIS2_PLACEMENT_3D ( 'NONE', #5228, #1068, #3178 ) ;
#1305 = EDGE_CURVE ( 'NONE', #3007, #6612, #2591, .T. ) ;
#1306 = EDGE_LOOP ( 'NONE', ( #1539, #749, #5562, #2041 ) ) ;
#1307 = DIRECTION ( 'NONE',  ( 1.000000000000000000, 0.000000000000000000, 0.000000000000000000 ) ) ;
#1308 = VERTEX_POINT ( 'NONE', #4629 ) ;
#1309 = CARTESIAN_POINT ( 'NONE',  ( 38.64999999999999858, 4.850000000000000533, -1.600000000000000089 ) ) ;
#1310 = CONICAL_SURFACE ( 'NONE', #2806, 2.000000000000008882, 0.7853981633974441712 ) ;
#1311 = CARTESIAN_POINT ( 'NONE',  ( -48.65999999999999659, 26.00000000000000355, -15.50000000000000178 ) ) ;
#1312 = EDGE_CURVE ( 'NONE', #6048, #1442, #3623, .T. ) ;
#1313 = CARTESIAN_POINT ( 'NONE',  ( -49.60000000000000853, 26.00000000000000355, -13.00000000000000178 ) ) ;
#1314 = EDGE_CURVE ( 'NONE', #5767, #5105, #576, .T. ) ;
#1315 = VERTEX_POINT ( 'NONE', #4695 ) ;
#1316 = EDGE_LOOP ( 'NONE', ( #2532, #6623, #6442, #4563 ) ) ;
#1317 = CYLINDRICAL_SURFACE ( 'NONE', #162, 1.200000000000006617 ) ;
#1318 = DIRECTION ( 'NONE',  ( 0.000000000000000000, 0.000000000000000000, 1.000000000000000000 ) ) ;
#1319 = CARTESIAN_POINT ( 'NONE',  ( -50.00000000000000000, 26.00000000000000355, -2.000000000000000000 ) ) ;
#1320 = CARTESIAN_POINT ( 'NONE',  ( 48.65999999999999659, -26.00000000000000355, -14.69999999999999929 ) ) ;
#1321 = EDGE_LOOP ( 'NONE', ( #1172, #1545, #1679, #6337 ) ) ;
#1322 = EDGE_CURVE ( 'NONE', #466, #1308, #2084, .T. ) ;
#1323 = ADVANCED_FACE ( 'NONE', ( #5776, #1113, #4194 ), #4128, .T. ) ;
#1324 = VECTOR ( 'NONE', #564, 1000.000000000000000 ) ;
#1325 = DIRECTION ( 'NONE',  ( 1.000000000000000000, 0.000000000000000000, 0.000000000000000000 ) ) ;
#1326 = DIRECTION ( 'NONE',  ( -0.000000000000000000, 1.000000000000000000, -0.000000000000000000 ) ) ;
#1327 = CARTESIAN_POINT ( 'NONE',  ( -18.89999999999999503, -10.89999999999999858, -1.600000000000000089 ) ) ;
#1328 = CARTESIAN_POINT ( 'NONE',  ( -48.00000000000000000, -23.85000000000000142, -8.399999999999996803 ) ) ;
#1329 = VECTOR ( 'NONE', #2082, 1000.000000000000000 ) ;
#1330 = VERTEX_POINT ( 'NONE', #4232 ) ;
#1331 = AXIS2_PLACEMENT_3D ( 'NONE', #4811, #1229, #5222 ) ;
#1332 = DIRECTION ( 'NONE',  ( -1.000000000000000000, 0.000000000000000000, 0.000000000000000000 ) ) ;
#1333 = EDGE_CURVE ( 'NONE', #111, #88, #6189, .T. ) ;
#1334 = LINE ( 'NONE', #2839, #2282 ) ;
#1335 = EDGE_CURVE ( 'NONE', #4254, #2585, #1037, .T. ) ;
#1336 = ORIENTED_EDGE ( 'NONE', *, *, #6267, .T. ) ;
#1337 = VECTOR ( 'NONE', #890, 1000.000000000000000 ) ;
#1338 = AXIS2_PLACEMENT_3D ( 'NONE', #1681, #3249, #2116 ) ;
#1339 = EDGE_LOOP ( 'NONE', ( #5436, #6470, #113, #3343 ) ) ;
#1340 = CARTESIAN_POINT ( 'NONE',  ( -45.69999999999999574, -10.30000000000000071, -1.600000000000000089 ) ) ;
#1341 = ORIENTED_EDGE ( 'NONE', *, *, #540, .F. ) ;
#1342 = DIRECTION ( 'NONE',  ( 0.000000000000000000, 0.000000000000000000, 1.000000000000000000 ) ) ;
#1343 = AXIS2_PLACEMENT_3D ( 'NONE', #2218, #4267, #6311 ) ;
#1344 = EDGE_CURVE ( 'NONE', #1962, #2869, #5711, .T. ) ;
#1345 = VERTEX_POINT ( 'NONE', #6281 ) ;
#1346 = VECTOR ( 'NONE', #6027, 1000.000000000000000 ) ;
#1347 = CARTESIAN_POINT ( 'NONE',  ( 48.90999999999999659, 26.00000000000000355, -13.90000000000000036 ) ) ;
#1348 = AXIS2_PLACEMENT_3D ( 'NONE', #6393, #3328, #783 ) ;
#1349 = ORIENTED_EDGE ( 'NONE', *, *, #4968, .T. ) ;
#1350 = DIRECTION ( 'NONE',  ( -1.000000000000000000, 0.000000000000000000, 0.000000000000000000 ) ) ;
#1351 = ORIENTED_EDGE ( 'NONE', *, *, #2946, .T. ) ;
#1352 = LINE ( 'NONE', #5439, #5833 ) ;
#1353 = CIRCLE ( 'NONE', #2201, 1.923760430703400193 ) ;
#1354 = VECTOR ( 'NONE', #1032, 1000.000000000000000 ) ;
#1355 = ORIENTED_EDGE ( 'NONE', *, *, #1914, .T. ) ;
#1356 = DIRECTION ( 'NONE',  ( 0.000000000000000000, 0.000000000000000000, -1.000000000000000000 ) ) ;
#1357 = CARTESIAN_POINT ( 'NONE',  ( -45.00000000000000711, 17.25000000000000000, -1.600000000000000755 ) ) ;
#1358 = CARTESIAN_POINT ( 'NONE',  ( 19.35000000000000142, 4.850000000000000533, -0.6999999999999998446 ) ) ;
#1359 = VECTOR ( 'NONE', #6118, 1000.000000000000000 ) ;
#1360 = ORIENTED_EDGE ( 'NONE', *, *, #2380, .T. ) ;
#1361 = CARTESIAN_POINT ( 'NONE',  ( 48.65999999999999659, -26.00000000000000355, -15.00000000000000178 ) ) ;
#1362 = LINE ( 'NONE', #788, #2828 ) ;
#1363 = FACE_OUTER_BOUND ( 'NONE', #4225, .T. ) ;
#1364 = ADVANCED_FACE ( 'NONE', ( #3153 ), #612, .T. ) ;
#1365 = CARTESIAN_POINT ( 'NONE',  ( -46.80000000000000426, 1.114999999999996660, -8.304999999999999716 ) ) ;
#1366 = ORIENTED_EDGE ( 'NONE', *, *, #5654, .F. ) ;
#1367 = FACE_OUTER_BOUND ( 'NONE', #2958, .T. ) ;
#1368 = EDGE_CURVE ( 'NONE', #2274, #863, #1176, .T. ) ;
#1369 = CARTESIAN_POINT ( 'NONE',  ( -48.00000000000000000, -23.85000000000000142, -2.399999999999999467 ) ) ;
#1370 = ORIENTED_EDGE ( 'NONE', *, *, #3985, .F. ) ;
#1371 = ORIENTED_EDGE ( 'NONE', *, *, #6381, .F. ) ;
#1372 = DIRECTION ( 'NONE',  ( 0.000000000000000000, 1.000000000000000000, 0.000000000000000000 ) ) ;
#1373 = ORIENTED_EDGE ( 'NONE', *, *, #5887, .T. ) ;
#1374 = DIRECTION ( 'NONE',  ( -1.000000000000000000, 0.000000000000000000, 0.000000000000000000 ) ) ;
#1375 = EDGE_CURVE ( 'NONE', #3910, #99, #677, .T. ) ;
#1376 = EDGE_LOOP ( 'NONE', ( #6256, #4792, #2827, #278 ) ) ;
#1377 = CARTESIAN_POINT ( 'NONE',  ( 1.613760430703393922, -4.110000000000002984, 0.000000000000000000 ) ) ;
#1378 = EDGE_LOOP ( 'NONE', ( #6351, #136, #6388, #4501 ) ) ;
#1379 = CARTESIAN_POINT ( 'NONE',  ( -18.89999999999999503, -10.89999999999999858, -1.600000000000000089 ) ) ;
#1380 = VERTEX_POINT ( 'NONE', #6386 ) ;
#1381 = DIRECTION ( 'NONE',  ( 0.000000000000000000, -0.7071067811865497932, 0.7071067811865452413 ) ) ;
#1382 = EDGE_CURVE ( 'NONE', #366, #2953, #2999, .T. ) ;
#1383 = EDGE_CURVE ( 'NONE', #6284, #1330, #2752, .T. ) ;
#1384 = ORIENTED_EDGE ( 'NONE', *, *, #917, .F. ) ;
#1385 = ORIENTED_EDGE ( 'NONE', *, *, #5433, .F. ) ;
#1386 = DIRECTION ( 'NONE',  ( 0.000000000000000000, 1.000000000000000000, -0.000000000000000000 ) ) ;
#1387 = CARTESIAN_POINT ( 'NONE',  ( 0.7999999999999972689, -7.120000000000005436, -1.600000000000000089 ) ) ;
#1388 = CARTESIAN_POINT ( 'NONE',  ( -46.80000000000000426, 20.03999999999999559, -8.304999999999999716 ) ) ;
#1389 = VERTEX_POINT ( 'NONE', #2243 ) ;
#1390 = EDGE_CURVE ( 'NONE', #979, #840, #6437, .T. ) ;
#1391 = CARTESIAN_POINT ( 'NONE',  ( 19.35000000000000142, 17.14999999999999858, -1.600000000000000089 ) ) ;
#1392 = FACE_OUTER_BOUND ( 'NONE', #3284, .T. ) ;
#1393 = PLANE ( 'NONE',  #3444 ) ;
#1394 = LINE ( 'NONE', #2924, #6266 ) ;
#1395 = EDGE_LOOP ( 'NONE', ( #5202, #1621, #1646, #3657 ) ) ;
#1396 = DIRECTION ( 'NONE',  ( 0.000000000000000000, -1.000000000000000000, 0.000000000000000000 ) ) ;
#1397 = ORIENTED_EDGE ( 'NONE', *, *, #3966, .T. ) ;
#1398 = AXIS2_PLACEMENT_3D ( 'NONE', #3852, #1171, #2318 ) ;
#1399 = DIRECTION ( 'NONE',  ( -0.000000000000000000, -0.000000000000000000, 1.000000000000000000 ) ) ;
#1400 = ADVANCED_FACE ( 'NONE', ( #2784 ), #5809, .T. ) ;
#1401 = ORIENTED_EDGE ( 'NONE', *, *, #1091, .T. ) ;
#1402 = VERTEX_POINT ( 'NONE', #3251 ) ;
#1403 = CONICAL_SURFACE ( 'NONE', #1608, 1.923760430703407076, 0.5235987755982988157 ) ;
#1404 = FACE_OUTER_BOUND ( 'NONE', #3617, .T. ) ;
#1405 = ORIENTED_EDGE ( 'NONE', *, *, #3322, .T. ) ;
#1406 = DIRECTION ( 'NONE',  ( 0.000000000000000000, 0.000000000000000000, 1.000000000000000000 ) ) ;
#1407 = AXIS2_PLACEMENT_3D ( 'NONE', #4636, #1058, #23 ) ;
#1408 = EDGE_CURVE ( 'NONE', #2786, #5470, #1215, .T. ) ;
#1409 = VECTOR ( 'NONE', #6277, 1000.000000000000000 ) ;
#1410 = EDGE_LOOP ( 'NONE', ( #201, #1385, #3278, #3223 ) ) ;
#1411 = DIRECTION ( 'NONE',  ( 1.000000000000000000, 0.000000000000000000, -0.000000000000000000 ) ) ;
#1412 = VERTEX_POINT ( 'NONE', #2280 ) ;
#1413 = DIRECTION ( 'NONE',  ( -1.000000000000000000, 0.000000000000000000, 0.000000000000000000 ) ) ;
#1414 = ADVANCED_FACE ( 'NONE', ( #5844 ), #5877, .T. ) ;
#1415 = VERTEX_POINT ( 'NONE', #746 ) ;
#1416 = CARTESIAN_POINT ( 'NONE',  ( 0.000000000000000000, 0.000000000000000000, -10.65000000000000391 ) ) ;
#1417 = CIRCLE ( 'NONE', #5157, 1.199999999999997957 ) ;
#1418 = EDGE_CURVE ( 'NONE', #2869, #1063, #5306, .T. ) ;
#1419 = ORIENTED_EDGE ( 'NONE', *, *, #5661, .F. ) ;
#1420 = VECTOR ( 'NONE', #3764, 1000.000000000000000 ) ;
#1422 = ORIENTED_EDGE ( 'NONE', *, *, #5557, .T. ) ;
#1421 = EDGE_CURVE ( 'NONE', #5470, #5968, #2245, .T. ) ;
#1423 = DIRECTION ( 'NONE',  ( 0.000000000000000000, 0.000000000000000000, 1.000000000000000000 ) ) ;
#1424 = CARTESIAN_POINT ( 'NONE',  ( 20.35000000000000497, 18.14999999999999858, -1.600000000000000089 ) ) ;
#1425 = EDGE_CURVE ( 'NONE', #318, #6299, #1046, .T. ) ;
#1426 = EDGE_CURVE ( 'NONE', #4959, #6450, #5576, .T. ) ;
#1427 = DIRECTION ( 'NONE',  ( 1.000000000000000000, 0.000000000000000000, -0.000000000000000000 ) ) ;
#1428 = ORIENTED_EDGE ( 'NONE', *, *, #1881, .T. ) ;
#1429 = FACE_OUTER_BOUND ( 'NONE', #5072, .T. ) ;
#1430 = ADVANCED_FACE ( 'NONE', ( #2555 ), #5738, .T. ) ;
#1431 = CARTESIAN_POINT ( 'NONE',  ( -45.69999999999999574, -25.60000000000000142, -3.169999999999999929 ) ) ;
#1432 = FACE_OUTER_BOUND ( 'NONE', #2035, .T. ) ;
#1433 = DIRECTION ( 'NONE',  ( -1.000000000000000000, 0.000000000000000000, 0.000000000000000000 ) ) ;
#1434 = EDGE_LOOP ( 'NONE', ( #2068, #6205, #6116, #5604 ) ) ;
#1435 = LINE ( 'NONE', #6060, #343 ) ;
#1436 = ORIENTED_EDGE ( 'NONE', *, *, #1505, .F. ) ;
#1437 = CARTESIAN_POINT ( 'NONE',  ( 45.00000000000000000, 25.99999999999999645, -12.60000000000001741 ) ) ;
#1438 = ORIENTED_EDGE ( 'NONE', *, *, #3695, .T. ) ;
#1439 = CIRCLE ( 'NONE', #5067, 2.000000000000001776 ) ;
#1440 = ORIENTED_EDGE ( 'NONE', *, *, #1383, .F. ) ;
#1441 = DIRECTION ( 'NONE',  ( -1.000000000000000000, -0.000000000000000000, -0.000000000000000000 ) ) ;
#1442 = VERTEX_POINT ( 'NONE', #3685 ) ;
#1443 = FACE_OUTER_BOUND ( 'NONE', #1930, .T. ) ;
#1444 = DIRECTION ( 'NONE',  ( 0.000000000000000000, 0.000000000000000000, -1.000000000000000000 ) ) ;
#1445 = AXIS2_PLACEMENT_3D ( 'NONE', #2459, #491, #2536 ) ;
#1446 = VERTEX_POINT ( 'NONE', #98 ) ;
#1447 = CARTESIAN_POINT ( 'NONE',  ( -19.19999999999999574, -27.35000000000000142, -4.969999999999999751 ) ) ;
#1448 = ORIENTED_EDGE ( 'NONE', *, *, #3654, .T. ) ;
#1449 = CARTESIAN_POINT ( 'NONE',  ( 48.90999999999999659, -26.00000000000000355, -13.90000000000000036 ) ) ;
#1450 = EDGE_CURVE ( 'NONE', #1183, #6145, #5640, .T. ) ;
#1451 = VERTEX_POINT ( 'NONE', #3180 ) ;
#1452 = VECTOR ( 'NONE', #6515, 1000.000000000000000 ) ;
#1453 = AXIS2_PLACEMENT_3D ( 'NONE', #1845, #2853, #2423 ) ;
#1454 = DIRECTION ( 'NONE',  ( 1.000000000000000000, 0.000000000000000000, 0.000000000000000000 ) ) ;
#1455 = AXIS2_PLACEMENT_3D ( 'NONE', #5355, #6331, #1735 ) ;
#1456 = VECTOR ( 'NONE', #5780, 1000.000000000000000 ) ;
#1457 = ORIENTED_EDGE ( 'NONE', *, *, #1695, .F. ) ;
#1458 = ORIENTED_EDGE ( 'NONE', *, *, #1375, .T. ) ;
#1459 = CARTESIAN_POINT ( 'NONE',  ( -48.00000000000000000, 5.289999999999996483, -10.51999999999999957 ) ) ;
#1460 = DIRECTION ( 'NONE',  ( 0.7071067811865474617, 0.000000000000000000, 0.7071067811865474617 ) ) ;
#1461 = CARTESIAN_POINT ( 'NONE',  ( 44.99999999999999289, 29.66000000000000369, -15.50000000000000178 ) ) ;
#1462 = CIRCLE ( 'NONE', #4655, 1.199999999999996181 ) ;
#1463 = LINE ( 'NONE', #955, #2693 ) ;
#1464 = AXIS2_PLACEMENT_3D ( 'NONE', #2127, #4703, #1596 ) ;
#1465 = DIRECTION ( 'NONE',  ( 1.000000000000000000, 0.000000000000000000, 0.000000000000000000 ) ) ;
#1466 = PLANE ( 'NONE',  #5193 ) ;
#1467 = CARTESIAN_POINT ( 'NONE',  ( 45.00000000000000000, 28.39999999999999858, -15.50000000000000178 ) ) ;
#1468 = DIRECTION ( 'NONE',  ( 1.000000000000000000, 1.646889375927354291E-14, 0.000000000000000000 ) ) ;
#1469 = ORIENTED_EDGE ( 'NONE', *, *, #4906, .F. ) ;
#1470 = VECTOR ( 'NONE', #1892, 1000.000000000000000 ) ;
#1471 = CARTESIAN_POINT ( 'NONE',  ( -47.39999999999999858, 26.00000000000000355, -1.600000000000000755 ) ) ;
#1472 = VERTEX_POINT ( 'NONE', #5130 ) ;
#1473 = CARTESIAN_POINT ( 'NONE',  ( -45.00000000000000711, -26.00000000000002132, -15.50000000000000178 ) ) ;
#1474 = DIRECTION ( 'NONE',  ( 0.000000000000000000, -1.000000000000000000, 0.000000000000000000 ) ) ;
#1475 = DIRECTION ( 'NONE',  ( 1.000000000000000000, 0.000000000000000000, 0.000000000000000000 ) ) ;
#1476 = ORIENTED_EDGE ( 'NONE', *, *, #6101, .F. ) ;
#1477 = CARTESIAN_POINT ( 'NONE',  ( 48.90999999999999659, -26.00000000000000355, -13.90000000000000036 ) ) ;
#1478 = ORIENTED_EDGE ( 'NONE', *, *, #5873, .T. ) ;
#1479 = DIRECTION ( 'NONE',  ( 0.000000000000000000, -0.2982749931359471307, -0.9544799780350295970 ) ) ;
#1480 = VERTEX_POINT ( 'NONE', #3115 ) ;
#1481 = DIRECTION ( 'NONE',  ( 1.000000000000000000, 0.000000000000000000, 0.000000000000000000 ) ) ;
#1482 = ORIENTED_EDGE ( 'NONE', *, *, #4893, .T. ) ;
#1483 = LINE ( 'NONE', #4498, #1970 ) ;
#1484 = ORIENTED_EDGE ( 'NONE', *, *, #679, .F. ) ;
#1485 = ORIENTED_EDGE ( 'NONE', *, *, #1676, .T. ) ;
#1486 = LINE ( 'NONE', #1985, #2618 ) ;
#1487 = DIRECTION ( 'NONE',  ( 0.000000000000000000, 0.000000000000000000, 1.000000000000000000 ) ) ;
#1488 = FACE_BOUND ( 'NONE', #1752, .T. ) ;
#1489 = ORIENTED_EDGE ( 'NONE', *, *, #2977, .T. ) ;
#1490 = EDGE_CURVE ( 'NONE', #4452, #2850, #1547, .T. ) ;
#1491 = CARTESIAN_POINT ( 'NONE',  ( -10.59999999999999964, -12.05000000000000249, -10.65000000000000391 ) ) ;
#1492 = DIRECTION ( 'NONE',  ( 0.000000000000000000, 1.000000000000000000, -0.000000000000000000 ) ) ;
#1493 = CARTESIAN_POINT ( 'NONE',  ( -44.99999999999999289, 29.66000000000000014, -14.69999999999999929 ) ) ;
#1494 = DIRECTION ( 'NONE',  ( 0.000000000000000000, -1.000000000000000000, 0.000000000000000000 ) ) ;
#1495 = ORIENTED_EDGE ( 'NONE', *, *, #395, .T. ) ;
#1496 = EDGE_CURVE ( 'NONE', #2646, #5131, #3592, .T. ) ;
#1497 = DIRECTION ( 'NONE',  ( 1.000000000000000000, 0.000000000000000000, 0.000000000000000000 ) ) ;
#1498 = EDGE_LOOP ( 'NONE', ( #1630, #4967, #3203, #4935 ) ) ;
#1499 = EDGE_CURVE ( 'NONE', #3880, #4984, #1933, .T. ) ;
#1500 = CARTESIAN_POINT ( 'NONE',  ( -10.59999999999999964, -12.05000000000000249, -10.65000000000000391 ) ) ;
#1501 = FACE_OUTER_BOUND ( 'NONE', #3445, .T. ) ;
#1502 = LINE ( 'NONE', #4552, #2523 ) ;
#1503 = EDGE_LOOP ( 'NONE', ( #5466, #2186, #6020, #1891 ) ) ;
#1504 = EDGE_CURVE ( 'NONE', #1085, #5125, #1678, .T. ) ;
#1505 = EDGE_CURVE ( 'NONE', #6369, #2843, #3145, .T. ) ;
#1506 = CARTESIAN_POINT ( 'NONE',  ( 35.00000000000000711, 13.00000000000000711, 0.000000000000000000 ) ) ;
#1507 = PRESENTATION_LAYER_ASSIGNMENT (  '', '', ( #3536 ) ) ;
#1508 = ORIENTED_EDGE ( 'NONE', *, *, #5472, .T. ) ;
#1509 = CARTESIAN_POINT ( 'NONE',  ( -20.69999999999999574, -26.80000000000000426, -1.600000000000000089 ) ) ;
#1510 = EDGE_LOOP ( 'NONE', ( #3789, #3492, #1512, #4143 ) ) ;
#1511 = PLANE ( 'NONE',  #5591 ) ;
#1512 = ORIENTED_EDGE ( 'NONE', *, *, #5768, .F. ) ;
#1513 = AXIS2_PLACEMENT_3D ( 'NONE', #3558, #416, #5608 ) ;
#1514 = VERTEX_POINT ( 'NONE', #3052 ) ;
#1515 = VECTOR ( 'NONE', #913, 1000.000000000000000 ) ;
#1516 = VERTEX_POINT ( 'NONE', #3618 ) ;
#1517 = CARTESIAN_POINT ( 'NONE',  ( 3.699999999999997513, -3.920000000000005258, -7.500000000000000888 ) ) ;
#1518 = CARTESIAN_POINT ( 'NONE',  ( 26.00000000000000355, 6.699999999999985967, -0.6999999999999998446 ) ) ;
#1519 = AXIS2_PLACEMENT_3D ( 'NONE', #5867, #3241, #703 ) ;
#1520 = DIRECTION ( 'NONE',  ( 0.000000000000000000, -1.000000000000000000, 0.000000000000000000 ) ) ;
#1521 = ORIENTED_EDGE ( 'NONE', *, *, #6240, .T. ) ;
#1522 = CARTESIAN_POINT ( 'NONE',  ( 17.44999999999999929, 1.949999999999999512, -1.600000000000000089 ) ) ;
#1523 = AXIS2_PLACEMENT_3D ( 'NONE', #6333, #4324, #6370 ) ;
#1524 = DIRECTION ( 'NONE',  ( 0.000000000000000000, -0.000000000000000000, -1.000000000000000000 ) ) ;
#1525 = DIRECTION ( 'NONE',  ( 0.000000000000000000, 1.000000000000000000, 0.000000000000000000 ) ) ;
#1526 = CARTESIAN_POINT ( 'NONE',  ( 45.00000000000000711, -26.00000000000001066, -1.600000000000000755 ) ) ;
#1527 = ORIENTED_EDGE ( 'NONE', *, *, #5111, .T. ) ;
#1528 = EDGE_CURVE ( 'NONE', #2628, #3128, #4595, .T. ) ;
#1529 = AXIS2_PLACEMENT_3D ( 'NONE', #5546, #5041, #3970 ) ;
#1530 = CARTESIAN_POINT ( 'NONE',  ( -48.65999999999999659, 26.00000000000000355, -14.69999999999999929 ) ) ;
#1531 = ORIENTED_EDGE ( 'NONE', *, *, #3378, .T. ) ;
#1532 = FACE_OUTER_BOUND ( 'NONE', #4619, .T. ) ;
#1533 = DIRECTION ( 'NONE',  ( 0.000000000000000000, 0.000000000000000000, -1.000000000000000000 ) ) ;
#1534 = CARTESIAN_POINT ( 'NONE',  ( -50.00000000000000000, 15.88999999999999702, -4.869999999999999218 ) ) ;
#1535 = ORIENTED_EDGE ( 'NONE', *, *, #4880, .T. ) ;
#1536 = EDGE_CURVE ( 'NONE', #5721, #4659, #637, .T. ) ;
#1537 = CYLINDRICAL_SURFACE ( 'NONE', #786, 0.9999999999999974465 ) ;
#1538 = CONICAL_SURFACE ( 'NONE', #4325, 3.659999999999989484, 0.7853981633974482790 ) ;
#1539 = ORIENTED_EDGE ( 'NONE', *, *, #5268, .T. ) ;
#1540 = DIRECTION ( 'NONE',  ( 0.000000000000000000, 1.000000000000000000, 0.000000000000000000 ) ) ;
#1541 = VERTEX_POINT ( 'NONE', #606 ) ;
#1542 = DIRECTION ( 'NONE',  ( -1.000000000000000000, 0.000000000000000000, 0.000000000000000000 ) ) ;
#1543 = CONICAL_SURFACE ( 'NONE', #5287, 1.923760430703397306, 0.5235987755982988157 ) ;
#1544 = AXIS2_PLACEMENT_3D ( 'NONE', #3412, #1406, #903 ) ;
#1545 = ORIENTED_EDGE ( 'NONE', *, *, #1285, .F. ) ;
#1546 = VECTOR ( 'NONE', #328, 1000.000000000000000 ) ;
#1547 = LINE ( 'NONE', #6182, #444 ) ;
#1548 = AXIS2_PLACEMENT_3D ( 'NONE', #3596, #6550, #1953 ) ;
#1549 = ORIENTED_EDGE ( 'NONE', *, *, #837, .T. ) ;
#1550 = LINE ( 'NONE', #2917, #5832 ) ;
#1551 = FACE_OUTER_BOUND ( 'NONE', #4736, .T. ) ;
#1552 = DIRECTION ( 'NONE',  ( 1.000000000000000000, 0.000000000000000000, -0.000000000000000000 ) ) ;
#1553 = CARTESIAN_POINT ( 'NONE',  ( -50.00000000000000000, -26.00000000000000355, -12.60000000000001741 ) ) ;
#1554 = AXIS2_PLACEMENT_3D ( 'NONE', #3562, #6152, #5040 ) ;
#1555 = AXIS2_PLACEMENT_3D ( 'NONE', #3940, #859, #892 ) ;
#1556 = LINE ( 'NONE', #6624, #4567 ) ;
#1557 = ORIENTED_EDGE ( 'NONE', *, *, #6580, .F. ) ;
#1558 = PLANE ( 'NONE',  #4218 ) ;
#1559 = CARTESIAN_POINT ( 'NONE',  ( 2.499999999999997335, 27.09999999999999787, -7.500000000000000888 ) ) ;
#1560 = CIRCLE ( 'NONE', #6169, 1.000000000000007772 ) ;
#1561 = CARTESIAN_POINT ( 'NONE',  ( 26.00000000000000355, 15.00000000000000000, -1.000000000000014433 ) ) ;
#1562 = EDGE_LOOP ( 'NONE', ( #4412, #3990, #1738, #5314 ) ) ;
#1563 = VECTOR ( 'NONE', #3261, 1000.000000000000000 ) ;
#1564 = DIRECTION ( 'NONE',  ( 0.000000000000000000, 0.000000000000000000, 1.000000000000000000 ) ) ;
#1565 = VERTEX_POINT ( 'NONE', #2139 ) ;
#1566 = LINE ( 'NONE', #3607, #6276 ) ;
#1567 = EDGE_CURVE ( 'NONE', #638, #6219, #5166, .T. ) ;
#1568 = CIRCLE ( 'NONE', #4887, 5.000000000000004441 ) ;
#1569 = DIRECTION ( 'NONE',  ( 0.000000000000000000, -0.000000000000000000, -1.000000000000000000 ) ) ;
#1570 = CARTESIAN_POINT ( 'NONE',  ( -50.00000000000000000, 26.00000000000000355, -12.60000000000001741 ) ) ;
#1571 = ORIENTED_EDGE ( 'NONE', *, *, #1294, .T. ) ;
#1572 = EDGE_CURVE ( 'NONE', #5794, #4076, #3721, .T. ) ;
#1573 = DIRECTION ( 'NONE',  ( 1.000000000000000000, 0.000000000000000000, 0.000000000000000000 ) ) ;
#1574 = ORIENTED_EDGE ( 'NONE', *, *, #5195, .T. ) ;
#1575 = FILL_AREA_STYLE_COLOUR ( '', #2676 ) ;
#1576 = ORIENTED_EDGE ( 'NONE', *, *, #3168, .F. ) ;
#1577 = CARTESIAN_POINT ( 'NONE',  ( -20.69999999999999574, -25.60000000000000142, -1.600000000000000089 ) ) ;
#1578 = EDGE_CURVE ( 'NONE', #4812, #6219, #762, .T. ) ;
#1579 = ORIENTED_EDGE ( 'NONE', *, *, #2225, .F. ) ;
#1580 = DIRECTION ( 'NONE',  ( 1.000000000000000000, -0.000000000000000000, 0.000000000000000000 ) ) ;
#1581 = VERTEX_POINT ( 'NONE', #1644 ) ;
#1582 = DIRECTION ( 'NONE',  ( 0.000000000000000000, -0.7071067811865627828, 0.7071067811865321406 ) ) ;
#1583 = EDGE_CURVE ( 'NONE', #2013, #636, #2678, .T. ) ;
#1584 = DIRECTION ( 'NONE',  ( 0.000000000000000000, -0.000000000000000000, 1.000000000000000000 ) ) ;
#1585 = EDGE_CURVE ( 'NONE', #1611, #1157, #2169, .T. ) ;
#1586 = LINE ( 'NONE', #6149, #474 ) ;
#1587 = LINE ( 'NONE', #548, #1142 ) ;
#1588 = EDGE_LOOP ( 'NONE', ( #185, #3518 ) ) ;
#1589 = DIRECTION ( 'NONE',  ( 0.000000000000000000, 0.000000000000000000, -1.000000000000000000 ) ) ;
#1590 = DIRECTION ( 'NONE',  ( 1.000000000000000000, 0.000000000000000000, 0.000000000000000000 ) ) ;
#1591 = CARTESIAN_POINT ( 'NONE',  ( -20.69999999999999574, -10.30000000000000071, -3.169999999999999929 ) ) ;
#1592 = ORIENTED_EDGE ( 'NONE', *, *, #3950, .T. ) ;
#1593 = EDGE_CURVE ( 'NONE', #1207, #5864, #1243, .T. ) ;
#1594 = CARTESIAN_POINT ( 'NONE',  ( -47.39999999999999858, 7.739999999999995772, -10.51999999999999957 ) ) ;
#1595 = VERTEX_POINT ( 'NONE', #6441 ) ;
#1596 = DIRECTION ( 'NONE',  ( 0.000000000000000000, 0.000000000000000000, 1.000000000000000000 ) ) ;
#1597 = CARTESIAN_POINT ( 'NONE',  ( 37.65000000000001279, 4.849999999999993427, -1.600000000000000089 ) ) ;
#1598 = CARTESIAN_POINT ( 'NONE',  ( 44.99999999999999289, -29.66000000000000725, -15.50000000000000178 ) ) ;
#1599 = ORIENTED_EDGE ( 'NONE', *, *, #5433, .T. ) ;
#1600 = CARTESIAN_POINT ( 'NONE',  ( 48.65999999999999659, 26.00000000000000355, -14.69999999999999929 ) ) ;
#1601 = EDGE_CURVE ( 'NONE', #5767, #5931, #6338, .T. ) ;
#1602 = CARTESIAN_POINT ( 'NONE',  ( 20.35000000000000142, 4.849999999999998757, -0.6999999999999998446 ) ) ;
#1603 = ORIENTED_EDGE ( 'NONE', *, *, #925, .F. ) ;
#1604 = VERTEX_POINT ( 'NONE', #5803 ) ;
#1605 = CARTESIAN_POINT ( 'NONE',  ( 47.39999999999999858, -26.00000000000000355, -1.600000000000000755 ) ) ;
#1606 = EDGE_CURVE ( 'NONE', #4755, #340, #3856, .T. ) ;
#1607 = EDGE_CURVE ( 'NONE', #3170, #3001, #2714, .T. ) ;
#1608 = AXIS2_PLACEMENT_3D ( 'NONE', #1841, #5298, #1307 ) ;
#1609 = EDGE_LOOP ( 'NONE', ( #5633, #3109, #3449, #1419 ) ) ;
#1610 = DIRECTION ( 'NONE',  ( 1.000000000000000000, -0.000000000000000000, -0.000000000000000000 ) ) ;
#1611 = VERTEX_POINT ( 'NONE', #5362 ) ;
#1612 = DIRECTION ( 'NONE',  ( 0.000000000000000000, 0.000000000000000000, 1.000000000000000000 ) ) ;
#1613 = EDGE_CURVE ( 'NONE', #408, #5855, #6433, .T. ) ;
#1614 = AXIS2_PLACEMENT_3D ( 'NONE', #6208, #4186, #6239 ) ;
#1615 = LINE ( 'NONE', #5709, #6262 ) ;
#1616 = DIRECTION ( 'NONE',  ( -1.000000000000000000, 0.000000000000000000, 0.000000000000000000 ) ) ;
#1617 = DIRECTION ( 'NONE',  ( 0.000000000000000000, 0.000000000000000000, 1.000000000000000000 ) ) ;
#1618 = CIRCLE ( 'NONE', #234, 5.000000000000004441 ) ;
#1619 = VECTOR ( 'NONE', #640, 1000.000000000000000 ) ;
#1621 = ORIENTED_EDGE ( 'NONE', *, *, #4463, .F. ) ;
#1620 = EDGE_CURVE ( 'NONE', #3371, #5329, #5836, .T. ) ;
#1622 = CARTESIAN_POINT ( 'NONE',  ( 3.699999999999997513, 27.09999999999999787, -1.600000000000000089 ) ) ;
#1623 = DIRECTION ( 'NONE',  ( 1.000000000000000000, -0.000000000000000000, -0.000000000000000000 ) ) ;
#1624 = DIRECTION ( 'NONE',  ( -1.000000000000000000, 0.000000000000000000, 0.000000000000000000 ) ) ;
#1625 = ORIENTED_EDGE ( 'NONE', *, *, #6410, .F. ) ;
#1626 = CARTESIAN_POINT ( 'NONE',  ( -50.00000000000000000, -23.85000000000000142, -2.399999999999999467 ) ) ;
#1627 = DIRECTION ( 'NONE',  ( 0.000000000000000000, 0.000000000000000000, 1.000000000000000000 ) ) ;
#1628 = ADVANCED_FACE ( 'NONE', ( #3283 ), #1403, .F. ) ;
#1629 = VECTOR ( 'NONE', #6538, 1000.000000000000000 ) ;
#1630 = ORIENTED_EDGE ( 'NONE', *, *, #6410, .T. ) ;
#1631 = DIRECTION ( 'NONE',  ( 0.000000000000000000, 0.000000000000000000, -1.000000000000000000 ) ) ;
#1632 = CARTESIAN_POINT ( 'NONE',  ( -48.65999999999999659, -26.00000000000000355, -13.00000000000000178 ) ) ;
#1633 = DIRECTION ( 'NONE',  ( 1.000000000000000000, 0.000000000000000000, -0.000000000000000000 ) ) ;
#1634 = VECTOR ( 'NONE', #422, 1000.000000000000000 ) ;
#1635 = EDGE_LOOP ( 'NONE', ( #592, #1484, #1292, #213 ) ) ;
#1636 = FACE_OUTER_BOUND ( 'NONE', #813, .T. ) ;
#1637 = LINE ( 'NONE', #1097, #3568 ) ;
#1638 = EDGE_LOOP ( 'NONE', ( #2105, #4623, #2148, #1067 ) ) ;
#1639 = ORIENTED_EDGE ( 'NONE', *, *, #1499, .T. ) ;
#1640 = LINE ( 'NONE', #5734, #243 ) ;
#1641 = VECTOR ( 'NONE', #534, 1000.000000000000227 ) ;
#1642 = EDGE_LOOP ( 'NONE', ( #3735, #6310, #4896, #4952 ) ) ;
#1643 = ADVANCED_FACE ( 'NONE', ( #3887 ), #6412, .T. ) ;
#1644 = CARTESIAN_POINT ( 'NONE',  ( -9.400000000000000355, -24.05000000000000071, -10.65000000000000391 ) ) ;
#1645 = VECTOR ( 'NONE', #1649, 1000.000000000000000 ) ;
#1646 = ORIENTED_EDGE ( 'NONE', *, *, #3957, .F. ) ;
#1647 = CARTESIAN_POINT ( 'NONE',  ( -45.00000000000000000, -29.00000000000000000, 0.000000000000000000 ) ) ;
#1648 = CARTESIAN_POINT ( 'NONE',  ( 37.75000000000000000, 18.85000000000000142, -2.000000000000000000 ) ) ;
#1649 = DIRECTION ( 'NONE',  ( 0.000000000000000000, 0.000000000000000000, 1.000000000000000000 ) ) ;
#1650 = DIRECTION ( 'NONE',  ( 0.000000000000000000, 0.000000000000000000, -1.000000000000000000 ) ) ;
#1651 = VECTOR ( 'NONE', #1755, 1000.000000000000000 ) ;
#1652 = AXIS2_PLACEMENT_3D ( 'NONE', #5302, #5742, #4796 ) ;
#1653 = ORIENTED_EDGE ( 'NONE', *, *, #242, .T. ) ;
#1654 = CARTESIAN_POINT ( 'NONE',  ( 48.00000000000000000, -26.00000000000000355, -2.000000000000000000 ) ) ;
#1655 = LINE ( 'NONE', #647, #34 ) ;
#1656 = CARTESIAN_POINT ( 'NONE',  ( -50.00000000000000000, 1.114999999999996660, -8.955000000000000071 ) ) ;
#1657 = ORIENTED_EDGE ( 'NONE', *, *, #5753, .F. ) ;
#1658 = CARTESIAN_POINT ( 'NONE',  ( -43.19999999999999574, -28.39999999999999858, -1.600000000000000089 ) ) ;
#1659 = AXIS2_PLACEMENT_3D ( 'NONE', #4198, #6191, #1685 ) ;
#1660 = VECTOR ( 'NONE', #1056, 1000.000000000000000 ) ;
#1661 = ORIENTED_EDGE ( 'NONE', *, *, #5455, .F. ) ;
#1662 = DIRECTION ( 'NONE',  ( 0.000000000000000000, 0.000000000000000000, 1.000000000000000000 ) ) ;
#1663 = VECTOR ( 'NONE', #2288, 999.9999999999998863 ) ;
#1664 = CARTESIAN_POINT ( 'NONE',  ( 3.699999999999994849, -3.920000000000007034, -1.600000000000000755 ) ) ;
#1665 = DIRECTION ( 'NONE',  ( 1.000000000000000000, 0.000000000000000000, -0.000000000000000000 ) ) ;
#1666 = ORIENTED_EDGE ( 'NONE', *, *, #5368, .T. ) ;
#1667 = DIRECTION ( 'NONE',  ( 1.000000000000000000, 0.000000000000000000, 0.000000000000000000 ) ) ;
#1668 = AXIS2_PLACEMENT_3D ( 'NONE', #1282, #3329, #4973 ) ;
#1669 = LINE ( 'NONE', #3714, #3138 ) ;
#1670 = VECTOR ( 'NONE', #2762, 1000.000000000000000 ) ;
#1671 = EDGE_LOOP ( 'NONE', ( #364, #2510, #2416, #3820 ) ) ;
#1672 = LINE ( 'NONE', #2233, #1026 ) ;
#1673 = ORIENTED_EDGE ( 'NONE', *, *, #6117, .T. ) ;
#1674 = DIRECTION ( 'NONE',  ( -1.000000000000000000, 0.000000000000000000, 0.000000000000000000 ) ) ;
#1675 = VECTOR ( 'NONE', #2954, 1000.000000000000000 ) ;
#1676 = EDGE_CURVE ( 'NONE', #5363, #2037, #1771, .T. ) ;
#1677 = ORIENTED_EDGE ( 'NONE', *, *, #1779, .T. ) ;
#1678 = LINE ( 'NONE', #4689, #4820 ) ;
#1679 = ORIENTED_EDGE ( 'NONE', *, *, #303, .T. ) ;
#1680 = PLANE ( 'NONE',  #5154 ) ;
#1681 = CARTESIAN_POINT ( 'NONE',  ( -39.91000000000001080, 25.28999999999999559, 0.000000000000000000 ) ) ;
#1682 = FACE_OUTER_BOUND ( 'NONE', #2469, .T. ) ;
#1683 = DIRECTION ( 'NONE',  ( 1.000000000000000000, 0.000000000000000000, 0.000000000000000000 ) ) ;
#1684 = VERTEX_POINT ( 'NONE', #3348 ) ;
#1685 = DIRECTION ( 'NONE',  ( 0.000000000000000000, -0.000000000000000000, -1.000000000000000000 ) ) ;
#1686 = LINE ( 'NONE', #2088, #356 ) ;
#1687 = CARTESIAN_POINT ( 'NONE',  ( -10.59999999999999964, -24.05000000000000071, -1.600000000000000089 ) ) ;
#1688 = ORIENTED_EDGE ( 'NONE', *, *, #405, .F. ) ;
#1689 = CARTESIAN_POINT ( 'NONE',  ( 20.25000000000000000, 18.85000000000000142, -1.600000000000000089 ) ) ;
#1690 = EDGE_CURVE ( 'NONE', #3294, #5721, #3826, .T. ) ;
#1691 = ORIENTED_EDGE ( 'NONE', *, *, #197, .T. ) ;
#1692 = DIRECTION ( 'NONE',  ( -1.000000000000000000, 0.000000000000000000, 0.000000000000000000 ) ) ;
#1693 = LINE ( 'NONE', #5723, #5288 ) ;
#1694 =( LENGTH_UNIT ( ) NAMED_UNIT ( * ) SI_UNIT ( .MILLI., .METRE. ) );
#1695 = EDGE_CURVE ( 'NONE', #5329, #2628, #3316, .T. ) ;
#1696 = FACE_OUTER_BOUND ( 'NONE', #4495, .T. ) ;
#1697 = VERTEX_POINT ( 'NONE', #773 ) ;
#1698 = EDGE_CURVE ( 'NONE', #2942, #5851, #3749, .T. ) ;
#1699 = CARTESIAN_POINT ( 'NONE',  ( 42.00000000000000000, -29.80000000000000071, -11.19999999999999929 ) ) ;
#1700 = DIRECTION ( 'NONE',  ( 0.000000000000000000, 0.000000000000000000, 1.000000000000000000 ) ) ;
#1701 = EDGE_CURVE ( 'NONE', #1595, #3523, #4258, .T. ) ;
#1702 = ORIENTED_EDGE ( 'NONE', *, *, #1418, .F. ) ;
#1703 = CARTESIAN_POINT ( 'NONE',  ( 44.99999999999999289, 29.66000000000000369, -15.50000000000000178 ) ) ;
#1704 = VERTEX_POINT ( 'NONE', #4293 ) ;
#1705 = EDGE_CURVE ( 'NONE', #4215, #2430, #2777, .T. ) ;
#1706 = CARTESIAN_POINT ( 'NONE',  ( 34.00000000000000000, -29.80000000000000071, -13.00000000000000178 ) ) ;
#1707 = ORIENTED_EDGE ( 'NONE', *, *, #523, .T. ) ;
#1708 = DIRECTION ( 'NONE',  ( -1.000000000000000000, 0.000000000000000000, 0.000000000000000000 ) ) ;
#1709 = ORIENTED_EDGE ( 'NONE', *, *, #1567, .F. ) ;
#1710 = CARTESIAN_POINT ( 'NONE',  ( 44.99999999999999289, 29.66000000000000369, -13.90000000000000036 ) ) ;
#1711 = CARTESIAN_POINT ( 'NONE',  ( -48.65999999999999659, 26.00000000000000355, -15.00000000000000178 ) ) ;
#1712 = LINE ( 'NONE', #4398, #5611 ) ;
#1713 = DIRECTION ( 'NONE',  ( 0.000000000000000000, 0.000000000000000000, -1.000000000000000000 ) ) ;
#1714 = AXIS2_PLACEMENT_3D ( 'NONE', #5262, #2210, #2814 ) ;
#1715 = VERTEX_POINT ( 'NONE', #811 ) ;
#1716 = DIRECTION ( 'NONE',  ( -1.000000000000000000, 0.000000000000000000, 0.000000000000000000 ) ) ;
#1717 = CARTESIAN_POINT ( 'NONE',  ( -48.00000000000000000, 5.289999999999996483, -10.86999999999999922 ) ) ;
#1718 = CARTESIAN_POINT ( 'NONE',  ( 37.75000000000000000, 3.149999999999999911, -1.600000000000000755 ) ) ;
#1719 = ORIENTED_EDGE ( 'NONE', *, *, #1426, .F. ) ;
#1720 = CARTESIAN_POINT ( 'NONE',  ( 31.99999999999999289, 12.99999999999999289, -0.6999999999999998446 ) ) ;
#1721 = VECTOR ( 'NONE', #2960, 1000.000000000000114 ) ;
#1722 = VERTEX_POINT ( 'NONE', #1739 ) ;
#1723 = CARTESIAN_POINT ( 'NONE',  ( 2.499999999999997335, -3.920000000000005258, -1.600000000000000089 ) ) ;
#1724 = VECTOR ( 'NONE', #3933, 1000.000000000000227 ) ;
#1725 = DIRECTION ( 'NONE',  ( 0.000000000000000000, -1.000000000000000000, 0.000000000000000000 ) ) ;
#1726 = DIRECTION ( 'NONE',  ( 0.000000000000000000, 0.000000000000000000, -1.000000000000000000 ) ) ;
#1727 = ADVANCED_FACE ( 'NONE', ( #3788 ), #741, .T. ) ;
#1728 = DIRECTION ( 'NONE',  ( 0.000000000000000000, 1.000000000000000000, 0.000000000000000000 ) ) ;
#1729 = EDGE_LOOP ( 'NONE', ( #4742, #4570, #1765, #2168 ) ) ;
#1730 = CIRCLE ( 'NONE', #3118, 0.6499999999999995781 ) ;
#1731 = LINE ( 'NONE', #4210, #3004 ) ;
#1732 = DIRECTION ( 'NONE',  ( 1.000000000000000000, 1.734723475976805517E-15, 0.000000000000000000 ) ) ;
#1733 = AXIS2_PLACEMENT_3D ( 'NONE', #929, #5651, #3094 ) ;
#1734 = ORIENTED_EDGE ( 'NONE', *, *, #5543, .T. ) ;
#1735 = DIRECTION ( 'NONE',  ( 1.000000000000000000, 0.000000000000000000, 0.000000000000000000 ) ) ;
#1736 = ORIENTED_EDGE ( 'NONE', *, *, #4687, .T. ) ;
#1737 = LINE ( 'NONE', #5900, #5265 ) ;
#1738 = ORIENTED_EDGE ( 'NONE', *, *, #3667, .T. ) ;
#1739 = CARTESIAN_POINT ( 'NONE',  ( 19.35501256289338201, 4.749999999999999112, -1.600000000000000089 ) ) ;
#1740 = ORIENTED_EDGE ( 'NONE', *, *, #5671, .T. ) ;
#1741 = DIRECTION ( 'NONE',  ( 0.000000000000000000, -1.000000000000000000, 0.000000000000000000 ) ) ;
#1742 = DIRECTION ( 'NONE',  ( 1.000000000000000000, 0.000000000000000000, 0.000000000000000000 ) ) ;
#1743 = CARTESIAN_POINT ( 'NONE',  ( -47.39999999999999858, 26.00000000000000355, -8.250000000000000000 ) ) ;
#1744 = DIRECTION ( 'NONE',  ( -1.000000000000000000, 0.000000000000000000, 0.000000000000000000 ) ) ;
#1745 = VECTOR ( 'NONE', #4416, 1000.000000000000000 ) ;
#1746 = VERTEX_POINT ( 'NONE', #4899 ) ;
#1747 = DIRECTION ( 'NONE',  ( 1.000000000000000000, 0.000000000000000000, 0.000000000000000000 ) ) ;
#1748 = CARTESIAN_POINT ( 'NONE',  ( 44.99999999999999289, 29.91000000000000014, -13.90000000000000036 ) ) ;
#1749 = CARTESIAN_POINT ( 'NONE',  ( -39.91000000000001080, -6.033760430703404509, 0.000000000000000000 ) ) ;
#1750 = ORIENTED_EDGE ( 'NONE', *, *, #4594, .T. ) ;
#1751 = PLANE ( 'NONE',  #4231 ) ;
#1752 = EDGE_LOOP ( 'NONE', ( #607, #4584, #6261, #2234 ) ) ;
#1753 = VECTOR ( 'NONE', #1326, 1000.000000000000000 ) ;
#1754 = LINE ( 'NONE', #4913, #502 ) ;
#1755 = DIRECTION ( 'NONE',  ( 0.000000000000000000, 0.000000000000000000, 1.000000000000000000 ) ) ;
#1756 = CARTESIAN_POINT ( 'NONE',  ( 13.00000000000000178, 27.19999999999999574, -15.10000000000000142 ) ) ;
#1757 = LINE ( 'NONE', #5821, #2173 ) ;
#1758 = ORIENTED_EDGE ( 'NONE', *, *, #2252, .T. ) ;
#1759 = CIRCLE ( 'NONE', #55, 3.659999999999996589 ) ;
#1760 = FACE_OUTER_BOUND ( 'NONE', #5673, .T. ) ;
#1761 = DIRECTION ( 'NONE',  ( 1.000000000000000000, 0.000000000000000000, 0.000000000000000000 ) ) ;
#1762 = EDGE_CURVE ( 'NONE', #3128, #3083, #4327, .T. ) ;
#1763 = CIRCLE ( 'NONE', #5514, 1.799999999999999600 ) ;
#1764 = VECTOR ( 'NONE', #1494, 1000.000000000000000 ) ;
#1765 = ORIENTED_EDGE ( 'NONE', *, *, #6522, .T. ) ;
#1766 = FACE_OUTER_BOUND ( 'NONE', #5751, .T. ) ;
#1767 = ORIENTED_EDGE ( 'NONE', *, *, #3750, .T. ) ;
#1768 = CARTESIAN_POINT ( 'NONE',  ( -43.19999999999999574, -9.750000000000000000, -4.969999999999999751 ) ) ;
#1769 = AXIS2_PLACEMENT_3D ( 'NONE', #6254, #4271, #2660 ) ;
#1770 = ORIENTED_EDGE ( 'NONE', *, *, #1536, .F. ) ;
#1771 = LINE ( 'NONE', #708, #1288 ) ;
#1772 = VERTEX_POINT ( 'NONE', #311 ) ;
#1773 = VECTOR ( 'NONE', #5818, 1000.000000000000000 ) ;
#1774 = LINE ( 'NONE', #3285, #6554 ) ;
#1775 = EDGE_CURVE ( 'NONE', #785, #2138, #11, .T. ) ;
#1776 = CARTESIAN_POINT ( 'NONE',  ( 44.29999999999999716, -14.00000000000000000, -16.39999999999999858 ) ) ;
#1777 = DIRECTION ( 'NONE',  ( 0.000000000000000000, 0.000000000000000000, 1.000000000000000000 ) ) ;
#1778 = CARTESIAN_POINT ( 'NONE',  ( 37.75000000000000000, 18.14498743710661444, -0.6999999999999998446 ) ) ;
#1779 = EDGE_CURVE ( 'NONE', #6354, #5438, #1909, .T. ) ;
#1781 = ORIENTED_EDGE ( 'NONE', *, *, #4851, .T. ) ;
#1780 = EDGE_CURVE ( 'NONE', #5058, #1962, #3446, .T. ) ;
#1782 = PLANE ( 'NONE',  #2931 ) ;
#1783 = DIRECTION ( 'NONE',  ( 1.000000000000000000, 0.000000000000000000, -0.000000000000000000 ) ) ;
#1784 = CARTESIAN_POINT ( 'NONE',  ( 0.000000000000000000, 0.000000000000000000, -3.169999999999999929 ) ) ;
#1785 = ADVANCED_FACE ( 'NONE', ( #5496 ), #4559, .T. ) ;
#1786 = FACE_OUTER_BOUND ( 'NONE', #3418, .T. ) ;
#1787 = DIRECTION ( 'NONE',  ( -1.000000000000000000, 0.000000000000000000, 0.000000000000000000 ) ) ;
#1788 = ORIENTED_EDGE ( 'NONE', *, *, #2272, .T. ) ;
#1789 = DIRECTION ( 'NONE',  ( 0.000000000000000000, 0.000000000000000000, 1.000000000000000000 ) ) ;
#1790 = PLANE ( 'NONE',  #1225 ) ;
#1791 = LINE ( 'NONE', #2832, #1204 ) ;
#1792 = ADVANCED_FACE ( 'NONE', ( #3389 ), #4961, .T. ) ;
#1793 = CARTESIAN_POINT ( 'NONE',  ( -0.3100000000000073808, 27.21376043070339534, 0.000000000000000000 ) ) ;
#1794 = ORIENTED_EDGE ( 'NONE', *, *, #1012, .F. ) ;
#1795 = ADVANCED_FACE ( 'NONE', ( #3924 ), #945, .F. ) ;
#1796 = CARTESIAN_POINT ( 'NONE',  ( 42.00000000000000000, -29.80000000000000071, -11.19999999999999929 ) ) ;
#1797 = CARTESIAN_POINT ( 'NONE',  ( 44.29999999999999716, -14.00000000000000000, -1.600000000000000089 ) ) ;
#1798 = ORIENTED_EDGE ( 'NONE', *, *, #1993, .T. ) ;
#1799 = ORIENTED_EDGE ( 'NONE', *, *, #1104, .F. ) ;
#1800 = CARTESIAN_POINT ( 'NONE',  ( -50.00000000000000000, -13.25000000000000000, -9.599999999999999645 ) ) ;
#1801 = ORIENTED_EDGE ( 'NONE', *, *, #4396, .T. ) ;
#1802 = CARTESIAN_POINT ( 'NONE',  ( -48.00000000000000000, -25.05000000000000426, -3.600000000000000533 ) ) ;
#1803 = ADVANCED_FACE ( 'NONE', ( #6074 ), #5939, .T. ) ;
#1804 = EDGE_CURVE ( 'NONE', #1962, #6083, #1972, .T. ) ;
#1805 = ORIENTED_EDGE ( 'NONE', *, *, #3415, .T. ) ;
#1806 = DIRECTION ( 'NONE',  ( 0.000000000000000000, 0.000000000000000000, 1.000000000000000000 ) ) ;
#1807 = ORIENTED_EDGE ( 'NONE', *, *, #5573, .T. ) ;
#1808 = CARTESIAN_POINT ( 'NONE',  ( -40.91000000000001080, 25.28999999999999559, -1.600000000000000755 ) ) ;
#1809 = EDGE_CURVE ( 'NONE', #6008, #2472, #2940, .T. ) ;
#1810 = EDGE_CURVE ( 'NONE', #6284, #4018, #1877, .T. ) ;
#1811 = DIRECTION ( 'NONE',  ( 0.000000000000000000, 1.000000000000000000, 0.000000000000000000 ) ) ;
#1812 = CARTESIAN_POINT ( 'NONE',  ( -50.00000000000000000, 15.88999999999999702, -6.070000000000000284 ) ) ;
#1813 = ORIENTED_EDGE ( 'NONE', *, *, #933, .T. ) ;
#1814 = ADVANCED_FACE ( 'NONE', ( #6478 ), #3104, .F. ) ;
#1815 = VERTEX_POINT ( 'NONE', #1347 ) ;
#1816 = CARTESIAN_POINT ( 'NONE',  ( -43.19999999999999574, -27.35000000000000142, -4.969999999999999751 ) ) ;
#1817 = LINE ( 'NONE', #6454, #5795 ) ;
#1818 = FACE_OUTER_BOUND ( 'NONE', #1410, .T. ) ;
#1819 = PLANE ( 'NONE',  #817 ) ;
#1820 = ORIENTED_EDGE ( 'NONE', *, *, #3868, .T. ) ;
#1821 = LINE ( 'NONE', #4942, #294 ) ;
#1822 = VECTOR ( 'NONE', #226, 1000.000000000000000 ) ;
#1823 = EDGE_CURVE ( 'NONE', #4618, #2594, #5561, .T. ) ;
#1824 = CARTESIAN_POINT ( 'NONE',  ( -48.00000000000000000, 4.089999999999996305, -6.070000000000000284 ) ) ;
#1825 = CARTESIAN_POINT ( 'NONE',  ( -20.69999999999999574, -26.80000000000000426, -3.169999999999999929 ) ) ;
#1826 = FACE_OUTER_BOUND ( 'NONE', #1503, .T. ) ;
#1827 = ORIENTED_EDGE ( 'NONE', *, *, #4369, .T. ) ;
#1828 = EDGE_CURVE ( 'NONE', #318, #2100, #2876, .T. ) ;
#1829 = PLANE ( 'NONE',  #4081 ) ;
#1830 = VECTOR ( 'NONE', #6627, 1000.000000000000000 ) ;
#1831 = DIRECTION ( 'NONE',  ( -0.000000000000000000, -0.000000000000000000, 1.000000000000000000 ) ) ;
#1832 = ORIENTED_EDGE ( 'NONE', *, *, #5127, .F. ) ;
#1833 = VECTOR ( 'NONE', #232, 1000.000000000000000 ) ;
#1834 = ORIENTED_EDGE ( 'NONE', *, *, #5892, .T. ) ;
#1835 = VECTOR ( 'NONE', #4902, 1000.000000000000000 ) ;
#1836 = LINE ( 'NONE', #1340, #2732 ) ;
#1837 = EDGE_LOOP ( 'NONE', ( #3080, #5027, #774, #3259 ) ) ;
#1838 = DIRECTION ( 'NONE',  ( 0.000000000000000000, 0.000000000000000000, -1.000000000000000000 ) ) ;
#1839 = VECTOR ( 'NONE', #973, 1000.000000000000000 ) ;
#1840 = ORIENTED_EDGE ( 'NONE', *, *, #6345, .F. ) ;
#1841 = CARTESIAN_POINT ( 'NONE',  ( -39.91000000000000369, -4.110000000000001208, 0.000000000000000000 ) ) ;
#1842 = VERTEX_POINT ( 'NONE', #2418 ) ;
#1843 = PLANE ( 'NONE',  #121 ) ;
#1844 = CIRCLE ( 'NONE', #5486, 2.250000000000000444 ) ;
#1845 = CARTESIAN_POINT ( 'NONE',  ( 39.34999999999999432, 3.149999999999999467, -2.000000000000000000 ) ) ;
#1846 = CARTESIAN_POINT ( 'NONE',  ( 37.75000000000000000, 3.149999999999999467, -2.000000000000000000 ) ) ;
#1847 = EDGE_CURVE ( 'NONE', #4254, #2445, #3008, .T. ) ;
#1848 = ORIENTED_EDGE ( 'NONE', *, *, #1762, .F. ) ;
#1849 = ORIENTED_EDGE ( 'NONE', *, *, #2513, .T. ) ;
#1850 = LINE ( 'NONE', #321, #1873 ) ;
#1851 = LINE ( 'NONE', #5951, #2147 ) ;
#1852 = CARTESIAN_POINT ( 'NONE',  ( 45.00000000000000000, 28.39999999999999858, -1.600000000000000755 ) ) ;
#1853 = DIRECTION ( 'NONE',  ( 1.000000000000000000, 0.000000000000000000, 0.000000000000000000 ) ) ;
#1854 = ORIENTED_EDGE ( 'NONE', *, *, #3303, .T. ) ;
#1855 = DIRECTION ( 'NONE',  ( -0.000000000000000000, -0.000000000000000000, 1.000000000000000000 ) ) ;
#1856 = DIRECTION ( 'NONE',  ( 0.000000000000000000, 0.000000000000000000, 1.000000000000000000 ) ) ;
#1857 = DIRECTION ( 'NONE',  ( 0.000000000000000000, 0.000000000000000000, 1.000000000000000000 ) ) ;
#1858 = DIRECTION ( 'NONE',  ( 0.000000000000000000, 0.000000000000000000, -1.000000000000000000 ) ) ;
#1859 = VECTOR ( 'NONE', #6384, 1000.000000000000000 ) ;
#1860 = ORIENTED_EDGE ( 'NONE', *, *, #123, .T. ) ;
#1861 = VECTOR ( 'NONE', #2129, 1000.000000000000227 ) ;
#1862 = EDGE_CURVE ( 'NONE', #1412, #6612, #4494, .T. ) ;
#1863 = CARTESIAN_POINT ( 'NONE',  ( 45.00000000000000000, 31.00000000000000000, -12.60000000000001741 ) ) ;
#1864 = DIRECTION ( 'NONE',  ( -0.000000000000000000, 1.000000000000000000, -0.000000000000000000 ) ) ;
#1865 = ORIENTED_EDGE ( 'NONE', *, *, #2599, .T. ) ;
#1866 = VECTOR ( 'NONE', #4064, 1000.000000000000114 ) ;
#1867 = VECTOR ( 'NONE', #848, 1000.000000000000000 ) ;
#1868 = ORIENTED_EDGE ( 'NONE', *, *, #1809, .T. ) ;
#1869 = LINE ( 'NONE', #1301, #914 ) ;
#1870 = VERTEX_POINT ( 'NONE', #1447 ) ;
#1871 = EDGE_CURVE ( 'NONE', #4453, #2809, #106, .T. ) ;
#1872 = DIRECTION ( 'NONE',  ( 0.000000000000000000, 0.000000000000000000, -1.000000000000000000 ) ) ;
#1873 = VECTOR ( 'NONE', #5443, 1000.000000000000000 ) ;
#1874 = VECTOR ( 'NONE', #6057, 1000.000000000000000 ) ;
#1875 = ORIENTED_EDGE ( 'NONE', *, *, #4102, .T. ) ;
#1876 = AXIS2_PLACEMENT_3D ( 'NONE', #6530, #1934, #6067 ) ;
#1877 = LINE ( 'NONE', #1940, #545 ) ;
#1878 = AXIS2_PLACEMENT_3D ( 'NONE', #4138, #1474, #2508 ) ;
#1879 = ORIENTED_EDGE ( 'NONE', *, *, #4079, .F. ) ;
#1880 = DIRECTION ( 'NONE',  ( -1.000000000000000000, 0.000000000000000000, 0.000000000000000000 ) ) ;
#1881 = EDGE_CURVE ( 'NONE', #466, #399, #2466, .T. ) ;
#1882 = VERTEX_POINT ( 'NONE', #6574 ) ;
#1883 = DIRECTION ( 'NONE',  ( -1.000000000000000000, 0.000000000000000000, 0.000000000000000000 ) ) ;
#1884 = ORIENTED_EDGE ( 'NONE', *, *, #4262, .T. ) ;
#1885 = ORIENTED_EDGE ( 'NONE', *, *, #4360, .F. ) ;
#1886 = LINE ( 'NONE', #2328, #911 ) ;
#1887 = DIRECTION ( 'NONE',  ( -0.000000000000000000, -0.000000000000000000, -1.000000000000000000 ) ) ;
#1888 = CARTESIAN_POINT ( 'NONE',  ( 21.39999999999999858, -12.05000000000000249, -10.65000000000000391 ) ) ;
#1889 = EDGE_CURVE ( 'NONE', #6428, #5817, #2036, .T. ) ;
#1890 = CIRCLE ( 'NONE', #6280, 1.200000000000006617 ) ;
#1891 = ORIENTED_EDGE ( 'NONE', *, *, #3198, .F. ) ;
#1892 = DIRECTION ( 'NONE',  ( 0.000000000000000000, -1.000000000000000000, 0.000000000000000000 ) ) ;
#1893 = CARTESIAN_POINT ( 'NONE',  ( 45.00000000000000711, -26.00000000000002132, -15.50000000000000178 ) ) ;
#1894 = DIRECTION ( 'NONE',  ( 0.000000000000000000, 1.000000000000000000, 0.000000000000000000 ) ) ;
#1895 = DIRECTION ( 'NONE',  ( 0.000000000000000000, 0.8660254037844387076, -0.5000000000000000000 ) ) ;
#1896 = ORIENTED_EDGE ( 'NONE', *, *, #2674, .F. ) ;
#1897 = CARTESIAN_POINT ( 'NONE',  ( 20.25000000000000000, 4.749999999999999112, -2.000000000000000000 ) ) ;
#1898 = DIRECTION ( 'NONE',  ( 0.000000000000000000, 0.000000000000000000, 1.000000000000000000 ) ) ;
#1899 = ORIENTED_EDGE ( 'NONE', *, *, #5764, .T. ) ;
#1900 = EDGE_CURVE ( 'NONE', #1415, #4634, #2764, .T. ) ;
#1901 = EDGE_LOOP ( 'NONE', ( #5153, #1336, #1300, #873, #946, #4869 ) ) ;
#1902 = ADVANCED_FACE ( 'NONE', ( #566 ), #2137, .F. ) ;
#1903 = CARTESIAN_POINT ( 'NONE',  ( 45.00000000000000000, 25.99999999999999645, -13.00000000000000178 ) ) ;
#1904 = ORIENTED_EDGE ( 'NONE', *, *, #4979, .F. ) ;
#1905 = PLANE ( 'NONE',  #2514 ) ;
#1906 = ADVANCED_FACE ( 'NONE', ( #6175 ), #5159, .F. ) ;
#1907 = EDGE_CURVE ( 'NONE', #2340, #1968, #4084, .T. ) ;
#1908 = ORIENTED_EDGE ( 'NONE', *, *, #314, .T. ) ;
#1909 = LINE ( 'NONE', #5000, #5680 ) ;
#1910 = EDGE_LOOP ( 'NONE', ( #6168, #2568, #1482, #1908 ) ) ;
#1911 = CARTESIAN_POINT ( 'NONE',  ( -47.39999999999999858, -21.20000000000000284, -6.000000000000000000 ) ) ;
#1912 = ORIENTED_EDGE ( 'NONE', *, *, #5629, .T. ) ;
#1913 = CARTESIAN_POINT ( 'NONE',  ( -43.19999999999999574, -27.35000000000000142, -1.600000000000000089 ) ) ;
#1914 = EDGE_CURVE ( 'NONE', #70, #4794, #6322, .T. ) ;
#1915 = ORIENTED_EDGE ( 'NONE', *, *, #1098, .T. ) ;
#1916 = EDGE_LOOP ( 'NONE', ( #5707, #664, #4831, #4070 ) ) ;
#1917 = CARTESIAN_POINT ( 'NONE',  ( -50.00000000000000000, -12.05000000000000249, -8.400000000000000355 ) ) ;
#1918 = CARTESIAN_POINT ( 'NONE',  ( -10.59999999999999964, -12.05000000000000249, -1.600000000000000089 ) ) ;
#1919 = DIRECTION ( 'NONE',  ( 1.000000000000000000, 0.000000000000000000, 0.000000000000000000 ) ) ;
#1920 = ORIENTED_EDGE ( 'NONE', *, *, #3308, .F. ) ;
#1921 = CARTESIAN_POINT ( 'NONE',  ( -48.65999999999999659, -26.00000000000000355, -13.90000000000000036 ) ) ;
#1922 = LINE ( 'NONE', #4098, #1866 ) ;
#1923 = CYLINDRICAL_SURFACE ( 'NONE', #1529, 1.199999999999997957 ) ;
#1924 = CARTESIAN_POINT ( 'NONE',  ( 2.499999999999997335, 27.09999999999999787, -7.500000000000000888 ) ) ;
#1925 = ORIENTED_EDGE ( 'NONE', *, *, #5758, .F. ) ;
#1926 = LINE ( 'NONE', #3974, #4406 ) ;
#1927 = EDGE_LOOP ( 'NONE', ( #2975, #2621, #1057, #1827 ) ) ;
#1928 = VECTOR ( 'NONE', #971, 1000.000000000000114 ) ;
#1929 = DIRECTION ( 'NONE',  ( -0.000000000000000000, -0.000000000000000000, 1.000000000000000000 ) ) ;
#1930 = EDGE_LOOP ( 'NONE', ( #3022, #2822, #4303, #5838 ) ) ;
#1931 = EDGE_CURVE ( 'NONE', #3886, #4614, #2227, .T. ) ;
#1932 = ORIENTED_EDGE ( 'NONE', *, *, #2599, .F. ) ;
#1933 = CIRCLE ( 'NONE', #5690, 0.9999999999999870104 ) ;
#1934 = DIRECTION ( 'NONE',  ( -1.000000000000000000, 0.000000000000000000, 0.000000000000000000 ) ) ;
#1935 = ORIENTED_EDGE ( 'NONE', *, *, #3642, .F. ) ;
#1936 = CARTESIAN_POINT ( 'NONE',  ( -50.00000000000000000, 5.289999999999997371, -12.06999999999999851 ) ) ;
#1937 = AXIS2_PLACEMENT_3D ( 'NONE', #2541, #2000, #4042 ) ;
#1938 = VECTOR ( 'NONE', #4188, 1000.000000000000000 ) ;
#1939 = ORIENTED_EDGE ( 'NONE', *, *, #316, .F. ) ;
#1940 = CARTESIAN_POINT ( 'NONE',  ( 37.75000000000000000, 18.85000000000000142, -0.6999999999999999556 ) ) ;
#1941 = ORIENTED_EDGE ( 'NONE', *, *, #6522, .F. ) ;
#1942 =( GEOMETRIC_REPRESENTATION_CONTEXT ( 3 ) GLOBAL_UNCERTAINTY_ASSIGNED_CONTEXT ( ( #3550 ) ) GLOBAL_UNIT_ASSIGNED_CONTEXT ( ( #3299, #6353, #3734 ) ) REPRESENTATION_CONTEXT ( 'NONE', 'WORKASPACE' ) );
#1943 = PLANE ( 'NONE',  #5800 ) ;
#1944 = ORIENTED_EDGE ( 'NONE', *, *, #5768, .T. ) ;
#1945 = DIRECTION ( 'NONE',  ( 0.000000000000000000, -1.000000000000000000, 0.000000000000000000 ) ) ;
#1946 = VECTOR ( 'NONE', #2207, 1000.000000000000000 ) ;
#1947 = ORIENTED_EDGE ( 'NONE', *, *, #5558, .F. ) ;
#1948 = CIRCLE ( 'NONE', #2267, 3.659999999999989484 ) ;
#1949 = ORIENTED_EDGE ( 'NONE', *, *, #5583, .T. ) ;
#1950 = CARTESIAN_POINT ( 'NONE',  ( -48.00000000000000000, 5.289999999999996483, -10.86999999999999922 ) ) ;
#1951 = PLANE ( 'NONE',  #550 ) ;
#1952 = MANIFOLD_SOLID_BREP ( 'Pry_Notch', #4306 ) ;
#1953 = DIRECTION ( 'NONE',  ( 0.000000000000000000, -0.000000000000000000, -1.000000000000000000 ) ) ;
#1954 = CARTESIAN_POINT ( 'NONE',  ( 45.00000000000000000, -25.99999999999999289, -12.60000000000001741 ) ) ;
#1955 = CARTESIAN_POINT ( 'NONE',  ( 48.15999999999999659, 26.00000000000000355, -15.50000000000000178 ) ) ;
#1956 = CYLINDRICAL_SURFACE ( 'NONE', #3040, 1.799999999999999600 ) ;
#1957 = LINE ( 'NONE', #6521, #1634 ) ;
#1958 = CARTESIAN_POINT ( 'NONE',  ( 8.599999999999996092, -24.05000000000000071, -1.600000000000000755 ) ) ;
#1959 = ORIENTED_EDGE ( 'NONE', *, *, #6365, .F. ) ;
#1960 = AXIS2_PLACEMENT_3D ( 'NONE', #1297, #5489, #2303 ) ;
#1961 = DIRECTION ( 'NONE',  ( 0.000000000000000000, 1.000000000000000000, -0.000000000000000000 ) ) ;
#1962 = VERTEX_POINT ( 'NONE', #5787 ) ;
#1963 = DIRECTION ( 'NONE',  ( -1.000000000000000000, 0.000000000000000000, 0.000000000000000000 ) ) ;
#1964 = AXIS2_PLACEMENT_3D ( 'NONE', #2560, #5710, #4126 ) ;
#1965 = CARTESIAN_POINT ( 'NONE',  ( -50.00000000000000000, 26.00000000000000355, -12.60000000000001741 ) ) ;
#1966 = ORIENTED_EDGE ( 'NONE', *, *, #4518, .T. ) ;
#1967 = CARTESIAN_POINT ( 'NONE',  ( -20.69999999999999574, -26.80000000000000426, -3.169999999999999929 ) ) ;
#1968 = VERTEX_POINT ( 'NONE', #3043 ) ;
#1969 = CARTESIAN_POINT ( 'NONE',  ( -17.89999999999999503, -26.20000000000000284, -4.969999999999999751 ) ) ;
#1970 = VECTOR ( 'NONE', #5728, 1000.000000000000000 ) ;
#1971 = EDGE_LOOP ( 'NONE', ( #1557, #5352, #803, #1448 ) ) ;
#1972 = LINE ( 'NONE', #6002, #4609 ) ;
#1973 = EDGE_LOOP ( 'NONE', ( #305, #397, #6526, #3716 ) ) ;
#1974 = LINE ( 'NONE', #4026, #3015 ) ;
#1975 = ORIENTED_EDGE ( 'NONE', *, *, #1809, .F. ) ;
#1976 = AXIS2_PLACEMENT_3D ( 'NONE', #6620, #2491, #3557 ) ;
#1977 = EDGE_CURVE ( 'NONE', #1053, #4122, #2361, .T. ) ;
#1978 = VECTOR ( 'NONE', #5807, 1000.000000000000000 ) ;
#1979 = CARTESIAN_POINT ( 'NONE',  ( 44.99999999999999289, 29.66000000000000369, -13.00000000000000178 ) ) ;
#1980 = VECTOR ( 'NONE', #2545, 1000.000000000000000 ) ;
#1981 = AXIS2_PLACEMENT_3D ( 'NONE', #2736, #4784, #760 ) ;
#1982 = ORIENTED_EDGE ( 'NONE', *, *, #3161, .T. ) ;
#1983 = ADVANCED_FACE ( 'NONE', ( #5634 ), #1228, .F. ) ;
#1984 = ORIENTED_EDGE ( 'NONE', *, *, #2882, .T. ) ;
#1985 = CARTESIAN_POINT ( 'NONE',  ( -50.00000000000000000, 26.00000000000000355, -13.00000000000000178 ) ) ;
#1986 = DIRECTION ( 'NONE',  ( -0.000000000000000000, -0.000000000000000000, 1.000000000000000000 ) ) ;
#1987 = EDGE_CURVE ( 'NONE', #4052, #3886, #1192, .T. ) ;
#1988 = FACE_BOUND ( 'NONE', #2441, .T. ) ;
#1989 = VECTOR ( 'NONE', #6130, 1000.000000000000000 ) ;
#1990 = CARTESIAN_POINT ( 'NONE',  ( -47.39999999999999858, -15.90000000000000036, -8.250000000000000000 ) ) ;
#1991 = AXIS2_PLACEMENT_3D ( 'NONE', #2862, #828, #2333 ) ;
#1992 = FACE_OUTER_BOUND ( 'NONE', #2376, .T. ) ;
#1993 = EDGE_CURVE ( 'NONE', #3988, #6428, #6021, .T. ) ;
#1994 = EDGE_CURVE ( 'NONE', #586, #1968, #5317, .T. ) ;
#1995 = PLANE ( 'NONE',  #3363 ) ;
#1996 = PLANE ( 'NONE',  #3342 ) ;
#1997 = FACE_OUTER_BOUND ( 'NONE', #2244, .T. ) ;
#1998 = ORIENTED_EDGE ( 'NONE', *, *, #6587, .T. ) ;
#1999 = AXIS2_PLACEMENT_3D ( 'NONE', #3122, #3089, #1052 ) ;
#2000 = DIRECTION ( 'NONE',  ( 0.000000000000000000, 0.000000000000000000, -1.000000000000000000 ) ) ;
#2001 = ORIENTED_EDGE ( 'NONE', *, *, #2794, .F. ) ;
#2002 = DIRECTION ( 'NONE',  ( 0.000000000000000000, 0.000000000000000000, 1.000000000000000000 ) ) ;
#2003 = DIRECTION ( 'NONE',  ( 1.000000000000000000, 0.000000000000000000, 0.000000000000000000 ) ) ;
#2004 = CARTESIAN_POINT ( 'NONE',  ( 17.44999999999999929, 20.05000000000000071, -4.200000000000000178 ) ) ;
#2005 = EDGE_LOOP ( 'NONE', ( #3859, #2870, #3535, #3951 ) ) ;
#2006 = EDGE_CURVE ( 'NONE', #3533, #1604, #2735, .T. ) ;
#2007 = CARTESIAN_POINT ( 'NONE',  ( -45.00000000000000000, -30.60000000000000142, -13.00000000000000178 ) ) ;
#2008 = VERTEX_POINT ( 'NONE', #5483 ) ;
#2009 = DIRECTION ( 'NONE',  ( -0.4999999999999999445, 0.000000000000000000, -0.8660254037844385966 ) ) ;
#2010 = ORIENTED_EDGE ( 'NONE', *, *, #1241, .F. ) ;
#2011 = DIRECTION ( 'NONE',  ( -1.000000000000000000, -0.000000000000000000, -0.000000000000000000 ) ) ;
#2012 = EDGE_LOOP ( 'NONE', ( #312, #53, #4837, #1126 ) ) ;
#2013 = VERTEX_POINT ( 'NONE', #1259 ) ;
#2014 = EDGE_CURVE ( 'NONE', #6076, #1815, #263, .T. ) ;
#2015 = EDGE_CURVE ( 'NONE', #3570, #2809, #891, .T. ) ;
#2016 = ORIENTED_EDGE ( 'NONE', *, *, #5260, .F. ) ;
#2017 = DIRECTION ( 'NONE',  ( 0.000000000000000000, 0.000000000000000000, 1.000000000000000000 ) ) ;
#2018 = DIRECTION ( 'NONE',  ( 1.000000000000000000, 1.421904488505583786E-14, 0.000000000000000000 ) ) ;
#2019 = CARTESIAN_POINT ( 'NONE',  ( 32.00000000000000000, 15.30000000000001137, -0.6999999999999998446 ) ) ;
#2020 = EDGE_LOOP ( 'NONE', ( #4114, #3488, #6566, #1036 ) ) ;
#2021 = CARTESIAN_POINT ( 'NONE',  ( -41.83376043070340700, 25.28999999999999559, 0.000000000000000000 ) ) ;
#2022 = DIRECTION ( 'NONE',  ( 0.7071067811865497932, -0.000000000000000000, 0.7071067811865452413 ) ) ;
#2023 = DIRECTION ( 'NONE',  ( 1.000000000000000000, 0.000000000000000000, 0.000000000000000000 ) ) ;
#2024 = CARTESIAN_POINT ( 'NONE',  ( 45.00000000000000000, 25.99999999999999645, 0.000000000000000000 ) ) ;
#2025 = ORIENTED_EDGE ( 'NONE', *, *, #3708, .F. ) ;
#2026 = ADVANCED_FACE ( 'NONE', ( #1363 ), #3814, .T. ) ;
#2027 = FACE_OUTER_BOUND ( 'NONE', #3436, .T. ) ;
#2028 = EDGE_LOOP ( 'NONE', ( #5409, #5834, #5861, #2793 ) ) ;
#2029 = DIRECTION ( 'NONE',  ( 1.000000000000000000, 0.000000000000000000, 0.000000000000000000 ) ) ;
#2030 = CARTESIAN_POINT ( 'NONE',  ( 34.00000000000000000, -31.00000000000000000, -11.19999999999999929 ) ) ;
#2031 = EDGE_CURVE ( 'NONE', #1514, #2576, #2364, .T. ) ;
#2032 = PLANE ( 'NONE',  #4982 ) ;
#2033 = ORIENTED_EDGE ( 'NONE', *, *, #2675, .F. ) ;
#2034 = CARTESIAN_POINT ( 'NONE',  ( 48.65999999999999659, 26.00000000000000355, -13.00000000000000178 ) ) ;
#2035 = EDGE_LOOP ( 'NONE', ( #5219, #3762, #875, #6196 ) ) ;
#2036 = LINE ( 'NONE', #1005, #3320 ) ;
#2037 = VERTEX_POINT ( 'NONE', #1327 ) ;
#2038 = DIRECTION ( 'NONE',  ( 0.000000000000000000, 0.000000000000000000, -1.000000000000000000 ) ) ;
#2039 = CIRCLE ( 'NONE', #4840, 4.600000000000006750 ) ;
#2040 = VECTOR ( 'NONE', #2115, 1000.000000000000000 ) ;
#2041 = ORIENTED_EDGE ( 'NONE', *, *, #1044, .T. ) ;
#2042 = VECTOR ( 'NONE', #396, 1000.000000000000000 ) ;
#2043 = CARTESIAN_POINT ( 'NONE',  ( 13.00000000000000178, 27.19999999999999574, -1.600000000000000089 ) ) ;
#2044 = ORIENTED_EDGE ( 'NONE', *, *, #4606, .F. ) ;
#2045 = CARTESIAN_POINT ( 'NONE',  ( -44.99999999999999289, -29.66000000000000369, -13.90000000000000036 ) ) ;
#2046 = CARTESIAN_POINT ( 'NONE',  ( 48.15999999999999659, 26.00000000000000355, -15.50000000000000178 ) ) ;
#2047 = AXIS2_PLACEMENT_3D ( 'NONE', #4620, #2673, #6177 ) ;
#2048 = PLANE ( 'NONE',  #6159 ) ;
#2049 = CYLINDRICAL_SURFACE ( 'NONE', #2170, 5.000000000000004441 ) ;
#2050 = EDGE_CURVE ( 'NONE', #3520, #4528, #249, .T. ) ;
#2051 = DIRECTION ( 'NONE',  ( 0.000000000000000000, 0.000000000000000000, 1.000000000000000000 ) ) ;
#2052 = AXIS2_PLACEMENT_3D ( 'NONE', #3921, #6475, #5460 ) ;
#2053 = DIRECTION ( 'NONE',  ( 0.000000000000000000, 0.000000000000000000, 1.000000000000000000 ) ) ;
#2054 = DIRECTION ( 'NONE',  ( 1.000000000000000000, 0.000000000000000000, 0.000000000000000000 ) ) ;
#2055 = DIRECTION ( 'NONE',  ( -0.000000000000000000, 0.000000000000000000, 1.000000000000000000 ) ) ;
#2056 = ORIENTED_EDGE ( 'NONE', *, *, #6090, .T. ) ;
#2057 = VECTOR ( 'NONE', #5684, 1000.000000000000114 ) ;
#2058 = CARTESIAN_POINT ( 'NONE',  ( 37.35000000000000142, 1.949999999999999512, -4.200000000000000178 ) ) ;
#2059 = ORIENTED_EDGE ( 'NONE', *, *, #3546, .T. ) ;
#2060 = CYLINDRICAL_SURFACE ( 'NONE', #3163, 3.659999999999989484 ) ;
#2061 = CARTESIAN_POINT ( 'NONE',  ( -45.00000000000000711, 26.28999999999999559, -1.600000000000000755 ) ) ;
#2062 = EDGE_CURVE ( 'NONE', #1415, #4201, #5959, .T. ) ;
#2063 = CARTESIAN_POINT ( 'NONE',  ( -46.80000000000000426, 7.739999999999995772, -6.419999999999999929 ) ) ;
#2064 = EDGE_LOOP ( 'NONE', ( #2236, #3639, #6631, #331 ) ) ;
#2065 = LINE ( 'NONE', #4557, #3458 ) ;
#2066 = CIRCLE ( 'NONE', #3785, 3.909999999999996589 ) ;
#2067 = EDGE_CURVE ( 'NONE', #2250, #3411, #3907, .T. ) ;
#2068 = ORIENTED_EDGE ( 'NONE', *, *, #6383, .T. ) ;
#2069 = EDGE_LOOP ( 'NONE', ( #2385, #2420, #6209, #3928, #6058, #2885, #819, #2902 ) ) ;
#2070 = ADVANCED_FACE ( 'NONE', ( #3305 ), #1310, .F. ) ;
#2071 = CARTESIAN_POINT ( 'NONE',  ( -19.19999999999999574, -28.39999999999999858, -4.969999999999999751 ) ) ;
#2072 = AXIS2_PLACEMENT_3D ( 'NONE', #3366, #5888, #4442 ) ;
#2073 = EDGE_LOOP ( 'NONE', ( #2078, #5500, #5871, #2737, #736 ) ) ;
#2074 = EDGE_CURVE ( 'NONE', #4794, #4532, #1791, .T. ) ;
#2075 = VECTOR ( 'NONE', #5007, 1000.000000000000000 ) ;
#2076 = DIRECTION ( 'NONE',  ( -1.000000000000000000, 0.000000000000000000, 0.000000000000000000 ) ) ;
#2077 = AXIS2_PLACEMENT_3D ( 'NONE', #4465, #250, #5945 ) ;
#2078 = ORIENTED_EDGE ( 'NONE', *, *, #319, .F. ) ;
#2079 = CARTESIAN_POINT ( 'NONE',  ( -47.39999999999999858, 26.00000000000000355, -3.750000000000000000 ) ) ;
#2080 = CARTESIAN_POINT ( 'NONE',  ( -17.89999999999999503, -10.89999999999999858, -4.969999999999999751 ) ) ;
#2081 = FACE_BOUND ( 'NONE', #5556, .T. ) ;
#2082 = DIRECTION ( 'NONE',  ( 1.000000000000000000, 0.000000000000000000, 0.000000000000000000 ) ) ;
#2083 = VECTOR ( 'NONE', #401, 1000.000000000000000 ) ;
#2084 = LINE ( 'NONE', #142, #3065 ) ;
#2085 = ORIENTED_EDGE ( 'NONE', *, *, #3737, .F. ) ;
#2086 = DIRECTION ( 'NONE',  ( 0.000000000000000000, -1.000000000000000000, 1.734723475976806897E-15 ) ) ;
#2087 = ADVANCED_FACE ( 'NONE', ( #2335 ), #6496, .T. ) ;
#2088 = CARTESIAN_POINT ( 'NONE',  ( 37.35000000000000142, 1.949999999999999512, -1.600000000000000089 ) ) ;
#2089 = LINE ( 'NONE', #4132, #5731 ) ;
#2090 = ORIENTED_EDGE ( 'NONE', *, *, #1390, .T. ) ;
#2091 = CIRCLE ( 'NONE', #6170, 3.659999999999989484 ) ;
#2092 = CARTESIAN_POINT ( 'NONE',  ( 38.64999999999999858, 4.850000000000000533, -0.6999999999999998446 ) ) ;
#2093 = ORIENTED_EDGE ( 'NONE', *, *, #5543, .F. ) ;
#2094 = DIRECTION ( 'NONE',  ( 0.7071067811865597852, 0.000000000000000000, 0.7071067811865352493 ) ) ;
#2095 = AXIS2_PLACEMENT_3D ( 'NONE', #5019, #5048, #2570 ) ;
#2096 = DIRECTION ( 'NONE',  ( 0.000000000000000000, -0.000000000000000000, -1.000000000000000000 ) ) ;
#2097 = EDGE_CURVE ( 'NONE', #4959, #49, #3402, .T. ) ;
#2098 = EDGE_CURVE ( 'NONE', #2425, #6369, #1948, .T. ) ;
#2099 = DIRECTION ( 'NONE',  ( 5.293346628028121603E-16, -0.2982749931359470752, 0.9544799780350295970 ) ) ;
#2100 = VERTEX_POINT ( 'NONE', #4315 ) ;
#2101 = DIRECTION ( 'NONE',  ( 0.000000000000000000, 0.000000000000000000, 1.000000000000000000 ) ) ;
#2102 = CARTESIAN_POINT ( 'NONE',  ( 20.35000000000000142, 4.849999999999998757, -0.6999999999999998446 ) ) ;
#2103 = EDGE_CURVE ( 'NONE', #5526, #4860, #4379, .T. ) ;
#2104 = EDGE_CURVE ( 'NONE', #4361, #2628, #4915, .T. ) ;
#2105 = ORIENTED_EDGE ( 'NONE', *, *, #5840, .F. ) ;
#2106 = DIRECTION ( 'NONE',  ( 0.000000000000000000, 1.000000000000000000, 0.000000000000000000 ) ) ;
#2107 = ORIENTED_EDGE ( 'NONE', *, *, #4166, .F. ) ;
#2108 = CARTESIAN_POINT ( 'NONE',  ( 39.34999999999999432, 3.149999999999999467, -2.000000000000000000 ) ) ;
#2109 = ADVANCED_FACE ( 'NONE', ( #858 ), #4410, .F. ) ;
#2110 = ADVANCED_FACE ( 'NONE', ( #4842, #2894 ), #1393, .F. ) ;
#2111 = VERTEX_POINT ( 'NONE', #5345 ) ;
#2112 = CARTESIAN_POINT ( 'NONE',  ( 39.34999999999999432, 4.749999999999999112, -2.000000000000000000 ) ) ;
#2113 = ORIENTED_EDGE ( 'NONE', *, *, #2097, .F. ) ;
#2114 = EDGE_CURVE ( 'NONE', #5530, #3337, #3429, .T. ) ;
#2115 = DIRECTION ( 'NONE',  ( -0.000000000000000000, 1.000000000000000000, 0.000000000000000000 ) ) ;
#2116 = DIRECTION ( 'NONE',  ( 1.000000000000000000, 0.000000000000000000, 0.000000000000000000 ) ) ;
#2117 = CARTESIAN_POINT ( 'NONE',  ( 44.99999999999999289, -29.66000000000000725, -13.90000000000000036 ) ) ;
#2118 = DIRECTION ( 'NONE',  ( 0.000000000000000000, 0.000000000000000000, 1.000000000000000000 ) ) ;
#2119 = EDGE_LOOP ( 'NONE', ( #2578, #6, #4650, #3945 ) ) ;
#2120 = CARTESIAN_POINT ( 'NONE',  ( 48.65999999999999659, 26.00000000000000355, -15.00000000000000178 ) ) ;
#2121 = CARTESIAN_POINT ( 'NONE',  ( 18.64999999999999858, 3.149999999999999467, -1.600000000000000089 ) ) ;
#2122 = CARTESIAN_POINT ( 'NONE',  ( 39.34999999999999432, 18.85000000000000142, -2.000000000000000000 ) ) ;
#2123 = VERTEX_POINT ( 'NONE', #1055 ) ;
#2124 = CARTESIAN_POINT ( 'NONE',  ( -20.69999999999999574, -25.60000000000000142, -3.169999999999999929 ) ) ;
#2125 = DIRECTION ( 'NONE',  ( 0.000000000000000000, -1.000000000000000000, 0.000000000000000000 ) ) ;
#2126 = ORIENTED_EDGE ( 'NONE', *, *, #1593, .T. ) ;
#2127 = CARTESIAN_POINT ( 'NONE',  ( 45.00000000000000000, 31.00000000000000000, -13.00000000000000178 ) ) ;
#2128 = DIRECTION ( 'NONE',  ( 0.000000000000000000, 0.000000000000000000, -1.000000000000000000 ) ) ;
#2129 = DIRECTION ( 'NONE',  ( -0.2982749931359470752, 0.000000000000000000, 0.9544799780350295970 ) ) ;
#2130 = VERTEX_POINT ( 'NONE', #4476 ) ;
#2131 = CARTESIAN_POINT ( 'NONE',  ( 3.699999999999997513, 27.09999999999999787, -1.600000000000000089 ) ) ;
#2132 = CARTESIAN_POINT ( 'NONE',  ( -43.19999999999999574, -8.750000000000000000, -4.969999999999999751 ) ) ;
#2133 = ADVANCED_FACE ( 'NONE', ( #3504 ), #18, .T. ) ;
#2134 = EDGE_LOOP ( 'NONE', ( #5398, #342, #1788, #1758 ) ) ;
#2135 = ORIENTED_EDGE ( 'NONE', *, *, #5995, .F. ) ;
#2136 = DIRECTION ( 'NONE',  ( 0.000000000000000000, 1.000000000000000000, -0.000000000000000000 ) ) ;
#2137 = CONICAL_SURFACE ( 'NONE', #5897, 1.923760430703399082, 0.5235987755982988157 ) ;
#2138 = VERTEX_POINT ( 'NONE', #3025 ) ;
#2139 = CARTESIAN_POINT ( 'NONE',  ( 18.64999999999999858, 3.149999999999999467, -4.200000000000000178 ) ) ;
#2140 = ORIENTED_EDGE ( 'NONE', *, *, #4256, .F. ) ;
#2141 = DIRECTION ( 'NONE',  ( 0.000000000000000000, -1.000000000000000000, 0.000000000000000000 ) ) ;
#2142 = AXIS2_PLACEMENT_3D ( 'NONE', #3796, #4798, #4829 ) ;
#2143 = CARTESIAN_POINT ( 'NONE',  ( 20.25000000000000000, 3.149999999999999467, -0.6999999999999999556 ) ) ;
#2144 = LINE ( 'NONE', #3121, #266 ) ;
#2145 = LINE ( 'NONE', #6309, #4354 ) ;
#2146 = VECTOR ( 'NONE', #6263, 1000.000000000000000 ) ;
#2147 = VECTOR ( 'NONE', #3962, 1000.000000000000000 ) ;
#2148 = ORIENTED_EDGE ( 'NONE', *, *, #1241, .T. ) ;
#2149 = DIRECTION ( 'NONE',  ( -0.000000000000000000, -0.000000000000000000, -1.000000000000000000 ) ) ;
#2150 = DIRECTION ( 'NONE',  ( 0.000000000000000000, 0.000000000000000000, -1.000000000000000000 ) ) ;
#2151 = DIRECTION ( 'NONE',  ( -0.7071067811865477948, 0.000000000000000000, -0.7071067811865473507 ) ) ;
#2152 = ORIENTED_EDGE ( 'NONE', *, *, #4677, .F. ) ;
#2153 = LINE ( 'NONE', #620, #3590 ) ;
#2154 = PRODUCT_CONTEXT ( 'NONE', #2451, 'mechanical' ) ;
#2155 = AXIS2_PLACEMENT_3D ( 'NONE', #3885, #2774, #6409 ) ;
#2156 = EDGE_LOOP ( 'NONE', ( #1661, #5649, #5227, #2805 ) ) ;
#2157 = CARTESIAN_POINT ( 'NONE',  ( -48.00000000000000000, -25.05000000000000426, -3.600000000000000533 ) ) ;
#2158 = DIRECTION ( 'NONE',  ( 0.000000000000000000, 1.000000000000000000, 0.000000000000000000 ) ) ;
#2159 = CYLINDRICAL_SURFACE ( 'NONE', #5947, 2.000000000000000000 ) ;
#2160 = ORIENTED_EDGE ( 'NONE', *, *, #4691, .F. ) ;
#2161 = CARTESIAN_POINT ( 'NONE',  ( -45.00000000000000000, 30.59999999999999787, -13.00000000000000178 ) ) ;
#2162 = DIRECTION ( 'NONE',  ( 0.000000000000000000, 0.000000000000000000, -1.000000000000000000 ) ) ;
#2163 = ORIENTED_EDGE ( 'NONE', *, *, #197, .F. ) ;
#2164 = VERTEX_POINT ( 'NONE', #5014 ) ;
#2165 = DIRECTION ( 'NONE',  ( 1.000000000000000000, 0.000000000000000000, 0.000000000000000000 ) ) ;
#2166 = EDGE_CURVE ( 'NONE', #1715, #3276, #391, .T. ) ;
#2167 = VECTOR ( 'NONE', #1864, 1000.000000000000000 ) ;
#2168 = ORIENTED_EDGE ( 'NONE', *, *, #3254, .T. ) ;
#2169 = LINE ( 'NONE', #4223, #2470 ) ;
#2170 = AXIS2_PLACEMENT_3D ( 'NONE', #4600, #1148, #2590 ) ;
#2171 = EDGE_CURVE ( 'NONE', #5979, #4417, #776, .T. ) ;
#2172 = ORIENTED_EDGE ( 'NONE', *, *, #3254, .F. ) ;
#2173 = VECTOR ( 'NONE', #2666, 1000.000000000000000 ) ;
#2174 = DIRECTION ( 'NONE',  ( -0.000000000000000000, 0.000000000000000000, 1.000000000000000000 ) ) ;
#2175 = CARTESIAN_POINT ( 'NONE',  ( 39.34999999999999432, 4.749999999999999112, -2.000000000000000000 ) ) ;
#2176 = CARTESIAN_POINT ( 'NONE',  ( 44.99999999999999289, -29.66000000000000725, -15.00000000000000178 ) ) ;
#2177 = CARTESIAN_POINT ( 'NONE',  ( -45.00000000000000000, 31.00000000000000000, -13.00000000000000178 ) ) ;
#2178 = EDGE_CURVE ( 'NONE', #3959, #2942, #2498, .T. ) ;
#2179 = AXIS2_PLACEMENT_3D ( 'NONE', #1893, #5482, #2922 ) ;
#2180 = CIRCLE ( 'NONE', #2077, 3.000000000000016431 ) ;
#2181 = EDGE_CURVE ( 'NONE', #2964, #2730, #2434, .T. ) ;
#2182 = ORIENTED_EDGE ( 'NONE', *, *, #6371, .F. ) ;
#2183 = CARTESIAN_POINT ( 'NONE',  ( -48.00000000000000000, -13.25000000000000178, -3.599999999999998312 ) ) ;
#2184 = CARTESIAN_POINT ( 'NONE',  ( -44.99999999999999289, -29.66000000000000369, -13.00000000000000178 ) ) ;
#2185 = DIRECTION ( 'NONE',  ( 0.000000000000000000, 0.000000000000000000, 1.000000000000000000 ) ) ;
#2186 = ORIENTED_EDGE ( 'NONE', *, *, #3966, .F. ) ;
#2187 = CARTESIAN_POINT ( 'NONE',  ( 38.65000000000000568, 17.14999999999999858, -0.6999999999999998446 ) ) ;
#2188 = VECTOR ( 'NONE', #781, 1000.000000000000000 ) ;
#2189 = AXIS2_PLACEMENT_3D ( 'NONE', #360, #3464, #6523 ) ;
#2190 = CARTESIAN_POINT ( 'NONE',  ( -47.39999999999999858, 26.00000000000000355, -1.600000000000000755 ) ) ;
#2191 = ORIENTED_EDGE ( 'NONE', *, *, #3183, .T. ) ;
#2192 = EDGE_CURVE ( 'NONE', #4337, #6123, #1957, .T. ) ;
#2193 = LINE ( 'NONE', #1090, #69 ) ;
#2194 = ADVANCED_FACE ( 'NONE', ( #4007 ), #1923, .F. ) ;
#2195 = AXIS2_PLACEMENT_3D ( 'NONE', #3919, #5970, #367 ) ;
#2196 = VECTOR ( 'NONE', #6421, 1000.000000000000000 ) ;
#2197 = PLANE ( 'NONE',  #1116 ) ;
#2198 = DIRECTION ( 'NONE',  ( 0.000000000000000000, 0.000000000000000000, 1.000000000000000000 ) ) ;
#2199 = ORIENTED_EDGE ( 'NONE', *, *, #5573, .F. ) ;
#2200 = DIRECTION ( 'NONE',  ( 1.000000000000000000, 0.000000000000000000, 0.000000000000000000 ) ) ;
#2201 = AXIS2_PLACEMENT_3D ( 'NONE', #2889, #922, #1919 ) ;
#2202 = DIRECTION ( 'NONE',  ( -1.000000000000000000, 0.000000000000000000, 0.000000000000000000 ) ) ;
#2203 = AXIS2_PLACEMENT_3D ( 'NONE', #3365, #3869, #1325 ) ;
#2204 = EDGE_LOOP ( 'NONE', ( #478, #6061, #2743, #1384, #2337, #3243, #4025, #320 ) ) ;
#2205 = CARTESIAN_POINT ( 'NONE',  ( -48.00000000000000000, 15.88999999999999702, -4.869999999999999218 ) ) ;
#2206 = ORIENTED_EDGE ( 'NONE', *, *, #898, .F. ) ;
#2207 = DIRECTION ( 'NONE',  ( 0.000000000000000000, 0.000000000000000000, 1.000000000000000000 ) ) ;
#2208 = VECTOR ( 'NONE', #1683, 1000.000000000000000 ) ;
#2209 = ORIENTED_EDGE ( 'NONE', *, *, #6371, .T. ) ;
#2210 = DIRECTION ( 'NONE',  ( -0.000000000000000000, -0.000000000000000000, -1.000000000000000000 ) ) ;
#2211 = ORIENTED_EDGE ( 'NONE', *, *, #5293, .F. ) ;
#2212 = CARTESIAN_POINT ( 'NONE',  ( 20.25000000000000000, 17.25000000000000000, -2.000000000000000000 ) ) ;
#2213 = CARTESIAN_POINT ( 'NONE',  ( -39.90999999999999659, 27.21376043070339534, 0.000000000000000000 ) ) ;
#2214 = CYLINDRICAL_SURFACE ( 'NONE', #6578, 3.659999999999989484 ) ;
#2215 = DIRECTION ( 'NONE',  ( 1.000000000000000000, 0.000000000000000000, -0.000000000000000000 ) ) ;
#2216 = ADVANCED_FACE ( 'NONE', ( #1432 ), #5077, .F. ) ;
#2217 = ORIENTED_EDGE ( 'NONE', *, *, #872, .T. ) ;
#2218 = CARTESIAN_POINT ( 'NONE',  ( -45.00000000000000000, -25.99999999999999645, -2.000000000000000000 ) ) ;
#2219 = DIRECTION ( 'NONE',  ( 1.000000000000000000, 0.000000000000000000, 0.000000000000000000 ) ) ;
#2220 = CARTESIAN_POINT ( 'NONE',  ( 44.29999999999999716, -22.00000000000000000, -16.39999999999999858 ) ) ;
#2221 = ORIENTED_EDGE ( 'NONE', *, *, #4925, .T. ) ;
#2222 = DIRECTION ( 'NONE',  ( 0.000000000000000000, 1.000000000000000000, 0.000000000000000000 ) ) ;
#2223 = ORIENTED_EDGE ( 'NONE', *, *, #152, .T. ) ;
#2224 = DIRECTION ( 'NONE',  ( 1.000000000000000000, 0.000000000000000000, 0.000000000000000000 ) ) ;
#2225 = EDGE_CURVE ( 'NONE', #5689, #3731, #3463, .T. ) ;
#2226 = CARTESIAN_POINT ( 'NONE',  ( -9.400000000000000355, -24.05000000000000071, -10.65000000000000391 ) ) ;
#2227 = LINE ( 'NONE', #1509, #5571 ) ;
#2228 = LINE ( 'NONE', #87, #4877 ) ;
#2229 = ORIENTED_EDGE ( 'NONE', *, *, #5111, .F. ) ;
#2230 = LINE ( 'NONE', #2768, #5044 ) ;
#2231 = LINE ( 'NONE', #5286, #468 ) ;
#2232 = VERTEX_POINT ( 'NONE', #456 ) ;
#2233 = CARTESIAN_POINT ( 'NONE',  ( 18.64999999999999858, 18.85000000000000142, -4.200000000000000178 ) ) ;
#2234 = ORIENTED_EDGE ( 'NONE', *, *, #418, .T. ) ;
#2235 = DIRECTION ( 'NONE',  ( 0.000000000000000000, 0.000000000000000000, -1.000000000000000000 ) ) ;
#2236 = ORIENTED_EDGE ( 'NONE', *, *, #2575, .F. ) ;
#2237 = DIRECTION ( 'NONE',  ( 0.000000000000000000, 0.000000000000000000, 1.000000000000000000 ) ) ;
#2238 = ORIENTED_EDGE ( 'NONE', *, *, #1069, .F. ) ;
#2239 = FACE_BOUND ( 'NONE', #4912, .T. ) ;
#2240 = CARTESIAN_POINT ( 'NONE',  ( 20.35000000000000497, 18.14999999999999858, -0.6999999999999998446 ) ) ;
#2241 = AXIS2_PLACEMENT_3D ( 'NONE', #843, #341, #4023 ) ;
#2242 = LINE ( 'NONE', #3795, #4003 ) ;
#2243 = CARTESIAN_POINT ( 'NONE',  ( -18.89999999999999503, -10.89999999999999858, -4.969999999999999751 ) ) ;
#2244 = EDGE_LOOP ( 'NONE', ( #5491, #6503, #3046, #1975 ) ) ;
#2245 = CIRCLE ( 'NONE', #5901, 3.159999999999989040 ) ;
#2246 = ORIENTED_EDGE ( 'NONE', *, *, #235, .F. ) ;
#2247 = CARTESIAN_POINT ( 'NONE',  ( -17.89999999999999503, -26.20000000000000284, -1.600000000000000755 ) ) ;
#2248 = LINE ( 'NONE', #5984, #2257 ) ;
#2249 = CARTESIAN_POINT ( 'NONE',  ( 0.7999999999999972689, -7.120000000000005436, -7.500000000000000888 ) ) ;
#2250 = VERTEX_POINT ( 'NONE', #1467 ) ;
#2251 = FACE_BOUND ( 'NONE', #3016, .T. ) ;
#2252 = EDGE_CURVE ( 'NONE', #3292, #2013, #4542, .T. ) ;
#2253 = LINE ( 'NONE', #3225, #4185 ) ;
#2254 = VECTOR ( 'NONE', #3672, 1000.000000000000000 ) ;
#2255 = ORIENTED_EDGE ( 'NONE', *, *, #3744, .F. ) ;
#2256 = CARTESIAN_POINT ( 'NONE',  ( 45.00000000000000000, -30.60000000000000142, -13.00000000000000178 ) ) ;
#2257 = VECTOR ( 'NONE', #3296, 1000.000000000000000 ) ;
#2258 = CARTESIAN_POINT ( 'NONE',  ( 19.35000000000000142, 17.14999999999999858, -0.6999999999999998446 ) ) ;
#2259 = DIRECTION ( 'NONE',  ( -0.000000000000000000, -0.000000000000000000, -1.000000000000000000 ) ) ;
#2260 = CARTESIAN_POINT ( 'NONE',  ( -45.00000000000000000, -31.00000000000000000, -2.000000000000000000 ) ) ;
#2261 = VERTEX_POINT ( 'NONE', #2537 ) ;
#2262 = AXIS2_PLACEMENT_3D ( 'NONE', #5161, #538, #4146 ) ;
#2263 = CARTESIAN_POINT ( 'NONE',  ( 45.00000000000000711, -26.00000000000002132, -15.00000000000000178 ) ) ;
#2264 = CIRCLE ( 'NONE', #3120, 5.000000000000004441 ) ;
#2265 = DIRECTION ( 'NONE',  ( 1.000000000000000000, 0.000000000000000000, 0.000000000000000000 ) ) ;
#2266 = ADVANCED_FACE ( 'NONE', ( #5513 ), #1996, .T. ) ;
#2267 = AXIS2_PLACEMENT_3D ( 'NONE', #759, #2259, #2864 ) ;
#2268 = VERTEX_POINT ( 'NONE', #6154 ) ;
#2269 = DIRECTION ( 'NONE',  ( 0.000000000000000000, -1.000000000000000000, 0.000000000000000000 ) ) ;
#2270 = VERTEX_POINT ( 'NONE', #1493 ) ;
#2271 = FACE_OUTER_BOUND ( 'NONE', #4788, .T. ) ;
#2272 = EDGE_CURVE ( 'NONE', #3687, #3292, #5579, .T. ) ;
#2273 = EDGE_CURVE ( 'NONE', #4685, #221, #4065, .T. ) ;
#2274 = VERTEX_POINT ( 'NONE', #3564 ) ;
#2275 = DIRECTION ( 'NONE',  ( 0.000000000000000000, -1.000000000000000000, 0.000000000000000000 ) ) ;
#2276 = ORIENTED_EDGE ( 'NONE', *, *, #5594, .T. ) ;
#2277 = CARTESIAN_POINT ( 'NONE',  ( -48.65999999999999659, 26.00000000000000355, -15.00000000000000178 ) ) ;
#2278 = CARTESIAN_POINT ( 'NONE',  ( 38.65000000000000568, 17.14999999999999858, -1.600000000000000089 ) ) ;
#2279 = FACE_OUTER_BOUND ( 'NONE', #6457, .T. ) ;
#2280 = CARTESIAN_POINT ( 'NONE',  ( 37.64999999999999858, 3.850000000000002753, -0.6999999999999998446 ) ) ;
#2281 = EDGE_CURVE ( 'NONE', #1697, #3731, #5615, .T. ) ;
#2282 = VECTOR ( 'NONE', #2900, 1000.000000000000000 ) ;
#2283 = ORIENTED_EDGE ( 'NONE', *, *, #5788, .F. ) ;
#2285 = EDGE_CURVE ( 'NONE', #4794, #3113, #4603, .T. ) ;
#2284 = ORIENTED_EDGE ( 'NONE', *, *, #3477, .F. ) ;
#2286 = FACE_OUTER_BOUND ( 'NONE', #5948, .T. ) ;
#2287 = LINE ( 'NONE', #3358, #5908 ) ;
#2288 = DIRECTION ( 'NONE',  ( 0.7071067811865525687, 0.000000000000000000, 0.7071067811865425767 ) ) ;
#2289 = LINE ( 'NONE', #6517, #4560 ) ;
#2290 = LINE ( 'NONE', #651, #6232 ) ;
#2291 = VERTEX_POINT ( 'NONE', #4632 ) ;
#2292 = AXIS2_PLACEMENT_3D ( 'NONE', #3383, #3478, #5999 ) ;
#2293 = DIRECTION ( 'NONE',  ( 0.000000000000000000, 0.000000000000000000, -1.000000000000000000 ) ) ;
#2294 = EDGE_CURVE ( 'NONE', #1442, #1472, #1844, .T. ) ;
#2295 = ADVANCED_FACE ( 'NONE', ( #3126 ), #1181, .T. ) ;
#2296 = CYLINDRICAL_SURFACE ( 'NONE', #2179, 3.659999999999989484 ) ;
#2297 = CARTESIAN_POINT ( 'NONE',  ( -45.00000000000000711, -26.00000000000002132, -13.00000000000000178 ) ) ;
#2298 = VECTOR ( 'NONE', #5506, 1000.000000000000000 ) ;
#2299 = DIRECTION ( 'NONE',  ( 1.000000000000000000, 0.000000000000000000, 0.000000000000000000 ) ) ;
#2300 = ORIENTED_EDGE ( 'NONE', *, *, #463, .T. ) ;
#2301 = AXIS2_PLACEMENT_3D ( 'NONE', #2780, #1381, #4864 ) ;
#2302 = DIRECTION ( 'NONE',  ( 0.000000000000000000, 0.000000000000000000, 1.000000000000000000 ) ) ;
#2303 = DIRECTION ( 'NONE',  ( 1.000000000000000000, 0.000000000000000000, 0.000000000000000000 ) ) ;
#2304 = AXIS2_PLACEMENT_3D ( 'NONE', #532, #465, #561 ) ;
#2305 = VECTOR ( 'NONE', #3336, 1000.000000000000000 ) ;
#2306 = VERTEX_POINT ( 'NONE', #2596 ) ;
#2307 = ADVANCED_FACE ( 'NONE', ( #5779 ), #4235, .T. ) ;
#2308 = EDGE_CURVE ( 'NONE', #199, #4326, #5056, .T. ) ;
#2309 = ORIENTED_EDGE ( 'NONE', *, *, #5360, .T. ) ;
#2310 = CARTESIAN_POINT ( 'NONE',  ( 44.29999999999999716, -22.00000000000000000, -16.39999999999999858 ) ) ;
#2311 = ORIENTED_EDGE ( 'NONE', *, *, #3098, .T. ) ;
#2312 = CARTESIAN_POINT ( 'NONE',  ( -41.42000000000000881, -7.120000000000005436, -1.600000000000000089 ) ) ;
#2313 = AXIS2_PLACEMENT_3D ( 'NONE', #1720, #3732, #3298 ) ;
#2314 = VECTOR ( 'NONE', #3332, 1000.000000000000000 ) ;
#2315 = EDGE_CURVE ( 'NONE', #6303, #652, #2630, .T. ) ;
#2316 = EDGE_CURVE ( 'NONE', #4528, #6222, #5213, .T. ) ;
#2317 = ORIENTED_EDGE ( 'NONE', *, *, #2067, .T. ) ;
#2318 = DIRECTION ( 'NONE',  ( 0.000000000000000000, 0.000000000000000000, -1.000000000000000000 ) ) ;
#2319 = ORIENTED_EDGE ( 'NONE', *, *, #6257, .F. ) ;
#2320 = VECTOR ( 'NONE', #926, 1000.000000000000000 ) ;
#2321 = CARTESIAN_POINT ( 'NONE',  ( -48.00000000000000000, -21.20000000000000284, -3.750000000000000000 ) ) ;
#2322 = DIRECTION ( 'NONE',  ( 0.000000000000000000, 0.000000000000000000, 1.000000000000000000 ) ) ;
#2323 = EDGE_CURVE ( 'NONE', #1224, #3640, #1686, .T. ) ;
#2324 = CARTESIAN_POINT ( 'NONE',  ( -41.83376043070340700, 25.28999999999999559, 0.000000000000000000 ) ) ;
#2325 = ORIENTED_EDGE ( 'NONE', *, *, #4405, .T. ) ;
#2326 = EDGE_CURVE ( 'NONE', #1541, #1016, #5813, .T. ) ;
#2327 = ORIENTED_EDGE ( 'NONE', *, *, #605, .T. ) ;
#2328 = CARTESIAN_POINT ( 'NONE',  ( -0.3100000000000073808, 27.21376043070339534, 0.000000000000000000 ) ) ;
#2329 = CARTESIAN_POINT ( 'NONE',  ( 45.00000000000000711, -26.00000000000001066, -1.600000000000000755 ) ) ;
#2330 = CARTESIAN_POINT ( 'NONE',  ( -10.59999999999999964, -24.05000000000000071, -1.600000000000000089 ) ) ;
#2331 = CARTESIAN_POINT ( 'NONE',  ( -45.00000000000000711, 3.149999999999999911, -1.600000000000000755 ) ) ;
#2332 = VERTEX_POINT ( 'NONE', #3156 ) ;
#2333 = DIRECTION ( 'NONE',  ( 1.000000000000000000, 0.000000000000000000, -0.000000000000000000 ) ) ;
#2334 = CARTESIAN_POINT ( 'NONE',  ( 44.99999999999999289, -29.66000000000000369, -15.00000000000000178 ) ) ;
#2335 = FACE_OUTER_BOUND ( 'NONE', #218, .T. ) ;
#2336 = CARTESIAN_POINT ( 'NONE',  ( 18.64999999999999858, 18.85000000000000142, -4.200000000000000178 ) ) ;
#2337 = ORIENTED_EDGE ( 'NONE', *, *, #4191, .F. ) ;
#2338 = CARTESIAN_POINT ( 'NONE',  ( -45.00000000000000000, -31.00000000000000000, -12.60000000000001741 ) ) ;
#2339 = LINE ( 'NONE', #6430, #1002 ) ;
#2340 = VERTEX_POINT ( 'NONE', #5141 ) ;
#2341 = ORIENTED_EDGE ( 'NONE', *, *, #5558, .T. ) ;
#2342 = CARTESIAN_POINT ( 'NONE',  ( -47.39999999999999858, -21.20000000000000284, -3.750000000000000000 ) ) ;
#2343 = VERTEX_POINT ( 'NONE', #6192 ) ;
#2344 = CARTESIAN_POINT ( 'NONE',  ( 45.49999999999999289, -22.00000000000000000, -1.600000000000000755 ) ) ;
#2345 = EDGE_CURVE ( 'NONE', #1194, #5125, #3881, .T. ) ;
#2346 = ORIENTED_EDGE ( 'NONE', *, *, #2315, .F. ) ;
#2347 = CARTESIAN_POINT ( 'NONE',  ( 39.34999999999999432, 3.149999999999999467, -2.000000000000000000 ) ) ;
#2348 = ORIENTED_EDGE ( 'NONE', *, *, #2178, .F. ) ;
#2349 = CARTESIAN_POINT ( 'NONE',  ( 34.30000000000001847, 13.00000000000000178, -0.6999999999999998446 ) ) ;
#2350 = DIRECTION ( 'NONE',  ( 0.000000000000000000, -1.000000000000000000, 0.000000000000000000 ) ) ;
#2351 = CARTESIAN_POINT ( 'NONE',  ( 3.699999999999997513, 27.09999999999999787, -7.500000000000000888 ) ) ;
#2352 = EDGE_LOOP ( 'NONE', ( #3233, #2407, #3542, #2655 ) ) ;
#2353 = EDGE_CURVE ( 'NONE', #2953, #4970, #3626, .T. ) ;
#2354 = VERTEX_POINT ( 'NONE', #1083 ) ;
#2355 = DIRECTION ( 'NONE',  ( 0.000000000000000000, 1.000000000000000000, 0.000000000000000000 ) ) ;
#2356 = DIRECTION ( 'NONE',  ( 0.000000000000000000, -1.000000000000000000, 0.000000000000000000 ) ) ;
#2357 = DIRECTION ( 'NONE',  ( -0.000000000000000000, 0.000000000000000000, 1.000000000000000000 ) ) ;
#2358 = LINE ( 'NONE', #1358, #3384 ) ;
#2359 = EDGE_LOOP ( 'NONE', ( #6535, #5538, #1045, #5617 ) ) ;
#2360 = DIRECTION ( 'NONE',  ( -0.000000000000000000, -0.000000000000000000, 1.000000000000000000 ) ) ;
#2361 = CIRCLE ( 'NONE', #1178, 1.799999999999999600 ) ;
#2362 = ADVANCED_FACE ( 'NONE', ( #4669 ), #6217, .T. ) ;
#2363 = CARTESIAN_POINT ( 'NONE',  ( -48.00000000000000000, -21.20000000000000284, -6.000000000000000000 ) ) ;
#2364 = LINE ( 'NONE', #2923, #5920 ) ;
#2365 = PLANE ( 'NONE',  #1555 ) ;
#2366 = ORIENTED_EDGE ( 'NONE', *, *, #103, .F. ) ;
#2367 = PLANE ( 'NONE',  #6009 ) ;
#2368 = VECTOR ( 'NONE', #1887, 1000.000000000000000 ) ;
#2369 = LINE ( 'NONE', #1369, #710 ) ;
#2370 = ORIENTED_EDGE ( 'NONE', *, *, #906, .T. ) ;
#2371 = CIRCLE ( 'NONE', #4295, 2.000000000000000000 ) ;
#2372 = EDGE_CURVE ( 'NONE', #4355, #3988, #616, .T. ) ;
#2373 = EDGE_LOOP ( 'NONE', ( #4920, #300, #2928, #2526 ) ) ;
#2374 = VECTOR ( 'NONE', #6613, 1000.000000000000000 ) ;
#2375 = CARTESIAN_POINT ( 'NONE',  ( 48.00000000000000000, -25.99999999999999645, 0.000000000000000000 ) ) ;
#2376 = EDGE_LOOP ( 'NONE', ( #6301, #4823, #3096, #5560 ) ) ;
#2377 = DIRECTION ( 'NONE',  ( 0.000000000000000000, 1.000000000000000000, 0.000000000000000000 ) ) ;
#2378 = AXIS2_PLACEMENT_3D ( 'NONE', #3346, #3850, #2235 ) ;
#2379 = ORIENTED_EDGE ( 'NONE', *, *, #1314, .F. ) ;
#2380 = EDGE_CURVE ( 'NONE', #6577, #780, #4199, .T. ) ;
#2381 = EDGE_CURVE ( 'NONE', #5519, #2343, #2692, .T. ) ;
#2382 = DIRECTION ( 'NONE',  ( -0.000000000000000000, 0.000000000000000000, -1.000000000000000000 ) ) ;
#2383 = ORIENTED_EDGE ( 'NONE', *, *, #1269, .F. ) ;
#2384 = LINE ( 'NONE', #4963, #6451 ) ;
#2385 = ORIENTED_EDGE ( 'NONE', *, *, #2308, .F. ) ;
#2386 = AXIS2_PLACEMENT_3D ( 'NONE', #51, #3221, #2150 ) ;
#2387 = PLANE ( 'NONE',  #4754 ) ;
#2388 = VERTEX_POINT ( 'NONE', #6251 ) ;
#2389 = ORIENTED_EDGE ( 'NONE', *, *, #4573, .F. ) ;
#2390 = DIRECTION ( 'NONE',  ( 0.000000000000000000, 0.000000000000000000, 1.000000000000000000 ) ) ;
#2391 = CARTESIAN_POINT ( 'NONE',  ( -43.19999999999999574, -8.750000000000000000, -1.600000000000000089 ) ) ;
#2392 = CARTESIAN_POINT ( 'NONE',  ( -45.00000000000000711, 26.00000000000002132, -15.50000000000000178 ) ) ;
#2393 = ORIENTED_EDGE ( 'NONE', *, *, #4492, .T. ) ;
#2394 = EDGE_CURVE ( 'NONE', #3113, #3245, #1655, .T. ) ;
#2395 = CARTESIAN_POINT ( 'NONE',  ( -50.00000000000000000, 20.03999999999999559, -6.505000000000000782 ) ) ;
#2396 = EDGE_CURVE ( 'NONE', #2576, #4337, #3775, .T. ) ;
#2397 = CARTESIAN_POINT ( 'NONE',  ( 37.35000000000000142, 3.149999999999999467, -4.200000000000000178 ) ) ;
#2398 = CARTESIAN_POINT ( 'NONE',  ( 48.90999999999999659, 26.00000000000000355, -13.90000000000000036 ) ) ;
#2399 = CARTESIAN_POINT ( 'NONE',  ( 7.400000000000000355, -24.05000000000000071, -10.65000000000000391 ) ) ;
#2400 = VECTOR ( 'NONE', #6447, 1000.000000000000000 ) ;
#2401 = VERTEX_POINT ( 'NONE', #6312 ) ;
#2402 = VECTOR ( 'NONE', #6321, 1000.000000000000000 ) ;
#2403 = ADVANCED_FACE ( 'NONE', ( #4268 ), #3897, .T. ) ;
#2404 = CARTESIAN_POINT ( 'NONE',  ( -44.99999999999999289, 29.66000000000000369, -15.00000000000000178 ) ) ;
#2405 = EDGE_CURVE ( 'NONE', #638, #645, #782, .T. ) ;
#2406 = LINE ( 'NONE', #5454, #5930 ) ;
#2407 = ORIENTED_EDGE ( 'NONE', *, *, #872, .F. ) ;
#2408 = VECTOR ( 'NONE', #2629, 1000.000000000000000 ) ;
#2409 = AXIS2_PLACEMENT_3D ( 'NONE', #1711, #3724, #641 ) ;
#2410 = ORIENTED_EDGE ( 'NONE', *, *, #1528, .T. ) ;
#2411 = CARTESIAN_POINT ( 'NONE',  ( -45.69999999999999574, -25.60000000000000142, -3.169999999999999929 ) ) ;
#2412 = ORIENTED_EDGE ( 'NONE', *, *, #2192, .T. ) ;
#2413 = LINE ( 'NONE', #5972, #4949 ) ;
#2414 = CIRCLE ( 'NONE', #3471, 3.000000000000009770 ) ;
#2415 = CIRCLE ( 'NONE', #3263, 3.000000000000002665 ) ;
#2416 = ORIENTED_EDGE ( 'NONE', *, *, #2967, .F. ) ;
#2417 = VECTOR ( 'NONE', #3594, 1000.000000000000000 ) ;
#2418 = CARTESIAN_POINT ( 'NONE',  ( 37.75000000000000000, 3.149999999999999467, -2.000000000000000000 ) ) ;
#2419 = AXIS2_PLACEMENT_3D ( 'NONE', #4611, #503, #1569 ) ;
#2420 = ORIENTED_EDGE ( 'NONE', *, *, #5954, .F. ) ;
#2421 = LINE ( 'NONE', #4462, #2374 ) ;
#2422 = ORIENTED_EDGE ( 'NONE', *, *, #665, .F. ) ;
#2423 = DIRECTION ( 'NONE',  ( 0.000000000000000000, 0.000000000000000000, -1.000000000000000000 ) ) ;
#2424 = AXIS2_PLACEMENT_3D ( 'NONE', #1361, #3936, #5987 ) ;
#2425 = VERTEX_POINT ( 'NONE', #5882 ) ;
#2426 = ORIENTED_EDGE ( 'NONE', *, *, #4647, .F. ) ;
#2427 = CARTESIAN_POINT ( 'NONE',  ( 45.00000000000000000, 28.39999999999999858, -1.600000000000000755 ) ) ;
#2428 = CARTESIAN_POINT ( 'NONE',  ( 22.60000000000000142, -12.05000000000000249, -10.65000000000000391 ) ) ;
#2429 = CARTESIAN_POINT ( 'NONE',  ( 20.35000000000000853, 17.14999999999999147, -1.600000000000000089 ) ) ;
#2430 = VERTEX_POINT ( 'NONE', #720 ) ;
#2431 = EDGE_CURVE ( 'NONE', #2340, #5497, #2248, .T. ) ;
#2432 = FACE_OUTER_BOUND ( 'NONE', #4336, .T. ) ;
#2433 = CARTESIAN_POINT ( 'NONE',  ( 22.60000000000000142, -24.05000000000000071, -10.65000000000000391 ) ) ;
#2434 = LINE ( 'NONE', #6557, #6459 ) ;
#2435 = LINE ( 'NONE', #5515, #60 ) ;
#2436 = ORIENTED_EDGE ( 'NONE', *, *, #4264, .F. ) ;
#2437 = CARTESIAN_POINT ( 'NONE',  ( 44.29999999999999716, -14.00000000000000000, -16.39999999999999858 ) ) ;
#2438 = ORIENTED_EDGE ( 'NONE', *, *, #5638, .T. ) ;
#2439 = DIRECTION ( 'NONE',  ( 0.000000000000000000, -0.000000000000000000, -1.000000000000000000 ) ) ;
#2440 = EDGE_LOOP ( 'NONE', ( #5925, #368, #4036, #5755 ) ) ;
#2441 = EDGE_LOOP ( 'NONE', ( #632, #1781, #1982, #3140, #1707, #5066, #2453, #3551 ) ) ;
#2442 = CARTESIAN_POINT ( 'NONE',  ( -50.00000000000000000, 15.88999999999999702, -12.06999999999999673 ) ) ;
#2443 = ORIENTED_EDGE ( 'NONE', *, *, #5954, .T. ) ;
#2444 = DIRECTION ( 'NONE',  ( 1.000000000000000000, 0.000000000000000000, 0.000000000000000000 ) ) ;
#2445 = VERTEX_POINT ( 'NONE', #3863 ) ;
#2446 = DIRECTION ( 'NONE',  ( 0.000000000000000000, -1.000000000000000000, 0.000000000000000000 ) ) ;
#2447 = ORIENTED_EDGE ( 'NONE', *, *, #4280, .F. ) ;
#2448 = DIRECTION ( 'NONE',  ( 0.000000000000000000, 0.000000000000000000, -1.000000000000000000 ) ) ;
#2449 = ORIENTED_EDGE ( 'NONE', *, *, #3501, .T. ) ;
#2450 = CARTESIAN_POINT ( 'NONE',  ( -48.65999999999999659, -26.00000000000000355, -15.50000000000000178 ) ) ;
#2451 = APPLICATION_CONTEXT ( 'automotive_design' ) ;
#2452 = ORIENTED_EDGE ( 'NONE', *, *, #5049, .T. ) ;
#2453 = ORIENTED_EDGE ( 'NONE', *, *, #3494, .T. ) ;
#2454 = FACE_OUTER_BOUND ( 'NONE', #5815, .T. ) ;
#2455 = CARTESIAN_POINT ( 'NONE',  ( 34.00000000000000000, -31.00000000000000000, -12.60000000000001741 ) ) ;
#2456 = FACE_BOUND ( 'NONE', #3255, .T. ) ;
#2457 = EDGE_LOOP ( 'NONE', ( #4847, #6033, #3208, #3953 ) ) ;
#2458 = LINE ( 'NONE', #4474, #5209 ) ;
#2459 = CARTESIAN_POINT ( 'NONE',  ( 48.90999999999999659, -26.00000000000000355, -13.90000000000000036 ) ) ;
#2460 = CARTESIAN_POINT ( 'NONE',  ( -46.80000000000000426, 13.43999999999999773, -8.470000000000000639 ) ) ;
#2461 = EDGE_CURVE ( 'NONE', #1446, #910, #2788, .T. ) ;
#2462 = LINE ( 'NONE', #4100, #5625 ) ;
#2463 = ORIENTED_EDGE ( 'NONE', *, *, #6364, .F. ) ;
#2464 = CARTESIAN_POINT ( 'NONE',  ( 39.34999999999999432, 18.85000000000000142, -2.000000000000000000 ) ) ;
#2465 = ORIENTED_EDGE ( 'NONE', *, *, #6320, .T. ) ;
#2466 = CIRCLE ( 'NONE', #6214, 0.9999999999999974465 ) ;
#2467 = CARTESIAN_POINT ( 'NONE',  ( 31.99999999999999289, 9.000000000000010658, -1.000000000000014433 ) ) ;
#2468 = DIRECTION ( 'NONE',  ( 0.000000000000000000, -1.000000000000000000, 0.000000000000000000 ) ) ;
#2469 = EDGE_LOOP ( 'NONE', ( #274, #4637, #6001, #2896 ) ) ;
#2470 = VECTOR ( 'NONE', #1708, 1000.000000000000000 ) ;
#2471 = DIRECTION ( 'NONE',  ( 1.000000000000000000, 0.000000000000000000, 0.000000000000000000 ) ) ;
#2472 = VERTEX_POINT ( 'NONE', #5849 ) ;
#2473 = DIRECTION ( 'NONE',  ( 0.000000000000000000, 1.000000000000000000, 0.000000000000000000 ) ) ;
#2474 = AXIS2_PLACEMENT_3D ( 'NONE', #5697, #1454, #4566 ) ;
#2475 = EDGE_CURVE ( 'NONE', #2527, #1345, #823, .T. ) ;
#2476 = VECTOR ( 'NONE', #1783, 1000.000000000000000 ) ;
#2477 = EDGE_CURVE ( 'NONE', #4326, #3425, #6392, .T. ) ;
#2478 = ORIENTED_EDGE ( 'NONE', *, *, #6542, .F. ) ;
#2479 = DIRECTION ( 'NONE',  ( 0.4999999999999998890, -0.000000000000000000, 0.8660254037844387076 ) ) ;
#2480 = EDGE_LOOP ( 'NONE', ( #838, #6275, #431, #3583, #6003, #5291, #6314, #4464, #6005, #5912, #2760, #5416 ) ) ;
#2481 = CIRCLE ( 'NONE', #3010, 0.6499999999999995781 ) ;
#2482 = DIRECTION ( 'NONE',  ( 1.000000000000000000, 0.000000000000000000, 0.000000000000000000 ) ) ;
#2483 = VERTEX_POINT ( 'NONE', #5916 ) ;
#2484 = CARTESIAN_POINT ( 'NONE',  ( -45.00000000000000000, -28.39999999999999858, -1.600000000000000755 ) ) ;
#2485 = AXIS2_PLACEMENT_3D ( 'NONE', #4529, #440, #1413 ) ;
#2486 = EDGE_CURVE ( 'NONE', #4417, #5503, #1252, .T. ) ;
#2487 = EDGE_CURVE ( 'NONE', #6204, #4067, #5337, .T. ) ;
#2488 = ORIENTED_EDGE ( 'NONE', *, *, #5826, .T. ) ;
#2489 = AXIS2_PLACEMENT_3D ( 'NONE', #6092, #492, #4099 ) ;
#2490 = ORIENTED_EDGE ( 'NONE', *, *, #1499, .F. ) ;
#2491 = DIRECTION ( 'NONE',  ( 1.000000000000000000, 0.000000000000000000, 0.000000000000000000 ) ) ;
#2492 = LINE ( 'NONE', #2455, #2581 ) ;
#2493 = FACE_BOUND ( 'NONE', #6305, .T. ) ;
#2494 = EDGE_LOOP ( 'NONE', ( #6094, #57, #5229, #2771 ) ) ;
#2495 = CARTESIAN_POINT ( 'NONE',  ( 19.35501256289338201, 4.749999999999999112, -0.6999999999999998446 ) ) ;
#2496 = ADVANCED_FACE ( 'NONE', ( #5374, #4937 ), #751, .F. ) ;
#2497 = LINE ( 'NONE', #552, #4330 ) ;
#2498 = LINE ( 'NONE', #2564, #1830 ) ;
#2499 = DIRECTION ( 'NONE',  ( -1.000000000000000000, 0.000000000000000000, 0.000000000000000000 ) ) ;
#2500 = VERTEX_POINT ( 'NONE', #255 ) ;
#2501 = AXIS2_PLACEMENT_3D ( 'NONE', #1602, #2162, #2706 ) ;
#2502 = CARTESIAN_POINT ( 'NONE',  ( 37.35000000000000142, 20.05000000000000071, -4.200000000000000178 ) ) ;
#2503 = ORIENTED_EDGE ( 'NONE', *, *, #4190, .F. ) ;
#2504 = FACE_OUTER_BOUND ( 'NONE', #5639, .T. ) ;
#2505 = EDGE_CURVE ( 'NONE', #1451, #5767, #2684, .T. ) ;
#2506 = EDGE_CURVE ( 'NONE', #847, #1722, #5696, .T. ) ;
#2507 = VECTOR ( 'NONE', #714, 1000.000000000000000 ) ;
#2508 = DIRECTION ( 'NONE',  ( 0.000000000000000000, -0.000000000000000000, -1.000000000000000000 ) ) ;
#2509 = DIRECTION ( 'NONE',  ( 1.000000000000000000, 0.000000000000000000, 0.000000000000000000 ) ) ;
#2510 = ORIENTED_EDGE ( 'NONE', *, *, #2294, .T. ) ;
#2511 = CARTESIAN_POINT ( 'NONE',  ( 8.599999999999999645, -12.05000000000000249, -10.65000000000000391 ) ) ;
#2512 = EDGE_CURVE ( 'NONE', #4067, #1016, #2287, .T. ) ;
#2513 = EDGE_CURVE ( 'NONE', #1704, #408, #4339, .T. ) ;
#2514 = AXIS2_PLACEMENT_3D ( 'NONE', #3442, #5221, #2128 ) ;
#2515 = VECTOR ( 'NONE', #102, 1000.000000000000000 ) ;
#2516 = ORIENTED_EDGE ( 'NONE', *, *, #5646, .T. ) ;
#2517 = DIRECTION ( 'NONE',  ( -1.000000000000000000, 0.000000000000000000, 0.000000000000000000 ) ) ;
#2518 = ORIENTED_EDGE ( 'NONE', *, *, #6073, .F. ) ;
#2519 = CARTESIAN_POINT ( 'NONE',  ( 17.44999999999999929, 1.949999999999999512, -1.600000000000000089 ) ) ;
#2520 = ORIENTED_EDGE ( 'NONE', *, *, #1138, .T. ) ;
#2521 = AXIS2_PLACEMENT_3D ( 'NONE', #3728, #3625, #5778 ) ;
#2522 = DIRECTION ( 'NONE',  ( -1.000000000000000000, 0.000000000000000000, 0.000000000000000000 ) ) ;
#2523 = VECTOR ( 'NONE', #4046, 1000.000000000000000 ) ;
#2524 = ADVANCED_FACE ( 'NONE', ( #5411 ), #1280, .F. ) ;
#2525 = VECTOR ( 'NONE', #4519, 1000.000000000000000 ) ;
#2526 = ORIENTED_EDGE ( 'NONE', *, *, #2477, .T. ) ;
#2527 = VERTEX_POINT ( 'NONE', #4372 ) ;
#2528 = FACE_OUTER_BOUND ( 'NONE', #2990, .T. ) ;
#2529 = CARTESIAN_POINT ( 'NONE',  ( -9.400000000000000355, -12.05000000000000249, -1.600000000000000089 ) ) ;
#2530 = CARTESIAN_POINT ( 'NONE',  ( -45.00000000000000711, -26.00000000000001066, -1.600000000000000755 ) ) ;
#2531 = CIRCLE ( 'NONE', #5418, 2.399999999999985256 ) ;
#2532 = ORIENTED_EDGE ( 'NONE', *, *, #3270, .F. ) ;
#2533 = VECTOR ( 'NONE', #1128, 1000.000000000000000 ) ;
#2534 = FACE_OUTER_BOUND ( 'NONE', #860, .T. ) ;
#2535 = EDGE_CURVE ( 'NONE', #2261, #2138, #1817, .T. ) ;
#2536 = DIRECTION ( 'NONE',  ( -0.2982749931359471307, 0.000000000000000000, -0.9544799780350295970 ) ) ;
#2537 = CARTESIAN_POINT ( 'NONE',  ( -47.39999999999999858, 13.43999999999999950, -10.51999999999999957 ) ) ;
#2538 = PLANE ( 'NONE',  #2626 ) ;
#2539 = EDGE_LOOP ( 'NONE', ( #4242, #5895, #6110, #1984 ) ) ;
#2540 = CIRCLE ( 'NONE', #6608, 3.659999999999989484 ) ;
#2541 = CARTESIAN_POINT ( 'NONE',  ( -46.80000000000000426, 7.739999999999995772, -6.419999999999999929 ) ) ;
#2542 = VERTEX_POINT ( 'NONE', #4909 ) ;
#2543 = LINE ( 'NONE', #4585, #3059 ) ;
#2544 = LINE ( 'NONE', #5050, #5521 ) ;
#2545 = DIRECTION ( 'NONE',  ( 0.000000000000000000, 0.000000000000000000, 1.000000000000000000 ) ) ;
#2546 = EDGE_LOOP ( 'NONE', ( #5139, #4150, #1666, #3591 ) ) ;
#2547 = CARTESIAN_POINT ( 'NONE',  ( 0.7999999999999972689, -8.320000000000005613, -1.600000000000000089 ) ) ;
#2548 = ORIENTED_EDGE ( 'NONE', *, *, #1907, .T. ) ;
#2549 = DIRECTION ( 'NONE',  ( 0.000000000000000000, 0.000000000000000000, 1.000000000000000000 ) ) ;
#2550 = ORIENTED_EDGE ( 'NONE', *, *, #726, .T. ) ;
#2551 = CARTESIAN_POINT ( 'NONE',  ( 20.35000000000000853, 17.14999999999999147, -0.6999999999999998446 ) ) ;
#2552 = EDGE_CURVE ( 'NONE', #2632, #6423, #322, .T. ) ;
#2553 = EDGE_CURVE ( 'NONE', #66, #880, #1851, .T. ) ;
#2554 = ORIENTED_EDGE ( 'NONE', *, *, #1322, .F. ) ;
#2555 = FACE_OUTER_BOUND ( 'NONE', #2204, .T. ) ;
#2556 = ORIENTED_EDGE ( 'NONE', *, *, #1205, .T. ) ;
#2557 = DIRECTION ( 'NONE',  ( 0.000000000000000000, 1.000000000000000000, -0.000000000000000000 ) ) ;
#2558 = DIRECTION ( 'NONE',  ( 0.000000000000000000, 0.000000000000000000, 1.000000000000000000 ) ) ;
#2559 = LINE ( 'NONE', #4599, #3798 ) ;
#2560 = CARTESIAN_POINT ( 'NONE',  ( -47.39999999999999858, 20.03999999999999559, -8.304999999999999716 ) ) ;
#2561 = DIRECTION ( 'NONE',  ( 1.000000000000000000, 0.000000000000000000, 0.000000000000000000 ) ) ;
#2562 = ADVANCED_FACE ( 'NONE', ( #953 ), #6012, .T. ) ;
#2563 = DIRECTION ( 'NONE',  ( 0.000000000000000000, 0.000000000000000000, 1.000000000000000000 ) ) ;
#2564 = CARTESIAN_POINT ( 'NONE',  ( 35.00000000000001421, 9.000000000000001776, 0.000000000000000000 ) ) ;
#2565 = CARTESIAN_POINT ( 'NONE',  ( 38.64498743710662154, 4.749999999999999112, -0.6999999999999998446 ) ) ;
#2566 = ORIENTED_EDGE ( 'NONE', *, *, #3477, .T. ) ;
#2567 = CARTESIAN_POINT ( 'NONE',  ( -48.65999999999999659, 26.00000000000000355, -15.50000000000000178 ) ) ;
#2568 = ORIENTED_EDGE ( 'NONE', *, *, #2104, .F. ) ;
#2569 = EDGE_CURVE ( 'NONE', #1028, #4145, #6113, .T. ) ;
#2570 = DIRECTION ( 'NONE',  ( 1.000000000000000000, 0.000000000000000000, 0.000000000000000000 ) ) ;
#2571 = DIRECTION ( 'NONE',  ( 1.000000000000000000, 0.000000000000000000, 0.000000000000000000 ) ) ;
#2572 = FACE_OUTER_BOUND ( 'NONE', #5797, .T. ) ;
#2573 = ORIENTED_EDGE ( 'NONE', *, *, #425, .F. ) ;
#2574 = CARTESIAN_POINT ( 'NONE',  ( 7.400000000000000355, -24.05000000000000071, -10.65000000000000391 ) ) ;
#2575 = EDGE_CURVE ( 'NONE', #2843, #1704, #2899, .T. ) ;
#2576 = VERTEX_POINT ( 'NONE', #1424 ) ;
#2577 = CARTESIAN_POINT ( 'NONE',  ( 49.60000000000000853, 26.00000000000000355, -13.00000000000000178 ) ) ;
#2578 = ORIENTED_EDGE ( 'NONE', *, *, #6374, .T. ) ;
#2579 = DIRECTION ( 'NONE',  ( 0.000000000000000000, -1.000000000000000000, 0.000000000000000000 ) ) ;
#2580 = AXIS2_PLACEMENT_3D ( 'NONE', #1863, #833, #5045 ) ;
#2581 = VECTOR ( 'NONE', #4536, 1000.000000000000000 ) ;
#2582 = ADVANCED_FACE ( 'NONE', ( #5507 ), #449, .T. ) ;
#2583 = ORIENTED_EDGE ( 'NONE', *, *, #5065, .F. ) ;
#2584 = CARTESIAN_POINT ( 'NONE',  ( 37.65000000000001279, 4.849999999999993427, -1.600000000000000089 ) ) ;
#2585 = VERTEX_POINT ( 'NONE', #2918 ) ;
#2586 = CARTESIAN_POINT ( 'NONE',  ( 39.34999999999999432, 17.25000000000000000, -2.000000000000000000 ) ) ;
#2587 = PLANE ( 'NONE',  #6229 ) ;
#2588 = AXIS2_PLACEMENT_3D ( 'NONE', #6510, #5498, #3549 ) ;
#2589 = PLANE ( 'NONE',  #5944 ) ;
#2590 = DIRECTION ( 'NONE',  ( 1.000000000000000000, 0.000000000000000000, 0.000000000000000000 ) ) ;
#2591 = LINE ( 'NONE', #5648, #2208 ) ;
#2592 = ADVANCED_FACE ( 'NONE', ( #4503 ), #4078, .T. ) ;
#2593 = VECTOR ( 'NONE', #730, 1000.000000000000000 ) ;
#2594 = VERTEX_POINT ( 'NONE', #1518 ) ;
#2595 = CARTESIAN_POINT ( 'NONE',  ( 0.7999999999999972689, -8.320000000000005613, -7.500000000000000888 ) ) ;
#2596 = CARTESIAN_POINT ( 'NONE',  ( -45.69999999999999574, -10.30000000000000071, -1.600000000000000089 ) ) ;
#2597 = DIRECTION ( 'NONE',  ( 1.000000000000000000, 0.000000000000000000, 0.000000000000000000 ) ) ;
#2598 = ORIENTED_EDGE ( 'NONE', *, *, #5049, .F. ) ;
#2599 = EDGE_CURVE ( 'NONE', #1170, #5105, #2492, .T. ) ;
#2600 = CARTESIAN_POINT ( 'NONE',  ( 48.90999999999999659, -26.00000000000000355, -13.90000000000000036 ) ) ;
#2601 = EDGE_LOOP ( 'NONE', ( #4955, #6127, #2311, #1854 ) ) ;
#2602 = EDGE_CURVE ( 'NONE', #5847, #4453, #3525, .T. ) ;
#2603 = CARTESIAN_POINT ( 'NONE',  ( 8.599999999999999645, -24.05000000000000071, -10.65000000000000391 ) ) ;
#2604 = CARTESIAN_POINT ( 'NONE',  ( -44.99999999999999289, -29.66000000000000369, -15.50000000000000178 ) ) ;
#2605 = PLANE ( 'NONE',  #3479 ) ;
#2606 = EDGE_LOOP ( 'NONE', ( #4478, #5772, #5223, #942, #1013, #3265, #1268, #3210 ) ) ;
#2607 = EDGE_CURVE ( 'NONE', #1207, #3900, #6045, .T. ) ;
#2608 = ADVANCED_FACE ( 'NONE', ( #6548, #3999 ), #1951, .F. ) ;
#2609 = CARTESIAN_POINT ( 'NONE',  ( 37.75000000000000000, 17.25000000000000000, -2.000000000000000000 ) ) ;
#2610 = AXIS2_PLACEMENT_3D ( 'NONE', #1214, #5842, #2819 ) ;
#2611 = ADVANCED_FACE ( 'NONE', ( #3497 ), #5254, .T. ) ;
#2612 = VERTEX_POINT ( 'NONE', #2428 ) ;
#2613 = CARTESIAN_POINT ( 'NONE',  ( -48.00000000000000000, -12.05000000000000249, -8.400000000000000355 ) ) ;
#2614 = EDGE_LOOP ( 'NONE', ( #148, #742, #1798, #6105 ) ) ;
#2615 = CARTESIAN_POINT ( 'NONE',  ( 19.00000000000000000, 27.19999999999999574, -1.600000000000000089 ) ) ;
#2616 = AXIS2_PLACEMENT_3D ( 'NONE', #5922, #857, #5988 ) ;
#2617 = ORIENTED_EDGE ( 'NONE', *, *, #5163, .T. ) ;
#2618 = VECTOR ( 'NONE', #1017, 1000.000000000000000 ) ;
#2619 = CARTESIAN_POINT ( 'NONE',  ( -39.91000000000001080, -6.033760430703406286, -7.511572993685796142E-16 ) ) ;
#2620 = VECTOR ( 'NONE', #176, 1000.000000000000000 ) ;
#2621 = ORIENTED_EDGE ( 'NONE', *, *, #5879, .F. ) ;
#2622 = CARTESIAN_POINT ( 'NONE',  ( 20.35000000000000853, 17.14999999999999147, -0.6999999999999998446 ) ) ;
#2623 = FACE_OUTER_BOUND ( 'NONE', #304, .T. ) ;
#2624 = DIRECTION ( 'NONE',  ( 1.000000000000000000, 0.000000000000000000, 0.000000000000000000 ) ) ;
#2625 = VECTOR ( 'NONE', #1372, 1000.000000000000000 ) ;
#2626 = AXIS2_PLACEMENT_3D ( 'NONE', #6597, #2055, #5078 ) ;
#2627 = DIRECTION ( 'NONE',  ( 0.000000000000000000, 0.000000000000000000, 1.000000000000000000 ) ) ;
#2628 = VERTEX_POINT ( 'NONE', #5540 ) ;
#2629 = DIRECTION ( 'NONE',  ( 0.000000000000000000, 1.000000000000000000, 0.000000000000000000 ) ) ;
#2630 = LINE ( 'NONE', #2121, #1420 ) ;
#2631 = CARTESIAN_POINT ( 'NONE',  ( -19.19999999999999574, -28.39999999999999858, -4.969999999999999751 ) ) ;
#2632 = VERTEX_POINT ( 'NONE', #981 ) ;
#2633 = VECTOR ( 'NONE', #4202, 1000.000000000000000 ) ;
#2634 = ADVANCED_FACE ( 'NONE', ( #3020 ), #3055, .F. ) ;
#2635 = DIRECTION ( 'NONE',  ( 0.000000000000000000, -1.000000000000000000, 0.000000000000000000 ) ) ;
#2636 = CIRCLE ( 'NONE', #932, 2.300000000000006928 ) ;
#2637 = ORIENTED_EDGE ( 'NONE', *, *, #2225, .T. ) ;
#2638 = DIRECTION ( 'NONE',  ( 0.000000000000000000, 0.000000000000000000, -1.000000000000000000 ) ) ;
#2639 = AXIS2_PLACEMENT_3D ( 'NONE', #5084, #5657, #4548 ) ;
#2640 = CARTESIAN_POINT ( 'NONE',  ( -41.42000000000000881, -7.120000000000005436, -7.500000000000000888 ) ) ;
#2641 = CARTESIAN_POINT ( 'NONE',  ( -20.69999999999999574, -25.60000000000000142, -1.600000000000000089 ) ) ;
#2642 = ORIENTED_EDGE ( 'NONE', *, *, #1011, .F. ) ;
#2643 = FACE_BOUND ( 'NONE', #6234, .T. ) ;
#2644 = CARTESIAN_POINT ( 'NONE',  ( 45.50000000000000000, -22.00000000000000000, -16.39999999999999858 ) ) ;
#2645 = VERTEX_POINT ( 'NONE', #2529 ) ;
#2646 = VERTEX_POINT ( 'NONE', #1918 ) ;
#2647 = CARTESIAN_POINT ( 'NONE',  ( -50.00000000000000000, -23.85000000000000142, -9.599999999999999645 ) ) ;
#2648 = ORIENTED_EDGE ( 'NONE', *, *, #3066, .T. ) ;
#2649 = CARTESIAN_POINT ( 'NONE',  ( 18.64999999999999858, 18.85000000000000142, -2.000000000000000000 ) ) ;
#2650 = ORIENTED_EDGE ( 'NONE', *, *, #4578, .T. ) ;
#2651 = FACE_OUTER_BOUND ( 'NONE', #2028, .T. ) ;
#2652 = CARTESIAN_POINT ( 'NONE',  ( -50.00000000000000000, 4.089999999999996305, -6.070000000000000284 ) ) ;
#2653 = CARTESIAN_POINT ( 'NONE',  ( 37.75000000000000000, 18.85000000000000142, -2.000000000000000000 ) ) ;
#2654 = CARTESIAN_POINT ( 'NONE',  ( 48.65999999999999659, -26.00000000000000355, -15.50000000000000178 ) ) ;
#2655 = ORIENTED_EDGE ( 'NONE', *, *, #32, .T. ) ;
#2656 = LINE ( 'NONE', #50, #6163 ) ;
#2657 = CARTESIAN_POINT ( 'NONE',  ( -48.00000000000000000, -25.05000000000000426, -3.600000000000000533 ) ) ;
#2658 = CARTESIAN_POINT ( 'NONE',  ( 7.400000000000000355, -24.05000000000000071, -10.65000000000000391 ) ) ;
#2659 = VERTEX_POINT ( 'NONE', #4059 ) ;
#2660 = DIRECTION ( 'NONE',  ( 1.000000000000000000, -3.469446951953611033E-15, 0.000000000000000000 ) ) ;
#2661 = CARTESIAN_POINT ( 'NONE',  ( 37.64999999999999858, 3.850000000000002753, -1.600000000000000089 ) ) ;
#2662 = ORIENTED_EDGE ( 'NONE', *, *, #6155, .F. ) ;
#2663 = LINE ( 'NONE', #3131, #4775 ) ;
#2664 = EDGE_CURVE ( 'NONE', #4634, #4712, #4972, .T. ) ;
#2665 = CARTESIAN_POINT ( 'NONE',  ( 7.400000000000000355, -24.05000000000000071, -10.65000000000000391 ) ) ;
#2666 = DIRECTION ( 'NONE',  ( 0.000000000000000000, 0.000000000000000000, 1.000000000000000000 ) ) ;
#2667 = ORIENTED_EDGE ( 'NONE', *, *, #1900, .F. ) ;
#2668 = PLANE ( 'NONE',  #2792 ) ;
#2669 = DIRECTION ( 'NONE',  ( 0.000000000000000000, 0.000000000000000000, 1.000000000000000000 ) ) ;
#2670 = EDGE_CURVE ( 'NONE', #527, #1063, #4717, .T. ) ;
#2671 = ORIENTED_EDGE ( 'NONE', *, *, #4068, .T. ) ;
#2672 = ORIENTED_EDGE ( 'NONE', *, *, #5826, .F. ) ;
#2673 = DIRECTION ( 'NONE',  ( 0.000000000000000000, 0.000000000000000000, 1.000000000000000000 ) ) ;
#2674 = EDGE_CURVE ( 'NONE', #2542, #3311, #10, .T. ) ;
#2675 = EDGE_CURVE ( 'NONE', #527, #3547, #4469, .T. ) ;
#2676 = COLOUR_RGB ( '',0.7921568627450980005, 0.8196078431372548767, 0.9333333333333333481 ) ;
#2677 = ORIENTED_EDGE ( 'NONE', *, *, #6587, .F. ) ;
#2678 = LINE ( 'NONE', #4719, #5359 ) ;
#2679 = ORIENTED_EDGE ( 'NONE', *, *, #2285, .F. ) ;
#2680 = DIRECTION ( 'NONE',  ( 0.000000000000000000, 0.000000000000000000, 1.000000000000000000 ) ) ;
#2681 = VECTOR ( 'NONE', #252, 1000.000000000000114 ) ;
#2682 = EDGE_CURVE ( 'NONE', #2111, #4145, #2716, .T. ) ;
#2683 = FACE_OUTER_BOUND ( 'NONE', #5006, .T. ) ;
#2684 = CIRCLE ( 'NONE', #3112, 5.000000000000004441 ) ;
#2685 = EDGE_CURVE ( 'NONE', #2130, #5940, #3148, .T. ) ;
#2686 = CARTESIAN_POINT ( 'NONE',  ( -18.89999999999999503, -10.89999999999999858, -4.969999999999999751 ) ) ;
#2687 = CARTESIAN_POINT ( 'NONE',  ( -45.69999999999999574, -25.60000000000000142, -1.600000000000000089 ) ) ;
#2688 = AXIS2_PLACEMENT_3D ( 'NONE', #1262, #5792, #3817 ) ;
#2689 = AXIS2_PLACEMENT_3D ( 'NONE', #4094, #517, #2558 ) ;
#2690 = ORIENTED_EDGE ( 'NONE', *, *, #1977, .F. ) ;
#2691 = CARTESIAN_POINT ( 'NONE',  ( 44.99999999999999289, -29.16000000000000014, -15.50000000000000178 ) ) ;
#2692 = LINE ( 'NONE', #109, #5162 ) ;
#2693 = VECTOR ( 'NONE', #3499, 1000.000000000000000 ) ;
#2694 = LINE ( 'NONE', #110, #812 ) ;
#2695 = EDGE_LOOP ( 'NONE', ( #2707, #2246, #4170, #3130 ) ) ;
#2696 = LINE ( 'NONE', #2187, #4024 ) ;
#2697 = CARTESIAN_POINT ( 'NONE',  ( -43.19999999999999574, -9.750000000000000000, -1.600000000000000089 ) ) ;
#2698 = AXIS2_PLACEMENT_3D ( 'NONE', #6270, #1674, #5769 ) ;
#2699 = ORIENTED_EDGE ( 'NONE', *, *, #4447, .F. ) ;
#2700 = DIRECTION ( 'NONE',  ( 0.000000000000000000, 0.000000000000000000, 1.000000000000000000 ) ) ;
#2701 = DIRECTION ( 'NONE',  ( 0.000000000000000000, 0.000000000000000000, 1.000000000000000000 ) ) ;
#2702 = DIRECTION ( 'NONE',  ( 0.000000000000000000, -1.000000000000000000, 0.000000000000000000 ) ) ;
#2703 = VECTOR ( 'NONE', #6018, 1000.000000000000000 ) ;
#2704 = VERTEX_POINT ( 'NONE', #2080 ) ;
#2705 = FACE_OUTER_BOUND ( 'NONE', #400, .T. ) ;
#2706 = DIRECTION ( 'NONE',  ( -1.000000000000000000, 0.000000000000000000, 0.000000000000000000 ) ) ;
#2707 = ORIENTED_EDGE ( 'NONE', *, *, #101, .F. ) ;
#2708 = DIRECTION ( 'NONE',  ( -1.000000000000000000, 0.000000000000000000, 0.000000000000000000 ) ) ;
#2709 = ORIENTED_EDGE ( 'NONE', *, *, #5974, .T. ) ;
#2710 = CARTESIAN_POINT ( 'NONE',  ( 37.35000000000000142, 18.85000000000000142, -4.200000000000000178 ) ) ;
#2711 = EDGE_CURVE ( 'NONE', #2268, #785, #5643, .T. ) ;
#2712 = VECTOR ( 'NONE', #3576, 1000.000000000000000 ) ;
#2713 = ORIENTED_EDGE ( 'NONE', *, *, #1676, .F. ) ;
#2714 = LINE ( 'NONE', #2347, #5035 ) ;
#2715 = ORIENTED_EDGE ( 'NONE', *, *, #836, .F. ) ;
#2716 = LINE ( 'NONE', #3723, #1938 ) ;
#2717 = DIRECTION ( 'NONE',  ( 1.000000000000000000, 0.000000000000000000, 0.000000000000000000 ) ) ;
#2718 = DIRECTION ( 'NONE',  ( 1.000000000000000000, 0.000000000000000000, 0.000000000000000000 ) ) ;
#2719 = ADVANCED_FACE ( 'NONE', ( #3212 ), #5232, .F. ) ;
#2720 = CARTESIAN_POINT ( 'NONE',  ( 8.599999999999999645, -24.05000000000000071, -10.65000000000000391 ) ) ;
#2721 = VECTOR ( 'NONE', #3710, 1000.000000000000000 ) ;
#2722 = AXIS2_PLACEMENT_3D ( 'NONE', #2530, #2982, #4626 ) ;
#2723 = VERTEX_POINT ( 'NONE', #1110 ) ;
#2724 = CARTESIAN_POINT ( 'NONE',  ( -48.00000000000000000, -15.90000000000000036, -6.000000000000000000 ) ) ;
#2725 = CYLINDRICAL_SURFACE ( 'NONE', #706, 3.659999999999989484 ) ;
#2726 = EDGE_LOOP ( 'NONE', ( #4621, #5060, #779, #5777, #5307, #1834, #5790, #5534 ) ) ;
#2727 = CARTESIAN_POINT ( 'NONE',  ( 18.64999999999999858, 4.749999999999999112, -1.600000000000000089 ) ) ;
#2728 = VECTOR ( 'NONE', #1716, 1000.000000000000000 ) ;
#2729 = CIRCLE ( 'NONE', #6485, 3.159999999999989040 ) ;
#2730 = VERTEX_POINT ( 'NONE', #175 ) ;
#2731 = FACE_OUTER_BOUND ( 'NONE', #5001, .T. ) ;
#2732 = VECTOR ( 'NONE', #4895, 1000.000000000000000 ) ;
#2733 = CIRCLE ( 'NONE', #2313, 2.300000000000017142 ) ;
#2734 = LINE ( 'NONE', #2763, #5294 ) ;
#2735 = LINE ( 'NONE', #4783, #2593 ) ;
#2736 = CARTESIAN_POINT ( 'NONE',  ( -45.00000000000000000, 25.99999999999999289, -2.000000000000000000 ) ) ;
#2737 = ORIENTED_EDGE ( 'NONE', *, *, #2512, .T. ) ;
#2738 = CARTESIAN_POINT ( 'NONE',  ( 45.00000000000000000, 28.39999999999999858, -1.600000000000000755 ) ) ;
#2739 = DIRECTION ( 'NONE',  ( 0.000000000000000000, 0.000000000000000000, -1.000000000000000000 ) ) ;
#2740 = VECTOR ( 'NONE', #429, 1000.000000000000000 ) ;
#2741 = EDGE_LOOP ( 'NONE', ( #4308, #5670, #2093, #5899 ) ) ;
#2742 = CARTESIAN_POINT ( 'NONE',  ( 39.34999999999999432, 3.149999999999999467, -2.000000000000000000 ) ) ;
#2743 = ORIENTED_EDGE ( 'NONE', *, *, #316, .T. ) ;
#2744 = DIRECTION ( 'NONE',  ( 0.000000000000000000, 0.000000000000000000, -1.000000000000000000 ) ) ;
#2745 = ORIENTED_EDGE ( 'NONE', *, *, #1305, .T. ) ;
#2746 = EDGE_CURVE ( 'NONE', #5429, #2445, #5708, .T. ) ;
#2747 = CARTESIAN_POINT ( 'NONE',  ( 13.00000000000000178, 28.39999999999999858, -1.600000000000000089 ) ) ;
#2748 = VERTEX_POINT ( 'NONE', #2212 ) ;
#2749 = PLANE ( 'NONE',  #1195 ) ;
#2750 = CARTESIAN_POINT ( 'NONE',  ( -45.00000000000000000, -31.00000000000000000, -12.60000000000001741 ) ) ;
#2751 = PLANE ( 'NONE',  #791 ) ;
#2752 = LINE ( 'NONE', #1778, #3324 ) ;
#2753 = VERTEX_POINT ( 'NONE', #100 ) ;
#2754 = CARTESIAN_POINT ( 'NONE',  ( -50.00000000000000000, 20.03999999999999559, -10.10499999999999865 ) ) ;
#2755 = DIRECTION ( 'NONE',  ( -1.000000000000000000, 0.000000000000000000, 0.000000000000000000 ) ) ;
#2756 = CARTESIAN_POINT ( 'NONE',  ( -39.91000000000001080, 25.28999999999999559, -1.600000000000000755 ) ) ;
#2757 = EDGE_LOOP ( 'NONE', ( #4184, #3092, #1579, #5174 ) ) ;
#2758 = CARTESIAN_POINT ( 'NONE',  ( 37.75000000000000000, 4.749999999999999112, -2.000000000000000000 ) ) ;
#2759 = DIRECTION ( 'NONE',  ( 0.000000000000000000, 1.000000000000000000, 0.000000000000000000 ) ) ;
#2760 = ORIENTED_EDGE ( 'NONE', *, *, #436, .T. ) ;
#2761 = EDGE_CURVE ( 'NONE', #1042, #6615, #4660, .T. ) ;
#2762 = DIRECTION ( 'NONE',  ( 1.000000000000000000, -0.000000000000000000, -0.000000000000000000 ) ) ;
#2763 = CARTESIAN_POINT ( 'NONE',  ( -50.00000000000000000, -13.25000000000000000, -2.399999999999999911 ) ) ;
#2764 = LINE ( 'NONE', #2613, #969 ) ;
#2765 = DIRECTION ( 'NONE',  ( 0.000000000000000000, -0.000000000000000000, -1.000000000000000000 ) ) ;
#2766 = EDGE_LOOP ( 'NONE', ( #3072, #6183, #3482, #2, #6288, #4941, #6241, #6390 ) ) ;
#2767 = ADVANCED_FACE ( 'NONE', ( #1551 ), #1680, .F. ) ;
#2768 = CARTESIAN_POINT ( 'NONE',  ( 38.64498743710662154, 4.749999999999999112, -0.6999999999999998446 ) ) ;
#2769 = EDGE_CURVE ( 'NONE', #4643, #3634, #4124, .T. ) ;
#2770 = LINE ( 'NONE', #4709, #3242 ) ;
#2771 = ORIENTED_EDGE ( 'NONE', *, *, #5675, .T. ) ;
#2772 = LINE ( 'NONE', #200, #493 ) ;
#2773 = ORIENTED_EDGE ( 'NONE', *, *, #691, .T. ) ;
#2774 = DIRECTION ( 'NONE',  ( 1.000000000000000000, 0.000000000000000000, 0.000000000000000000 ) ) ;
#2775 = ADVANCED_FACE ( 'NONE', ( #6186 ), #5773, .F. ) ;
#2776 = ORIENTED_EDGE ( 'NONE', *, *, #2394, .F. ) ;
#2777 = LINE ( 'NONE', #5399, #6534 ) ;
#2778 = ORIENTED_EDGE ( 'NONE', *, *, #5149, .T. ) ;
#2779 = FACE_OUTER_BOUND ( 'NONE', #3893, .T. ) ;
#2780 = CARTESIAN_POINT ( 'NONE',  ( 32.00000000000000000, 15.00000000000000000, -1.000000000000014433 ) ) ;
#2781 = VECTOR ( 'NONE', #2479, 1000.000000000000000 ) ;
#2782 = EDGE_CURVE ( 'NONE', #5767, #4755, #4625, .T. ) ;
#2783 = DIRECTION ( 'NONE',  ( 0.000000000000000000, 0.000000000000000000, 1.000000000000000000 ) ) ;
#2784 = FACE_OUTER_BOUND ( 'NONE', #2909, .T. ) ;
#2785 = VECTOR ( 'NONE', #4658, 1000.000000000000114 ) ;
#2786 = VERTEX_POINT ( 'NONE', #5741 ) ;
#2787 = DIRECTION ( 'NONE',  ( -1.000000000000000000, 0.000000000000000000, 0.000000000000000000 ) ) ;
#2788 = LINE ( 'NONE', #1748, #1724 ) ;
#2789 = CARTESIAN_POINT ( 'NONE',  ( 20.35000000000000497, 3.849999999999999645, -0.6999999999999998446 ) ) ;
#2790 = CARTESIAN_POINT ( 'NONE',  ( -18.89999999999999503, -26.20000000000000284, -4.969999999999999751 ) ) ;
#2791 = CARTESIAN_POINT ( 'NONE',  ( -47.39999999999999858, 1.114999999999996660, -8.304999999999999716 ) ) ;
#2792 = AXIS2_PLACEMENT_3D ( 'NONE', #949, #6579, #2976 ) ;
#2793 = ORIENTED_EDGE ( 'NONE', *, *, #506, .T. ) ;
#2794 = EDGE_CURVE ( 'NONE', #3075, #2111, #3117, .T. ) ;
#2795 = EDGE_CURVE ( 'NONE', #3900, #6076, #5264, .T. ) ;
#2796 = LINE ( 'NONE', #6398, #1670 ) ;
#2797 = VECTOR ( 'NONE', #3423, 1000.000000000000000 ) ;
#2798 = DIRECTION ( 'NONE',  ( 0.000000000000000000, -0.000000000000000000, -1.000000000000000000 ) ) ;
#2799 = DIRECTION ( 'NONE',  ( 0.2982749931359470752, 0.000000000000000000, 0.9544799780350295970 ) ) ;
#2800 = CARTESIAN_POINT ( 'NONE',  ( -20.69999999999999574, -25.60000000000000142, -3.169999999999999929 ) ) ;
#2801 = ORIENTED_EDGE ( 'NONE', *, *, #2114, .T. ) ;
#2802 = ADVANCED_FACE ( 'NONE', ( #572 ), #5206, .T. ) ;
#2803 = DIRECTION ( 'NONE',  ( 0.2982749931359471307, 0.000000000000000000, -0.9544799780350295970 ) ) ;
#2804 = LINE ( 'NONE', #3818, #5283 ) ;
#2805 = ORIENTED_EDGE ( 'NONE', *, *, #4573, .T. ) ;
#2806 = AXIS2_PLACEMENT_3D ( 'NONE', #6400, #3841, #5889 ) ;
#2807 = EDGE_LOOP ( 'NONE', ( #5509, #1401, #1478, #3604, #5686, #3567, #2317, #2276 ) ) ;
#2808 = LINE ( 'NONE', #2079, #3691 ) ;
#2809 = VERTEX_POINT ( 'NONE', #608 ) ;
#2810 = ADVANCED_FACE ( 'NONE', ( #2651 ), #1146, .F. ) ;
#2811 = DIRECTION ( 'NONE',  ( 0.000000000000000000, 1.000000000000000000, 0.000000000000000000 ) ) ;
#2812 = ADVANCED_FACE ( 'NONE', ( #544 ), #2587, .T. ) ;
#2813 = ORIENTED_EDGE ( 'NONE', *, *, #956, .F. ) ;
#2814 = DIRECTION ( 'NONE',  ( 1.000000000000000000, -3.469446951953595256E-15, 0.000000000000000000 ) ) ;
#2815 = ORIENTED_EDGE ( 'NONE', *, *, #3708, .T. ) ;
#2816 = DIRECTION ( 'NONE',  ( 1.000000000000000000, 0.000000000000000000, 0.000000000000000000 ) ) ;
#2817 = CIRCLE ( 'NONE', #6572, 1.000000000000000888 ) ;
#2818 = DIRECTION ( 'NONE',  ( 0.000000000000000000, 0.000000000000000000, 1.000000000000000000 ) ) ;
#2819 = DIRECTION ( 'NONE',  ( 0.000000000000000000, 0.2982749931359471307, -0.9544799780350295970 ) ) ;
#2820 = VECTOR ( 'NONE', #6188, 1000.000000000000000 ) ;
#2821 = ORIENTED_EDGE ( 'NONE', *, *, #936, .T. ) ;
#2822 = ORIENTED_EDGE ( 'NONE', *, *, #635, .F. ) ;
#2823 = CARTESIAN_POINT ( 'NONE',  ( -48.00000000000000000, -23.84999999999999787, -3.600000000000005862 ) ) ;
#2824 = DIRECTION ( 'NONE',  ( -0.000000000000000000, -0.000000000000000000, 1.000000000000000000 ) ) ;
#2825 = CARTESIAN_POINT ( 'NONE',  ( 48.65999999999999659, -26.00000000000000355, -15.00000000000000178 ) ) ;
#2826 = CARTESIAN_POINT ( 'NONE',  ( -45.00000000000000711, 26.00000000000001066, -1.600000000000000755 ) ) ;
#2827 = ORIENTED_EDGE ( 'NONE', *, *, #2607, .F. ) ;
#2828 = VECTOR ( 'NONE', #390, 1000.000000000000000 ) ;
#2829 = AXIS2_PLACEMENT_3D ( 'NONE', #3398, #5676, #1050 ) ;
#2830 = FACE_OUTER_BOUND ( 'NONE', #3158, .T. ) ;
#2831 = CARTESIAN_POINT ( 'NONE',  ( 20.25000000000000000, 3.149999999999999467, -2.000000000000000000 ) ) ;
#2832 = CARTESIAN_POINT ( 'NONE',  ( 2.499999999999997335, 27.09999999999999787, -7.500000000000000888 ) ) ;
#2833 = ADVANCED_FACE ( 'NONE', ( #4930 ), #1843, .T. ) ;
#2834 = VECTOR ( 'NONE', #3326, 1000.000000000000000 ) ;
#2835 = DIRECTION ( 'NONE',  ( 0.000000000000000000, 0.000000000000000000, -1.000000000000000000 ) ) ;
#2836 = ORIENTED_EDGE ( 'NONE', *, *, #2607, .T. ) ;
#2837 = VECTOR ( 'NONE', #3127, 1000.000000000000000 ) ;
#2838 = LINE ( 'NONE', #4813, #1833 ) ;
#2839 = CARTESIAN_POINT ( 'NONE',  ( -41.42000000000000881, -8.320000000000005613, -7.500000000000000888 ) ) ;
#2840 = CONICAL_SURFACE ( 'NONE', #6271, 3.659999999999989484, 0.7853981633974482790 ) ;
#2841 = AXIS2_PLACEMENT_3D ( 'NONE', #6122, #494, #4543 ) ;
#2842 = EDGE_LOOP ( 'NONE', ( #3683, #6498, #5732, #5880 ) ) ;
#2843 = VERTEX_POINT ( 'NONE', #1710 ) ;
#2844 = LINE ( 'NONE', #6473, #2625 ) ;
#2845 = ORIENTED_EDGE ( 'NONE', *, *, #869, .F. ) ;
#2846 = FACE_OUTER_BOUND ( 'NONE', #809, .T. ) ;
#2847 = VECTOR ( 'NONE', #6455, 1000.000000000000000 ) ;
#2848 = VERTEX_POINT ( 'NONE', #4394 ) ;
#2849 = CARTESIAN_POINT ( 'NONE',  ( 13.00000000000000178, 27.19999999999999574, -15.10000000000000142 ) ) ;
#2850 = VERTEX_POINT ( 'NONE', #2321 ) ;
#2851 = AXIS2_PLACEMENT_3D ( 'NONE', #5544, #2051, #6051 ) ;
#2852 = CARTESIAN_POINT ( 'NONE',  ( 19.35501256289338201, 17.25000000000000000, -0.6999999999999998446 ) ) ;
#2853 = DIRECTION ( 'NONE',  ( 1.000000000000000000, 0.000000000000000000, 0.000000000000000000 ) ) ;
#2854 = FACE_OUTER_BOUND ( 'NONE', #2440, .T. ) ;
#2855 = ORIENTED_EDGE ( 'NONE', *, *, #1496, .T. ) ;
#2856 = DIRECTION ( 'NONE',  ( 0.000000000000000000, 0.000000000000000000, -1.000000000000000000 ) ) ;
#2857 = DIRECTION ( 'NONE',  ( -1.000000000000000000, 0.000000000000000000, 0.000000000000000000 ) ) ;
#2858 = CARTESIAN_POINT ( 'NONE',  ( -45.69999999999999574, -11.50000000000000000, -3.169999999999999929 ) ) ;
#2859 = LINE ( 'NONE', #325, #169 ) ;
#2860 = ORIENTED_EDGE ( 'NONE', *, *, #1705, .F. ) ;
#2861 = EDGE_CURVE ( 'NONE', #93, #469, #207, .T. ) ;
#2862 = CARTESIAN_POINT ( 'NONE',  ( -46.80000000000000426, 13.43999999999999950, -10.51999999999999957 ) ) ;
#2863 = PLANE ( 'NONE',  #3466 ) ;
#2864 = DIRECTION ( 'NONE',  ( 1.000000000000000000, 0.000000000000000000, 0.000000000000000000 ) ) ;
#2865 = CYLINDRICAL_SURFACE ( 'NONE', #5736, 0.6499999999999995781 ) ;
#2866 = VERTEX_POINT ( 'NONE', #2852 ) ;
#2867 = CARTESIAN_POINT ( 'NONE',  ( 37.35000000000000142, 3.149999999999999467, -1.600000000000000089 ) ) ;
#2868 = LINE ( 'NONE', #4919, #5589 ) ;
#2869 = VERTEX_POINT ( 'NONE', #5805 ) ;
#2870 = ORIENTED_EDGE ( 'NONE', *, *, #3654, .F. ) ;
#2871 = CARTESIAN_POINT ( 'NONE',  ( -10.59999999999999964, -12.05000000000000249, -10.65000000000000391 ) ) ;
#2872 = VERTEX_POINT ( 'NONE', #1808 ) ;
#2873 = DIRECTION ( 'NONE',  ( 0.000000000000000000, 0.000000000000000000, 1.000000000000000000 ) ) ;
#2874 = EDGE_CURVE ( 'NONE', #6080, #3880, #4861, .T. ) ;
#2875 = ORIENTED_EDGE ( 'NONE', *, *, #4836, .T. ) ;
#2876 = LINE ( 'NONE', #372, #6114 ) ;
#2877 = ORIENTED_EDGE ( 'NONE', *, *, #6571, .T. ) ;
#2878 = DIRECTION ( 'NONE',  ( -1.000000000000000000, 0.000000000000000000, 0.000000000000000000 ) ) ;
#2879 = EDGE_CURVE ( 'NONE', #1565, #6008, #1272, .T. ) ;
#2880 = ORIENTED_EDGE ( 'NONE', *, *, #6153, .T. ) ;
#2881 = DIRECTION ( 'NONE',  ( 0.000000000000000000, 0.000000000000000000, 1.000000000000000000 ) ) ;
#2882 = EDGE_CURVE ( 'NONE', #707, #5068, #1774, .T. ) ;
#2883 = EDGE_LOOP ( 'NONE', ( #5428, #5010, #2907, #486 ) ) ;
#2885 = ORIENTED_EDGE ( 'NONE', *, *, #3086, .F. ) ;
#2884 = EDGE_CURVE ( 'NONE', #5602, #111, #3318, .T. ) ;
#2886 = PLANE ( 'NONE',  #583 ) ;
#2887 = DIRECTION ( 'NONE',  ( 1.000000000000000000, 0.000000000000000000, 0.000000000000000000 ) ) ;
#2888 = EDGE_CURVE ( 'NONE', #6204, #2920, #5365, .T. ) ;
#2889 = CARTESIAN_POINT ( 'NONE',  ( -39.91000000000001080, 25.28999999999999559, 0.000000000000000000 ) ) ;
#2890 = ORIENTED_EDGE ( 'NONE', *, *, #3168, .T. ) ;
#2891 = DIRECTION ( 'NONE',  ( 0.000000000000000000, 0.000000000000000000, 1.000000000000000000 ) ) ;
#2892 = AXIS2_PLACEMENT_3D ( 'NONE', #3614, #1041, #3269 ) ;
#2893 = CARTESIAN_POINT ( 'NONE',  ( -45.00000000000000000, 25.99999999999999289, -12.60000000000001741 ) ) ;
#2894 = FACE_BOUND ( 'NONE', #5408, .T. ) ;
#2895 = LINE ( 'NONE', #6427, #4654 ) ;
#2896 = ORIENTED_EDGE ( 'NONE', *, *, #4277, .F. ) ;
#2897 = CIRCLE ( 'NONE', #4716, 3.659999999999996589 ) ;
#2898 = DIRECTION ( 'NONE',  ( -0.000000000000000000, -0.000000000000000000, -1.000000000000000000 ) ) ;
#2899 = CIRCLE ( 'NONE', #3005, 3.659999999999989484 ) ;
#2900 = DIRECTION ( 'NONE',  ( 0.000000000000000000, 0.000000000000000000, 1.000000000000000000 ) ) ;
#2901 = EDGE_LOOP ( 'NONE', ( #4804, #4768, #908, #2490 ) ) ;
#2902 = ORIENTED_EDGE ( 'NONE', *, *, #3361, .F. ) ;
#2903 = VECTOR ( 'NONE', #4260, 1000.000000000000000 ) ;
#2904 = DIRECTION ( 'NONE',  ( 0.000000000000000000, 0.000000000000000000, -1.000000000000000000 ) ) ;
#2905 = VERTEX_POINT ( 'NONE', #3790 ) ;
#2906 = FACE_OUTER_BOUND ( 'NONE', #4266, .T. ) ;
#2907 = ORIENTED_EDGE ( 'NONE', *, *, #797, .F. ) ;
#2908 = DIRECTION ( 'NONE',  ( 0.000000000000000000, 0.000000000000000000, 1.000000000000000000 ) ) ;
#2909 = EDGE_LOOP ( 'NONE', ( #1794, #1770, #6581, #2935 ) ) ;
#2910 = CARTESIAN_POINT ( 'NONE',  ( 18.64999999999999858, 17.25000000000000000, -0.6999999999999999556 ) ) ;
#2911 = EDGE_CURVE ( 'NONE', #2585, #5278, #3350, .T. ) ;
#2912 = ORIENTED_EDGE ( 'NONE', *, *, #540, .T. ) ;
#2913 = VECTOR ( 'NONE', #5715, 1000.000000000000000 ) ;
#2914 = CARTESIAN_POINT ( 'NONE',  ( -45.00000000000000000, -28.99999999999999645, -2.000000000000000000 ) ) ;
#2915 = ORIENTED_EDGE ( 'NONE', *, *, #2983, .T. ) ;
#2916 = ORIENTED_EDGE ( 'NONE', *, *, #3322, .F. ) ;
#2917 = CARTESIAN_POINT ( 'NONE',  ( -10.59999999999999964, -24.05000000000000071, -10.65000000000000391 ) ) ;
#2918 = CARTESIAN_POINT ( 'NONE',  ( -0.3100000000000058265, 26.28999999999999559, -1.600000000000000755 ) ) ;
#2919 = DIRECTION ( 'NONE',  ( 0.000000000000000000, 0.000000000000000000, -1.000000000000000000 ) ) ;
#2920 = VERTEX_POINT ( 'NONE', #5872 ) ;
#2921 = DIRECTION ( 'NONE',  ( 1.000000000000000000, -1.734723475976805517E-15, 0.000000000000000000 ) ) ;
#2922 = DIRECTION ( 'NONE',  ( 1.000000000000000000, 0.000000000000000000, 0.000000000000000000 ) ) ;
#2923 = CARTESIAN_POINT ( 'NONE',  ( 37.64999999999999858, 18.14999999999999858, -1.600000000000000089 ) ) ;
#2924 = CARTESIAN_POINT ( 'NONE',  ( 13.00000000000000178, 27.19999999999999574, -15.10000000000000142 ) ) ;
#2925 = ORIENTED_EDGE ( 'NONE', *, *, #405, .T. ) ;
#2926 = VECTOR ( 'NONE', #3738, 1000.000000000000000 ) ;
#2927 = LINE ( 'NONE', #2437, #2042 ) ;
#2928 = ORIENTED_EDGE ( 'NONE', *, *, #2308, .T. ) ;
#2929 = CARTESIAN_POINT ( 'NONE',  ( -0.3100000000000086575, -6.033760430703404509, 0.000000000000000000 ) ) ;
#2930 = ORIENTED_EDGE ( 'NONE', *, *, #3792, .T. ) ;
#2931 = AXIS2_PLACEMENT_3D ( 'NONE', #5336, #1386, #5410 ) ;
#2932 = VECTOR ( 'NONE', #284, 1000.000000000000000 ) ;
#2933 = ORIENTED_EDGE ( 'NONE', *, *, #124, .F. ) ;
#2934 = FACE_OUTER_BOUND ( 'NONE', #3581, .T. ) ;
#2935 = ORIENTED_EDGE ( 'NONE', *, *, #2888, .T. ) ;
#2936 = FACE_OUTER_BOUND ( 'NONE', #4252, .T. ) ;
#2937 = VECTOR ( 'NONE', #238, 1000.000000000000000 ) ;
#2938 = AXIS2_PLACEMENT_3D ( 'NONE', #4678, #3740, #2765 ) ;
#2939 = VERTEX_POINT ( 'NONE', #2349 ) ;
#2940 = LINE ( 'NONE', #5435, #5469 ) ;
#2941 = AXIS2_PLACEMENT_3D ( 'NONE', #149, #5718, #6315 ) ;
#2942 = VERTEX_POINT ( 'NONE', #3755 ) ;
#2943 = DIRECTION ( 'NONE',  ( -0.000000000000000000, -1.000000000000000000, -0.000000000000000000 ) ) ;
#2944 = ORIENTED_EDGE ( 'NONE', *, *, #716, .T. ) ;
#2945 = PLANE ( 'NONE',  #2474 ) ;
#2946 = EDGE_CURVE ( 'NONE', #6145, #2748, #4364, .T. ) ;
#2947 = AXIS2_PLACEMENT_3D ( 'NONE', #1473, #2002, #3510 ) ;
#2948 = EDGE_LOOP ( 'NONE', ( #5263, #128, #2010, #5949, #5356, #2667, #4016, #1095 ) ) ;
#2949 = EDGE_LOOP ( 'NONE', ( #3816, #92, #5587, #1139 ) ) ;
#2950 = PLANE ( 'NONE',  #5624 ) ;
#2951 = DIRECTION ( 'NONE',  ( 1.000000000000000000, 0.000000000000000000, 0.000000000000000000 ) ) ;
#2952 = DIRECTION ( 'NONE',  ( 1.000000000000000000, 0.000000000000000000, 0.000000000000000000 ) ) ;
#2953 = VERTEX_POINT ( 'NONE', #2277 ) ;
#2954 = DIRECTION ( 'NONE',  ( 0.000000000000000000, 0.000000000000000000, 1.000000000000000000 ) ) ;
#2955 = DIRECTION ( 'NONE',  ( 0.000000000000000000, 1.000000000000000000, 0.000000000000000000 ) ) ;
#2956 = DIRECTION ( 'NONE',  ( 0.000000000000000000, 0.000000000000000000, 1.000000000000000000 ) ) ;
#2957 = DIRECTION ( 'NONE',  ( 0.000000000000000000, 0.000000000000000000, 1.000000000000000000 ) ) ;
#2958 = EDGE_LOOP ( 'NONE', ( #5123, #1366, #6228, #6417 ) ) ;
#2959 = EDGE_CURVE ( 'NONE', #4984, #5979, #5906, .T. ) ;
#2960 = DIRECTION ( 'NONE',  ( 0.000000000000000000, -0.7071067811865474617, -0.7071067811865474617 ) ) ;
#2961 = ORIENTED_EDGE ( 'NONE', *, *, #869, .T. ) ;
#2962 = DIRECTION ( 'NONE',  ( 0.000000000000000000, 0.000000000000000000, 1.000000000000000000 ) ) ;
#2963 = DIRECTION ( 'NONE',  ( 0.000000000000000000, -1.000000000000000000, 0.000000000000000000 ) ) ;
#2964 = VERTEX_POINT ( 'NONE', #6306 ) ;
#2965 = CYLINDRICAL_SURFACE ( 'NONE', #588, 5.000000000000004441 ) ;
#2966 = ORIENTED_EDGE ( 'NONE', *, *, #1593, .F. ) ;
#2967 = EDGE_CURVE ( 'NONE', #8, #1472, #5437, .T. ) ;
#2968 = ADVANCED_FACE ( 'NONE', ( #2779 ), #2749, .T. ) ;
#2969 = LINE ( 'NONE', #1506, #5605 ) ;
#2970 = EDGE_LOOP ( 'NONE', ( #6502, #371, #3187, #5701 ) ) ;
#2971 = DIRECTION ( 'NONE',  ( 1.000000000000000000, 0.000000000000000000, 0.000000000000000000 ) ) ;
#2972 = EDGE_LOOP ( 'NONE', ( #793, #5319, #895, #4407 ) ) ;
#2973 = PLANE ( 'NONE',  #2485 ) ;
#2974 = ADVANCED_FACE ( 'NONE', ( #3889, #5941, #3392, #2239, #4296 ), #6340, .T. ) ;
#2975 = ORIENTED_EDGE ( 'NONE', *, *, #626, .F. ) ;
#2976 = DIRECTION ( 'NONE',  ( 0.000000000000000000, -0.000000000000000000, -1.000000000000000000 ) ) ;
#2977 = EDGE_CURVE ( 'NONE', #1278, #2130, #4302, .T. ) ;
#2978 = VERTEX_POINT ( 'NONE', #876 ) ;
#2979 = ORIENTED_EDGE ( 'NONE', *, *, #1138, .F. ) ;
#2980 = FACE_OUTER_BOUND ( 'NONE', #5713, .T. ) ;
#2981 = CARTESIAN_POINT ( 'NONE',  ( -45.00000000000000000, -28.39999999999999858, -1.600000000000000755 ) ) ;
#2982 = DIRECTION ( 'NONE',  ( 0.000000000000000000, 0.000000000000000000, 1.000000000000000000 ) ) ;
#2983 = EDGE_CURVE ( 'NONE', #3634, #5817, #1417, .T. ) ;
#2984 = EDGE_CURVE ( 'NONE', #2866, #569, #909, .T. ) ;
#2985 = PLANE ( 'NONE',  #244 ) ;
#2986 = CARTESIAN_POINT ( 'NONE',  ( 0.000000000000000000, 0.000000000000000000, -10.65000000000000391 ) ) ;
#2987 = DIRECTION ( 'NONE',  ( 0.000000000000000000, -1.000000000000000000, 0.000000000000000000 ) ) ;
#2988 = DIRECTION ( 'NONE',  ( -1.000000000000000000, 0.000000000000000000, 0.000000000000000000 ) ) ;
#2989 = CARTESIAN_POINT ( 'NONE',  ( -17.89999999999999503, -26.20000000000000284, -1.600000000000000089 ) ) ;
#2990 = EDGE_LOOP ( 'NONE', ( #355, #3624, #6103, #1875 ) ) ;
#2991 = EDGE_CURVE ( 'NONE', #2809, #6487, #2421, .T. ) ;
#2992 = EDGE_CURVE ( 'NONE', #2037, #1028, #472, .T. ) ;
#2993 = CARTESIAN_POINT ( 'NONE',  ( -9.400000000000000355, -24.05000000000000071, -10.65000000000000391 ) ) ;
#2994 = ORIENTED_EDGE ( 'NONE', *, *, #6614, .T. ) ;
#2995 = AXIS2_PLACEMENT_3D ( 'NONE', #1377, #3952, #2009 ) ;
#2996 = CARTESIAN_POINT ( 'NONE',  ( 7.400000000000000355, -12.05000000000000249, -1.600000000000000089 ) ) ;
#2997 = CARTESIAN_POINT ( 'NONE',  ( 7.400000000000000355, -24.05000000000000071, -1.600000000000000089 ) ) ;
#2998 = EDGE_CURVE ( 'NONE', #1772, #1224, #3417, .T. ) ;
#2999 = CIRCLE ( 'NONE', #3860, 3.659999999999989484 ) ;
#3000 = DIRECTION ( 'NONE',  ( 0.000000000000000000, 0.000000000000000000, 1.000000000000000000 ) ) ;
#3001 = VERTEX_POINT ( 'NONE', #5002 ) ;
#3002 = ADVANCED_FACE ( 'NONE', ( #5978 ), #1511, .T. ) ;
#3003 = CARTESIAN_POINT ( 'NONE',  ( 19.35000000000000142, 17.14999999999999858, -0.6999999999999998446 ) ) ;
#3004 = VECTOR ( 'NONE', #5250, 1000.000000000000000 ) ;
#3005 = AXIS2_PLACEMENT_3D ( 'NONE', #884, #5475, #2018 ) ;
#3006 = EDGE_CURVE ( 'NONE', #3533, #5079, #2384, .T. ) ;
#3007 = VERTEX_POINT ( 'NONE', #409 ) ;
#3008 = LINE ( 'NONE', #6508, #2781 ) ;
#3009 = ORIENTED_EDGE ( 'NONE', *, *, #1585, .F. ) ;
#3010 = AXIS2_PLACEMENT_3D ( 'NONE', #2791, #4735, #3703 ) ;
#3011 = FACE_OUTER_BOUND ( 'NONE', #3923, .T. ) ;
#3012 = ORIENTED_EDGE ( 'NONE', *, *, #1368, .T. ) ;
#3013 = DIRECTION ( 'NONE',  ( 1.000000000000000000, 0.000000000000000000, 0.000000000000000000 ) ) ;
#3014 = EDGE_CURVE ( 'NONE', #2753, #3465, #4722, .T. ) ;
#3015 = VECTOR ( 'NONE', #1880, 1000.000000000000000 ) ;
#3016 = EDGE_LOOP ( 'NONE', ( #5029, #1947, #709, #1840 ) ) ;
#3017 = VECTOR ( 'NONE', #6286, 1000.000000000000000 ) ;
#3018 = ORIENTED_EDGE ( 'NONE', *, *, #31, .T. ) ;
#3019 = DIRECTION ( 'NONE',  ( 1.000000000000000000, 0.000000000000000000, 0.000000000000000000 ) ) ;
#3020 = FACE_OUTER_BOUND ( 'NONE', #4898, .T. ) ;
#3021 = DIRECTION ( 'NONE',  ( 0.000000000000000000, 0.000000000000000000, 1.000000000000000000 ) ) ;
#3022 = ORIENTED_EDGE ( 'NONE', *, *, #2031, .F. ) ;
#3023 = PLANE ( 'NONE',  #603 ) ;
#3024 = DIRECTION ( 'NONE',  ( 0.000000000000000000, 0.000000000000000000, 1.000000000000000000 ) ) ;
#3025 = CARTESIAN_POINT ( 'NONE',  ( -48.00000000000000000, 13.43999999999999950, -10.51999999999999957 ) ) ;
#3026 = CYLINDRICAL_SURFACE ( 'NONE', #4985, 1.199999999999999734 ) ;
#3027 = ORIENTED_EDGE ( 'NONE', *, *, #1601, .T. ) ;
#3028 = CIRCLE ( 'NONE', #1960, 2.399999999999985256 ) ;
#3029 = DIRECTION ( 'NONE',  ( 0.000000000000000000, 1.000000000000000000, 0.000000000000000000 ) ) ;
#3030 = ORIENTED_EDGE ( 'NONE', *, *, #4290, .F. ) ;
#3031 = PLANE ( 'NONE',  #2639 ) ;
#3032 = EDGE_CURVE ( 'NONE', #2723, #4452, #5371, .T. ) ;
#3033 = AXIS2_PLACEMENT_3D ( 'NONE', #5677, #1077, #1274 ) ;
#3034 = CARTESIAN_POINT ( 'NONE',  ( -48.00000000000000000, -13.24999999999999822, -8.400000000000002132 ) ) ;
#3035 = CIRCLE ( 'NONE', #4746, 0.9999999999999976685 ) ;
#3036 = LINE ( 'NONE', #1598, #5630 ) ;
#3037 = ORIENTED_EDGE ( 'NONE', *, *, #3695, .F. ) ;
#3038 = ADVANCED_FACE ( 'NONE', ( #4426 ), #2973, .T. ) ;
#3039 = CARTESIAN_POINT ( 'NONE',  ( 0.000000000000000000, 0.000000000000000000, -10.65000000000000391 ) ) ;
#3040 = AXIS2_PLACEMENT_3D ( 'NONE', #17, #3503, #2053 ) ;
#3041 = VECTOR ( 'NONE', #45, 1000.000000000000000 ) ;
#3042 = ORIENTED_EDGE ( 'NONE', *, *, #3554, .F. ) ;
#3043 = CARTESIAN_POINT ( 'NONE',  ( 50.00000000000000000, 26.00000000000000355, -12.60000000000001741 ) ) ;
#3044 = ORIENTED_EDGE ( 'NONE', *, *, #1578, .T. ) ;
#3045 = DIRECTION ( 'NONE',  ( -1.000000000000000000, 0.000000000000000000, 0.000000000000000000 ) ) ;
#3046 = ORIENTED_EDGE ( 'NONE', *, *, #6180, .F. ) ;
#3047 = CIRCLE ( 'NONE', #698, 1.199999999999998845 ) ;
#3048 = ADVANCED_FACE ( 'NONE', ( #6108 ), #1943, .T. ) ;
#3049 = CIRCLE ( 'NONE', #4876, 3.159999999999989040 ) ;
#3050 = CIRCLE ( 'NONE', #1769, 5.000000000000004441 ) ;
#3051 = ORIENTED_EDGE ( 'NONE', *, *, #345, .T. ) ;
#3052 = CARTESIAN_POINT ( 'NONE',  ( 37.64999999999999858, 18.14999999999999858, -1.600000000000000089 ) ) ;
#3053 = EDGE_LOOP ( 'NONE', ( #3413, #2172, #4538, #6238 ) ) ;
#3054 = LINE ( 'NONE', #3454, #2298 ) ;
#3055 = CYLINDRICAL_SURFACE ( 'NONE', #6119, 2.049999999999999822 ) ;
#3056 = ADVANCED_FACE ( 'NONE', ( #4053 ), #3552, .T. ) ;
#3057 = CARTESIAN_POINT ( 'NONE',  ( -44.99999999999999289, 29.66000000000000725, -15.50000000000000178 ) ) ;
#3058 = DIRECTION ( 'NONE',  ( 0.000000000000000000, 0.000000000000000000, 1.000000000000000000 ) ) ;
#3059 = VECTOR ( 'NONE', #6162, 1000.000000000000000 ) ;
#3060 = DIRECTION ( 'NONE',  ( 0.000000000000000000, 0.000000000000000000, 1.000000000000000000 ) ) ;
#3061 = FACE_OUTER_BOUND ( 'NONE', #4425, .T. ) ;
#3062 = CARTESIAN_POINT ( 'NONE',  ( 32.00000000000000000, 16.00000000000000711, 0.000000000000000000 ) ) ;
#3063 = LINE ( 'NONE', #5142, #1874 ) ;
#3064 = EDGE_LOOP ( 'NONE', ( #1576, #67, #4605, #3948 ) ) ;
#3065 = VECTOR ( 'NONE', #4665, 1000.000000000000000 ) ;
#3066 = EDGE_CURVE ( 'NONE', #6431, #1815, #6576, .T. ) ;
#3067 = CARTESIAN_POINT ( 'NONE',  ( -48.00000000000000000, -23.85000000000000142, -9.599999999999999645 ) ) ;
#3068 = ORIENTED_EDGE ( 'NONE', *, *, #6458, .T. ) ;
#3069 = CARTESIAN_POINT ( 'NONE',  ( 31.99999999999999289, 9.000000000000010658, -0.6999999999999998446 ) ) ;
#3070 = CARTESIAN_POINT ( 'NONE',  ( -20.69999999999999574, -25.60000000000000142, -3.169999999999999929 ) ) ;
#3071 = CARTESIAN_POINT ( 'NONE',  ( 26.00000000000000355, 5.999999999999991118, 0.000000000000000000 ) ) ;
#3072 = ORIENTED_EDGE ( 'NONE', *, *, #1314, .T. ) ;
#3073 = EDGE_CURVE ( 'NONE', #1565, #4901, #3519, .T. ) ;
#3074 = CARTESIAN_POINT ( 'NONE',  ( 37.35000000000000142, 3.149999999999999467, -4.200000000000000178 ) ) ;
#3075 = VERTEX_POINT ( 'NONE', #3927 ) ;
#3076 = DIRECTION ( 'NONE',  ( -1.000000000000000000, 0.000000000000000000, 0.000000000000000000 ) ) ;
#3077 = ORIENTED_EDGE ( 'NONE', *, *, #1828, .T. ) ;
#3078 = FACE_OUTER_BOUND ( 'NONE', #3438, .T. ) ;
#3079 = UNCERTAINTY_MEASURE_WITH_UNIT (LENGTH_MEASURE( 1.000000000000000082E-05 ), #1694, 'distance_accuracy_value', 'NONE');
#3080 = ORIENTED_EDGE ( 'NONE', *, *, #797, .T. ) ;
#3081 = EDGE_CURVE ( 'NONE', #3910, #5470, #1974, .T. ) ;
#3082 = CARTESIAN_POINT ( 'NONE',  ( -45.00000000000000711, -26.00000000000002132, -15.50000000000000178 ) ) ;
#3083 = VERTEX_POINT ( 'NONE', #5533 ) ;
#3084 = DIRECTION ( 'NONE',  ( -0.000000000000000000, -0.000000000000000000, -1.000000000000000000 ) ) ;
#3085 = DIRECTION ( 'NONE',  ( -1.000000000000000000, 0.000000000000000000, 0.000000000000000000 ) ) ;
#3086 = EDGE_CURVE ( 'NONE', #3570, #6529, #6077, .T. ) ;
#3087 = PLANE ( 'NONE',  #2722 ) ;
#3088 = CARTESIAN_POINT ( 'NONE',  ( 39.35000000000000142, 18.85000000000000497, -1.600000000000000755 ) ) ;
#3089 = DIRECTION ( 'NONE',  ( -0.7071067811865352493, 0.000000000000000000, -0.7071067811865597852 ) ) ;
#3090 = ADVANCED_FACE ( 'NONE', ( #3011 ), #5061, .T. ) ;
#3092 = ORIENTED_EDGE ( 'NONE', *, *, #5892, .F. ) ;
#3091 = ADVANCED_FACE ( 'NONE', ( #3078 ), #3719, .T. ) ;
#3093 = CARTESIAN_POINT ( 'NONE',  ( -41.42000000000000881, -8.320000000000005613, -1.600000000000000089 ) ) ;
#3094 = DIRECTION ( 'NONE',  ( -0.000000000000000000, -1.000000000000000000, 0.000000000000000000 ) ) ;
#3095 = CARTESIAN_POINT ( 'NONE',  ( 0.000000000000000000, 0.000000000000000000, -7.500000000000000888 ) ) ;
#3096 = ORIENTED_EDGE ( 'NONE', *, *, #3361, .T. ) ;
#3097 = CARTESIAN_POINT ( 'NONE',  ( -41.42000000000000881, -8.320000000000005613, -1.600000000000000089 ) ) ;
#3098 = EDGE_CURVE ( 'NONE', #259, #1870, #4087, .T. ) ;
#3099 = ORIENTED_EDGE ( 'NONE', *, *, #2535, .T. ) ;
#3100 = CARTESIAN_POINT ( 'NONE',  ( -45.00000000000000000, 28.40000000000000213, -1.600000000000000755 ) ) ;
#3101 = DIRECTION ( 'NONE',  ( 0.000000000000000000, 0.000000000000000000, 1.000000000000000000 ) ) ;
#3102 = DIRECTION ( 'NONE',  ( 0.000000000000000000, 0.7071067811865475727, -0.7071067811865475727 ) ) ;
#3103 = ORIENTED_EDGE ( 'NONE', *, *, #2553, .F. ) ;
#3104 = CONICAL_SURFACE ( 'NONE', #224, 2.000000000000001776, 0.7853981633974450594 ) ;
#3105 = CARTESIAN_POINT ( 'NONE',  ( -19.19999999999999574, -8.750000000000000000, -4.969999999999999751 ) ) ;
#3106 = AXIS2_PLACEMENT_3D ( 'NONE', #3759, #3290, #1744 ) ;
#3107 = VERTEX_POINT ( 'NONE', #3206 ) ;
#3108 = FILL_AREA_STYLE ('',( #1575 ) ) ;
#3109 = ORIENTED_EDGE ( 'NONE', *, *, #1296, .T. ) ;
#3110 = FACE_OUTER_BOUND ( 'NONE', #2457, .T. ) ;
#3111 = VECTOR ( 'NONE', #2635, 1000.000000000000000 ) ;
#3112 = AXIS2_PLACEMENT_3D ( 'NONE', #4802, #2824, #3803 ) ;
#3113 = VERTEX_POINT ( 'NONE', #3678 ) ;
#3114 = ADVANCED_FACE ( 'NONE', ( #3110 ), #5126, .T. ) ;
#3115 = CARTESIAN_POINT ( 'NONE',  ( 37.35000000000000142, 1.949999999999999512, -4.200000000000000178 ) ) ;
#3116 = ORIENTED_EDGE ( 'NONE', *, *, #2323, .T. ) ;
#3117 = LINE ( 'NONE', #1173, #4515 ) ;
#3118 = AXIS2_PLACEMENT_3D ( 'NONE', #5702, #2165, #1102 ) ;
#3119 = LINE ( 'NONE', #1648, #3364 ) ;
#3120 = AXIS2_PLACEMENT_3D ( 'NONE', #1954, #4061, #4002 ) ;
#3121 = CARTESIAN_POINT ( 'NONE',  ( -45.69999999999999574, -11.50000000000000000, -3.169999999999999929 ) ) ;
#3122 = CARTESIAN_POINT ( 'NONE',  ( -50.00000000000000000, 26.00000000000000355, -12.60000000000001741 ) ) ;
#3123 = VECTOR ( 'NONE', #79, 1000.000000000000000 ) ;
#3124 = ORIENTED_EDGE ( 'NONE', *, *, #1383, .T. ) ;
#3125 = LINE ( 'NONE', #1180, #2728 ) ;
#3126 = FACE_OUTER_BOUND ( 'NONE', #2539, .T. ) ;
#3127 = DIRECTION ( 'NONE',  ( 0.000000000000000000, 1.000000000000000000, 0.000000000000000000 ) ) ;
#3128 = VERTEX_POINT ( 'NONE', #2615 ) ;
#3129 = FACE_OUTER_BOUND ( 'NONE', #4591, .T. ) ;
#3130 = ORIENTED_EDGE ( 'NONE', *, *, #6155, .T. ) ;
#3131 = CARTESIAN_POINT ( 'NONE',  ( 18.64999999999999858, 18.85000000000000142, -1.600000000000000089 ) ) ;
#3132 = PLANE ( 'NONE',  #904 ) ;
#3133 = DIRECTION ( 'NONE',  ( -1.000000000000000000, 0.000000000000000000, 0.000000000000000000 ) ) ;
#3134 = VECTOR ( 'NONE', #269, 1000.000000000000000 ) ;
#3135 = ORIENTED_EDGE ( 'NONE', *, *, #2050, .F. ) ;
#3136 = DIRECTION ( 'NONE',  ( 0.000000000000000000, 0.000000000000000000, -1.000000000000000000 ) ) ;
#3137 = CYLINDRICAL_SURFACE ( 'NONE', #2501, 0.9999999999999974465 ) ;
#3138 = VECTOR ( 'NONE', #2739, 1000.000000000000000 ) ;
#3139 = ORIENTED_EDGE ( 'NONE', *, *, #3737, .T. ) ;
#3140 = ORIENTED_EDGE ( 'NONE', *, *, #6064, .T. ) ;
#3141 = PLANE ( 'NONE',  #4082 ) ;
#3142 = CIRCLE ( 'NONE', #2292, 3.159999999999989040 ) ;
#3143 = VERTEX_POINT ( 'NONE', #1141 ) ;
#3144 = AXIS2_PLACEMENT_3D ( 'NONE', #4631, #1218, #1151 ) ;
#3145 = LINE ( 'NONE', #40, #6007 ) ;
#3146 = CONICAL_SURFACE ( 'NONE', #2829, 1.999999999999994893, 0.7853981633974439491 ) ;
#3147 = ORIENTED_EDGE ( 'NONE', *, *, #3977, .T. ) ;
#3148 = LINE ( 'NONE', #1647, #4938 ) ;
#3149 = CYLINDRICAL_SURFACE ( 'NONE', #1652, 5.000000000000004441 ) ;
#3150 = CARTESIAN_POINT ( 'NONE',  ( -45.00000000000000000, -31.00000000000000000, -2.000000000000000000 ) ) ;
#3151 = CIRCLE ( 'NONE', #2304, 3.659999999999989484 ) ;
#3152 = AXIS2_PLACEMENT_3D ( 'NONE', #1328, #3909, #4411 ) ;
#3153 = FACE_OUTER_BOUND ( 'NONE', #214, .T. ) ;
#3154 = ORIENTED_EDGE ( 'NONE', *, *, #345, .F. ) ;
#3155 = CARTESIAN_POINT ( 'NONE',  ( -20.69999999999999574, -26.80000000000000426, -3.169999999999999929 ) ) ;
#3156 = CARTESIAN_POINT ( 'NONE',  ( 48.00000000000000000, -26.00000000000000000, 0.000000000000000000 ) ) ;
#3157 = LINE ( 'NONE', #2249, #3686 ) ;
#3158 = EDGE_LOOP ( 'NONE', ( #4083, #974, #4720, #3700 ) ) ;
#3159 = VECTOR ( 'NONE', #2468, 1000.000000000000000 ) ;
#3160 = CARTESIAN_POINT ( 'NONE',  ( 39.35000000000000142, 17.25000000000000000, -1.600000000000000755 ) ) ;
#3161 = EDGE_CURVE ( 'NONE', #4630, #4461, #568, .T. ) ;
#3162 = PLANE ( 'NONE',  #1407 ) ;
#3163 = AXIS2_PLACEMENT_3D ( 'NONE', #4013, #2962, #5148 ) ;
#3164 = ORIENTED_EDGE ( 'NONE', *, *, #2946, .F. ) ;
#3165 = PLANE ( 'NONE',  #5637 ) ;
#3166 = VECTOR ( 'NONE', #5171, 1000.000000000000000 ) ;
#3167 = CARTESIAN_POINT ( 'NONE',  ( 19.00000000000000000, 27.19999999999999574, -15.10000000000000142 ) ) ;
#3168 = EDGE_CURVE ( 'NONE', #1722, #1157, #4715, .T. ) ;
#3169 = DIRECTION ( 'NONE',  ( 0.000000000000000000, 0.000000000000000000, 1.000000000000000000 ) ) ;
#3170 = VERTEX_POINT ( 'NONE', #2108 ) ;
#3171 = EDGE_CURVE ( 'NONE', #633, #5429, #3439, .T. ) ;
#3172 = DIRECTION ( 'NONE',  ( -1.000000000000000000, 0.000000000000000000, 0.000000000000000000 ) ) ;
#3173 = PLANE ( 'NONE',  #5390 ) ;
#3174 = EDGE_CURVE ( 'NONE', #4614, #1302, #6140, .T. ) ;
#3175 = ORIENTED_EDGE ( 'NONE', *, *, #4766, .T. ) ;
#3176 = ORIENTED_EDGE ( 'NONE', *, *, #2991, .F. ) ;
#3177 = ADVANCED_FACE ( 'NONE', ( #3584 ), #1043, .T. ) ;
#3178 = DIRECTION ( 'NONE',  ( 0.000000000000000000, 0.000000000000000000, 1.000000000000000000 ) ) ;
#3179 = ORIENTED_EDGE ( 'NONE', *, *, #1450, .F. ) ;
#3180 = CARTESIAN_POINT ( 'NONE',  ( -50.00000000000000000, -26.00000000000000355, -12.60000000000001741 ) ) ;
#3181 = ORIENTED_EDGE ( 'NONE', *, *, #6593, .F. ) ;
#3182 = CARTESIAN_POINT ( 'NONE',  ( 37.65000000000001279, 4.849999999999993427, -0.6999999999999998446 ) ) ;
#3183 = EDGE_CURVE ( 'NONE', #5530, #551, #6206, .T. ) ;
#3184 = CARTESIAN_POINT ( 'NONE',  ( 34.30000000000001847, 9.000000000000000000, -0.6999999999999998446 ) ) ;
#3185 = DIRECTION ( 'NONE',  ( 0.000000000000000000, 0.000000000000000000, -1.000000000000000000 ) ) ;
#3186 = PLANE ( 'NONE',  #1999 ) ;
#3187 = ORIENTED_EDGE ( 'NONE', *, *, #5995, .T. ) ;
#3188 = CARTESIAN_POINT ( 'NONE',  ( -48.00000000000000000, -13.25000000000000000, -9.599999999999999645 ) ) ;
#3189 = DIRECTION ( 'NONE',  ( 0.000000000000000000, 0.000000000000000000, -1.000000000000000000 ) ) ;
#3190 = DIRECTION ( 'NONE',  ( 1.000000000000000000, 0.000000000000000000, 0.000000000000000000 ) ) ;
#3191 = ORIENTED_EDGE ( 'NONE', *, *, #4661, .F. ) ;
#3192 = CARTESIAN_POINT ( 'NONE',  ( 47.39999999999999858, -26.00000000000000355, -1.600000000000000755 ) ) ;
#3193 = CARTESIAN_POINT ( 'NONE',  ( -46.80000000000000426, 20.03999999999999559, -10.10499999999999865 ) ) ;
#3194 = EDGE_LOOP ( 'NONE', ( #4544, #5244, #1370, #1688 ) ) ;
#3195 = DIRECTION ( 'NONE',  ( 0.000000000000000000, 0.000000000000000000, 1.000000000000000000 ) ) ;
#3196 = DIRECTION ( 'NONE',  ( 1.000000000000000000, 0.000000000000000000, 0.000000000000000000 ) ) ;
#3197 = EDGE_CURVE ( 'NONE', #4270, #2632, #3641, .T. ) ;
#3198 = EDGE_CURVE ( 'NONE', #5125, #1194, #1730, .T. ) ;
#3199 = CARTESIAN_POINT ( 'NONE',  ( -18.89999999999999503, -26.20000000000000284, -4.969999999999999751 ) ) ;
#3200 = ORIENTED_EDGE ( 'NONE', *, *, #4181, .T. ) ;
#3201 = PLANE ( 'NONE',  #6443 ) ;
#3202 = CARTESIAN_POINT ( 'NONE',  ( 17.44999999999999929, 1.949999999999999512, -4.200000000000000178 ) ) ;
#3203 = ORIENTED_EDGE ( 'NONE', *, *, #463, .F. ) ;
#3204 = LINE ( 'NONE', #2586, #4230 ) ;
#3205 = ORIENTED_EDGE ( 'NONE', *, *, #1069, .T. ) ;
#3206 = CARTESIAN_POINT ( 'NONE',  ( -19.19999999999999574, -28.39999999999999858, -1.600000000000000089 ) ) ;
#3207 = ADVANCED_FACE ( 'NONE', ( #5636 ), #3141, .T. ) ;
#3208 = ORIENTED_EDGE ( 'NONE', *, *, #2431, .T. ) ;
#3209 = DIRECTION ( 'NONE',  ( 0.000000000000000000, -1.000000000000000000, 0.000000000000000000 ) ) ;
#3210 = ORIENTED_EDGE ( 'NONE', *, *, #5137, .T. ) ;
#3211 = EDGE_CURVE ( 'NONE', #458, #1194, #1640, .T. ) ;
#3212 = FACE_OUTER_BOUND ( 'NONE', #1609, .T. ) ;
#3213 = DIRECTION ( 'NONE',  ( 1.000000000000000000, 0.000000000000000000, 0.000000000000000000 ) ) ;
#3214 = VECTOR ( 'NONE', #4572, 1000.000000000000000 ) ;
#3215 = CARTESIAN_POINT ( 'NONE',  ( -9.400000000000000355, -12.05000000000000249, -1.600000000000000089 ) ) ;
#3216 = CARTESIAN_POINT ( 'NONE',  ( -45.00000000000000711, 17.25000000000000000, -1.600000000000000755 ) ) ;
#3217 = AXIS2_PLACEMENT_3D ( 'NONE', #2263, #1295, #5386 ) ;
#3218 = AXIS2_PLACEMENT_3D ( 'NONE', #4389, #1838, #5935 ) ;
#3219 = ORIENTED_EDGE ( 'NONE', *, *, #3386, .T. ) ;
#3220 = DIRECTION ( 'NONE',  ( -1.000000000000000000, -0.000000000000000000, -0.000000000000000000 ) ) ;
#3221 = DIRECTION ( 'NONE',  ( 1.000000000000000000, 0.000000000000000000, 0.000000000000000000 ) ) ;
#3222 = DIRECTION ( 'NONE',  ( 1.000000000000000000, 0.000000000000000000, 0.000000000000000000 ) ) ;
#3223 = ORIENTED_EDGE ( 'NONE', *, *, #3939, .F. ) ;
#3224 = CARTESIAN_POINT ( 'NONE',  ( 20.25000000000000000, 18.85000000000000142, -2.000000000000000000 ) ) ;
#3225 = CARTESIAN_POINT ( 'NONE',  ( -20.69999999999999574, -10.30000000000000071, -3.169999999999999929 ) ) ;
#3226 = AXIS2_PLACEMENT_3D ( 'NONE', #4791, #4854, #3279 ) ;
#3227 = EDGE_LOOP ( 'NONE', ( #5023, #6176, #919, #188 ) ) ;
#3228 = DIRECTION ( 'NONE',  ( 0.000000000000000000, 0.000000000000000000, 1.000000000000000000 ) ) ;
#3229 = CARTESIAN_POINT ( 'NONE',  ( 39.34999999999999432, 4.749999999999999112, -2.000000000000000000 ) ) ;
#3230 =( NAMED_UNIT ( * ) PLANE_ANGLE_UNIT ( ) SI_UNIT ( $, .RADIAN. ) );
#3231 = DIRECTION ( 'NONE',  ( 0.000000000000000000, 0.000000000000000000, 1.000000000000000000 ) ) ;
#3232 = VECTOR ( 'NONE', #2023, 1000.000000000000000 ) ;
#3233 = ORIENTED_EDGE ( 'NONE', *, *, #264, .F. ) ;
#3234 = FACE_OUTER_BOUND ( 'NONE', #6477, .T. ) ;
#3235 = CARTESIAN_POINT ( 'NONE',  ( 49.60000000000000853, 26.00000000000000355, -13.00000000000000178 ) ) ;
#3236 = ADVANCED_FACE ( 'NONE', ( #3 ), #4216, .F. ) ;
#3237 = ORIENTED_EDGE ( 'NONE', *, *, #4071, .F. ) ;
#3238 = ADVANCED_FACE ( 'NONE', ( #1168 ), #511, .F. ) ;
#3239 = CARTESIAN_POINT ( 'NONE',  ( -43.19999999999999574, -8.750000000000000000, -4.969999999999999751 ) ) ;
#3240 = ORIENTED_EDGE ( 'NONE', *, *, #5499, .T. ) ;
#3241 = DIRECTION ( 'NONE',  ( 0.000000000000000000, -1.000000000000000000, 0.000000000000000000 ) ) ;
#3242 = VECTOR ( 'NONE', #596, 1000.000000000000000 ) ;
#3243 = ORIENTED_EDGE ( 'NONE', *, *, #5688, .T. ) ;
#3244 = CARTESIAN_POINT ( 'NONE',  ( 45.00000000000000711, 26.00000000000002132, -13.00000000000000178 ) ) ;
#3245 = VERTEX_POINT ( 'NONE', #5292 ) ;
#3246 = DIRECTION ( 'NONE',  ( -0.000000000000000000, -1.000000000000000000, -0.000000000000000000 ) ) ;
#3247 = ADVANCED_FACE ( 'NONE', ( #2271 ), #167, .F. ) ;
#3248 = VECTOR ( 'NONE', #6399, 1000.000000000000000 ) ;
#3249 = DIRECTION ( 'NONE',  ( -0.000000000000000000, -0.000000000000000000, 1.000000000000000000 ) ) ;
#3250 = CARTESIAN_POINT ( 'NONE',  ( -45.00000000000000711, -26.00000000000002132, -15.50000000000000178 ) ) ;
#3251 = CARTESIAN_POINT ( 'NONE',  ( 48.65999999999999659, -26.00000000000000355, -13.90000000000000036 ) ) ;
#3252 = VECTOR ( 'NONE', #2355, 1000.000000000000000 ) ;
#3253 = VECTOR ( 'NONE', #1111, 1000.000000000000000 ) ;
#3255 = EDGE_LOOP ( 'NONE', ( #4161, #2855, #5493, #206 ) ) ;
#3254 = EDGE_CURVE ( 'NONE', #4907, #3276, #1239, .T. ) ;
#3256 = CARTESIAN_POINT ( 'NONE',  ( -47.39999999999999858, 20.03999999999999559, -10.10499999999999865 ) ) ;
#3257 = CARTESIAN_POINT ( 'NONE',  ( 20.35000000000000142, 4.849999999999998757, -1.600000000000000089 ) ) ;
#3258 = CARTESIAN_POINT ( 'NONE',  ( 32.00000000000000000, 15.30000000000001137, -0.6999999999999998446 ) ) ;
#3259 = ORIENTED_EDGE ( 'NONE', *, *, #132, .F. ) ;
#3260 = ADVANCED_FACE ( 'NONE', ( #739 ), #1202, .T. ) ;
#3261 = DIRECTION ( 'NONE',  ( 0.000000000000000000, -1.000000000000000000, 0.000000000000000000 ) ) ;
#3262 = CIRCLE ( 'NONE', #5075, 1.000000000000000888 ) ;
#3263 = AXIS2_PLACEMENT_3D ( 'NONE', #2024, #52, #930 ) ;
#3264 = APPLICATION_PROTOCOL_DEFINITION ( 'draft international standard', 'automotive_design', 1998, #1206 ) ;
#3265 = ORIENTED_EDGE ( 'NONE', *, *, #1335, .T. ) ;
#3266 = DIRECTION ( 'NONE',  ( 1.000000000000000000, 0.000000000000000000, 0.000000000000000000 ) ) ;
#3267 = AXIS2_PLACEMENT_3D ( 'NONE', #4624, #273, #3781 ) ;
#3268 = VECTOR ( 'NONE', #3898, 1000.000000000000000 ) ;
#3269 = DIRECTION ( 'NONE',  ( -1.000000000000000000, 0.000000000000000000, 0.000000000000000000 ) ) ;
#3270 = EDGE_CURVE ( 'NONE', #3640, #6303, #770, .T. ) ;
#3271 = FACE_OUTER_BOUND ( 'NONE', #6273, .T. ) ;
#3272 = ORIENTED_EDGE ( 'NONE', *, *, #2192, .F. ) ;
#3273 = DIRECTION ( 'NONE',  ( 0.000000000000000000, 0.000000000000000000, 1.000000000000000000 ) ) ;
#3274 = CARTESIAN_POINT ( 'NONE',  ( 45.50000000000000000, -14.00000000000000000, -16.39999999999999858 ) ) ;
#3275 = CONICAL_SURFACE ( 'NONE', #5100, 5.000000000000004441, 0.7853981633974678189 ) ;
#3276 = VERTEX_POINT ( 'NONE', #241 ) ;
#3277 = DIRECTION ( 'NONE',  ( 0.000000000000000000, 0.000000000000000000, 1.000000000000000000 ) ) ;
#3278 = ORIENTED_EDGE ( 'NONE', *, *, #2103, .F. ) ;
#3279 = DIRECTION ( 'NONE',  ( 1.000000000000000000, 0.000000000000000000, 0.000000000000000000 ) ) ;
#3280 = ADVANCED_FACE ( 'NONE', ( #3823 ), #202, .T. ) ;
#3281 = EDGE_CURVE ( 'NONE', #905, #707, #5831, .T. ) ;
#3282 = ORIENTED_EDGE ( 'NONE', *, *, #3871, .T. ) ;
#3283 = FACE_OUTER_BOUND ( 'NONE', #4790, .T. ) ;
#3284 = EDGE_LOOP ( 'NONE', ( #2713, #1145, #3782, #1860 ) ) ;
#3285 = CARTESIAN_POINT ( 'NONE',  ( -48.00000000000000000, -25.05000000000000426, -8.400000000000000355 ) ) ;
#3286 = ADVANCED_FACE ( 'NONE', ( #2846 ), #4897, .F. ) ;
#3287 = EDGE_CURVE ( 'NONE', #551, #4257, #5395, .T. ) ;
#3288 = CARTESIAN_POINT ( 'NONE',  ( -19.19999999999999574, -9.750000000000000000, -1.600000000000000089 ) ) ;
#3289 = CARTESIAN_POINT ( 'NONE',  ( -48.00000000000000000, 4.089999999999996305, -10.86999999999999744 ) ) ;
#3290 = DIRECTION ( 'NONE',  ( -0.000000000000000000, 0.000000000000000000, -1.000000000000000000 ) ) ;
#3291 = ADVANCED_FACE ( 'NONE', ( #6302 ), #4414, .T. ) ;
#3292 = VERTEX_POINT ( 'NONE', #2344 ) ;
#3293 = EDGE_CURVE ( 'NONE', #6529, #4355, #5806, .T. ) ;
#3294 = VERTEX_POINT ( 'NONE', #1706 ) ;
#3295 = DIRECTION ( 'NONE',  ( 1.000000000000000000, 0.000000000000000000, 0.000000000000000000 ) ) ;
#3296 = DIRECTION ( 'NONE',  ( 0.000000000000000000, 0.000000000000000000, 1.000000000000000000 ) ) ;
#3297 = CARTESIAN_POINT ( 'NONE',  ( 3.699999999999997513, -3.920000000000005258, -1.600000000000000089 ) ) ;
#3298 = DIRECTION ( 'NONE',  ( 1.000000000000000000, 0.000000000000000000, 0.000000000000000000 ) ) ;
#3299 =( LENGTH_UNIT ( ) NAMED_UNIT ( * ) SI_UNIT ( .MILLI., .METRE. ) );
#3300 = ORIENTED_EDGE ( 'NONE', *, *, #1572, .T. ) ;
#3301 = ADVANCED_FACE ( 'NONE', ( #4289 ), #5325, .T. ) ;
#3302 = PLANE ( 'NONE',  #6178 ) ;
#3303 = EDGE_CURVE ( 'NONE', #1870, #5971, #1737, .T. ) ;
#3304 = CARTESIAN_POINT ( 'NONE',  ( -50.00000000000000000, 5.289999999999997371, -4.869999999999999218 ) ) ;
#3305 = FACE_OUTER_BOUND ( 'NONE', #2757, .T. ) ;
#3306 = CARTESIAN_POINT ( 'NONE',  ( 45.00000000000000000, -31.00000000000000000, -12.60000000000001741 ) ) ;
#3307 = ORIENTED_EDGE ( 'NONE', *, *, #3066, .F. ) ;
#3308 = EDGE_CURVE ( 'NONE', #2123, #6423, #275, .T. ) ;
#3309 = CYLINDRICAL_SURFACE ( 'NONE', #6124, 2.000000000000000000 ) ;
#3310 = LINE ( 'NONE', #6404, #4208 ) ;
#3311 = VERTEX_POINT ( 'NONE', #2312 ) ;
#3312 = DIRECTION ( 'NONE',  ( 0.000000000000000000, 0.000000000000000000, 1.000000000000000000 ) ) ;
#3313 = ORIENTED_EDGE ( 'NONE', *, *, #1780, .T. ) ;
#3314 = DIRECTION ( 'NONE',  ( -1.000000000000000000, 0.000000000000000000, 0.000000000000000000 ) ) ;
#3315 = ORIENTED_EDGE ( 'NONE', *, *, #1907, .F. ) ;
#3316 = LINE ( 'NONE', #2747, #5138 ) ;
#3317 = EDGE_LOOP ( 'NONE', ( #4012, #3696, #129, #1915 ) ) ;
#3318 = LINE ( 'NONE', #6380, #2903 ) ;
#3319 = DIRECTION ( 'NONE',  ( 0.000000000000000000, -1.000000000000000000, 0.000000000000000000 ) ) ;
#3320 = VECTOR ( 'NONE', #3076, 1000.000000000000000 ) ;
#3321 = FACE_OUTER_BOUND ( 'NONE', #4085, .T. ) ;
#3322 = EDGE_CURVE ( 'NONE', #1031, #847, #4359, .T. ) ;
#3323 = ORIENTED_EDGE ( 'NONE', *, *, #4491, .F. ) ;
#3324 = VECTOR ( 'NONE', #1713, 1000.000000000000000 ) ;
#3325 = ORIENTED_EDGE ( 'NONE', *, *, #5465, .F. ) ;
#3326 = DIRECTION ( 'NONE',  ( 0.000000000000000000, 1.000000000000000000, 0.000000000000000000 ) ) ;
#3327 = DIRECTION ( 'NONE',  ( 0.000000000000000000, 0.000000000000000000, 1.000000000000000000 ) ) ;
#3328 = DIRECTION ( 'NONE',  ( -0.000000000000000000, 0.000000000000000000, 1.000000000000000000 ) ) ;
#3329 = DIRECTION ( 'NONE',  ( -0.000000000000000000, 0.000000000000000000, 1.000000000000000000 ) ) ;
#3330 = AXIS2_PLACEMENT_3D ( 'NONE', #2738, #4352, #4786 ) ;
#3331 = ORIENTED_EDGE ( 'NONE', *, *, #2911, .F. ) ;
#3332 = DIRECTION ( 'NONE',  ( -1.000000000000000000, 0.000000000000000000, 0.000000000000000000 ) ) ;
#3333 = AXIS2_PLACEMENT_3D ( 'NONE', #3182, #137, #3085 ) ;
#3334 = LINE ( 'NONE', #4409, #4969 ) ;
#3335 = DIRECTION ( 'NONE',  ( 0.000000000000000000, 0.000000000000000000, 1.000000000000000000 ) ) ;
#3336 = DIRECTION ( 'NONE',  ( -1.000000000000000000, 0.000000000000000000, 0.000000000000000000 ) ) ;
#3337 = VERTEX_POINT ( 'NONE', #5257 ) ;
#3338 = VECTOR ( 'NONE', #6480, 1000.000000000000000 ) ;
#3339 = DIRECTION ( 'NONE',  ( 0.000000000000000000, 0.000000000000000000, 1.000000000000000000 ) ) ;
#3340 = FACE_OUTER_BOUND ( 'NONE', #1376, .T. ) ;
#3341 = ORIENTED_EDGE ( 'NONE', *, *, #1847, .F. ) ;
#3342 = AXIS2_PLACEMENT_3D ( 'NONE', #4039, #988, #4510 ) ;
#3343 = ORIENTED_EDGE ( 'NONE', *, *, #906, .F. ) ;
#3344 = DIRECTION ( 'NONE',  ( 1.000000000000000000, 0.000000000000000000, -0.000000000000000000 ) ) ;
#3345 = ORIENTED_EDGE ( 'NONE', *, *, #5566, .T. ) ;
#3346 = CARTESIAN_POINT ( 'NONE',  ( -48.00000000000000000, 15.88999999999999702, -6.070000000000000284 ) ) ;
#3347 = ORIENTED_EDGE ( 'NONE', *, *, #940, .F. ) ;
#3348 = CARTESIAN_POINT ( 'NONE',  ( 44.29999999999999716, -22.00000000000000000, -16.39999999999999858 ) ) ;
#3349 = ORIENTED_EDGE ( 'NONE', *, *, #2323, .F. ) ;
#3350 = LINE ( 'NONE', #775, #771 ) ;
#3351 = VECTOR ( 'NONE', #4048, 1000.000000000000000 ) ;
#3352 = LINE ( 'NONE', #1913, #6373 ) ;
#3353 = DIRECTION ( 'NONE',  ( -0.000000000000000000, -0.000000000000000000, 1.000000000000000000 ) ) ;
#3354 = AXIS2_PLACEMENT_3D ( 'NONE', #4155, #5775, #6212 ) ;
#3355 = VERTEX_POINT ( 'NONE', #668 ) ;
#3356 = VERTEX_POINT ( 'NONE', #2710 ) ;
#3357 = DIRECTION ( 'NONE',  ( -0.000000000000000000, 1.000000000000000000, 0.000000000000000000 ) ) ;
#3358 = CARTESIAN_POINT ( 'NONE',  ( 42.00000000000000000, -29.80000000000000071, -13.00000000000000178 ) ) ;
#3359 = DIRECTION ( 'NONE',  ( 1.000000000000000000, 0.000000000000000000, 0.000000000000000000 ) ) ;
#3360 = LINE ( 'NONE', #4375, #4991 ) ;
#3361 = EDGE_CURVE ( 'NONE', #4326, #5847, #4750, .T. ) ;
#3362 = ORIENTED_EDGE ( 'NONE', *, *, #4077, .T. ) ;
#3363 = AXIS2_PLACEMENT_3D ( 'NONE', #5112, #1492, #2563 ) ;
#3364 = VECTOR ( 'NONE', #74, 1000.000000000000000 ) ;
#3365 = CARTESIAN_POINT ( 'NONE',  ( -45.00000000000000711, 26.00000000000002132, -15.50000000000000178 ) ) ;
#3366 = CARTESIAN_POINT ( 'NONE',  ( 45.00000000000000711, -26.00000000000002132, -13.00000000000000178 ) ) ;
#3367 = CARTESIAN_POINT ( 'NONE',  ( 48.65999999999999659, -26.00000000000000355, -15.50000000000000178 ) ) ;
#3368 = VECTOR ( 'NONE', #5983, 1000.000000000000000 ) ;
#3369 = FACE_OUTER_BOUND ( 'NONE', #1916, .T. ) ;
#3370 = EDGE_CURVE ( 'NONE', #5326, #638, #1198, .T. ) ;
#3371 = VERTEX_POINT ( 'NONE', #3949 ) ;
#3372 = VECTOR ( 'NONE', #5383, 1000.000000000000000 ) ;
#3373 = LINE ( 'NONE', #4987, #1191 ) ;
#3374 = LINE ( 'NONE', #764, #6038 ) ;
#3375 = VECTOR ( 'NONE', #2099, 1000.000000000000227 ) ;
#3376 = VECTOR ( 'NONE', #5339, 1000.000000000000000 ) ;
#3377 = ORIENTED_EDGE ( 'NONE', *, *, #6292, .F. ) ;
#3378 = EDGE_CURVE ( 'NONE', #5160, #1516, #2413, .T. ) ;
#3379 = ORIENTED_EDGE ( 'NONE', *, *, #2685, .F. ) ;
#3380 = ADVANCED_FACE ( 'NONE', ( #2936 ), #479, .T. ) ;
#3381 = PLANE ( 'NONE',  #4342 ) ;
#3382 = ORIENTED_EDGE ( 'NONE', *, *, #598, .T. ) ;
#3383 = CARTESIAN_POINT ( 'NONE',  ( -45.00000000000000711, 26.00000000000002132, -15.50000000000000178 ) ) ;
#3384 = VECTOR ( 'NONE', #3424, 1000.000000000000000 ) ;
#3385 = AXIS2_PLACEMENT_3D ( 'NONE', #3631, #4274, #1631 ) ;
#3386 = EDGE_CURVE ( 'NONE', #4970, #2388, #3142, .T. ) ;
#3387 = EDGE_CURVE ( 'NONE', #1746, #1715, #5494, .T. ) ;
#3388 = ORIENTED_EDGE ( 'NONE', *, *, #1335, .F. ) ;
#3389 = FACE_OUTER_BOUND ( 'NONE', #419, .T. ) ;
#3390 = EDGE_LOOP ( 'NONE', ( #916, #2223, #334, #3416, #977, #882, #5823, #3514 ) ) ;
#3391 = AXIS2_PLACEMENT_3D ( 'NONE', #1491, #5038, #3060 ) ;
#3392 = FACE_BOUND ( 'NONE', #1306, .T. ) ;
#3393 = EDGE_LOOP ( 'NONE', ( #1101, #4466, #1458, #3037 ) ) ;
#3394 = FACE_OUTER_BOUND ( 'NONE', #2766, .T. ) ;
#3395 = ORIENTED_EDGE ( 'NONE', *, *, #5468, .T. ) ;
#3396 = DIRECTION ( 'NONE',  ( 0.000000000000000000, 0.000000000000000000, 1.000000000000000000 ) ) ;
#3397 = DIRECTION ( 'NONE',  ( -1.000000000000000000, 0.000000000000000000, 0.000000000000000000 ) ) ;
#3398 = CARTESIAN_POINT ( 'NONE',  ( 25.99999999999999645, 13.00000000000000533, -1.000000000000014433 ) ) ;
#3399 = ORIENTED_EDGE ( 'NONE', *, *, #6132, .F. ) ;
#3400 = CYLINDRICAL_SURFACE ( 'NONE', #2203, 3.659999999999989484 ) ;
#3401 = DIRECTION ( 'NONE',  ( -1.000000000000000000, -0.000000000000000000, -0.000000000000000000 ) ) ;
#3402 = LINE ( 'NONE', #5420, #3655 ) ;
#3403 = DIRECTION ( 'NONE',  ( -1.000000000000000000, 0.000000000000000000, 0.000000000000000000 ) ) ;
#3404 = ORIENTED_EDGE ( 'NONE', *, *, #1205, .F. ) ;
#3405 = FACE_OUTER_BOUND ( 'NONE', #5457, .T. ) ;
#3406 = CARTESIAN_POINT ( 'NONE',  ( 37.35000000000000142, 20.05000000000000071, -1.600000000000000089 ) ) ;
#3407 = EDGE_LOOP ( 'NONE', ( #4558, #1925, #5966, #6249 ) ) ;
#3408 = ADVANCED_FACE ( 'NONE', ( #5432 ), #4924, .F. ) ;
#3409 = ORIENTED_EDGE ( 'NONE', *, *, #5379, .F. ) ;
#3410 = LINE ( 'NONE', #2871, #6056 ) ;
#3411 = VERTEX_POINT ( 'NONE', #404 ) ;
#3412 = CARTESIAN_POINT ( 'NONE',  ( 45.00000000000000000, -26.00000000000000355, -13.90000000000000036 ) ) ;
#3413 = ORIENTED_EDGE ( 'NONE', *, *, #177, .F. ) ;
#3414 = CARTESIAN_POINT ( 'NONE',  ( 37.35000000000000142, 3.149999999999999467, -4.200000000000000178 ) ) ;
#3415 = EDGE_CURVE ( 'NONE', #3425, #4453, #4490, .T. ) ;
#3416 = ORIENTED_EDGE ( 'NONE', *, *, #2098, .T. ) ;
#3417 = LINE ( 'NONE', #2519, #454 ) ;
#3418 = EDGE_LOOP ( 'NONE', ( #5717, #5726, #5473, #2001 ) ) ;
#3419 = CARTESIAN_POINT ( 'NONE',  ( -48.00000000000000000, 4.089999999999996305, -6.070000000000000284 ) ) ;
#3420 = ORIENTED_EDGE ( 'NONE', *, *, #152, .F. ) ;
#3421 = ORIENTED_EDGE ( 'NONE', *, *, #3876, .T. ) ;
#3422 = CARTESIAN_POINT ( 'NONE',  ( -50.00000000000000000, 4.089999999999996305, -6.070000000000000284 ) ) ;
#3423 = DIRECTION ( 'NONE',  ( -1.000000000000000000, 0.000000000000000000, 0.000000000000000000 ) ) ;
#3424 = DIRECTION ( 'NONE',  ( 0.000000000000000000, 0.000000000000000000, -1.000000000000000000 ) ) ;
#3425 = VERTEX_POINT ( 'NONE', #1936 ) ;
#3426 = PLANE ( 'NONE',  #1991 ) ;
#3427 = VECTOR ( 'NONE', #2237, 1000.000000000000000 ) ;
#3428 = CARTESIAN_POINT ( 'NONE',  ( 21.39999999999999858, -24.05000000000000071, -10.65000000000000391 ) ) ;
#3429 = LINE ( 'NONE', #6595, #2703 ) ;
#3430 = FACE_OUTER_BOUND ( 'NONE', #5261, .T. ) ;
#3431 = EDGE_LOOP ( 'NONE', ( #1740, #1799, #1106, #2556 ) ) ;
#3432 = VECTOR ( 'NONE', #1564, 1000.000000000000000 ) ;
#3433 = PLANE ( 'NONE',  #3545 ) ;
#3434 = ORIENTED_EDGE ( 'NONE', *, *, #303, .F. ) ;
#3435 = CARTESIAN_POINT ( 'NONE',  ( 0.7999999999999972689, -8.320000000000005613, -7.500000000000000888 ) ) ;
#3436 = EDGE_LOOP ( 'NONE', ( #700, #4178, #3457, #107 ) ) ;
#3437 = PRODUCT_DEFINITION_FORMATION_WITH_SPECIFIED_SOURCE ( 'ANY', '', #4551, .NOT_KNOWN. ) ;
#3438 = EDGE_LOOP ( 'NONE', ( #5335, #3395, #2436, #628, #4807, #3575 ) ) ;
#3439 = CIRCLE ( 'NONE', #24, 1.923760430703399082 ) ;
#3440 = DIRECTION ( 'NONE',  ( -0.000000000000000000, -0.000000000000000000, -1.000000000000000000 ) ) ;
#3441 = ORIENTED_EDGE ( 'NONE', *, *, #3868, .F. ) ;
#3442 = CARTESIAN_POINT ( 'NONE',  ( 37.64999999999999858, 18.14999999999999858, -0.6999999999999998446 ) ) ;
#3443 = ADVANCED_FACE ( 'NONE', ( #2906 ), #4958, .T. ) ;
#3444 = AXIS2_PLACEMENT_3D ( 'NONE', #359, #3938, #5989 ) ;
#3445 = EDGE_LOOP ( 'NONE', ( #6486, #2650, #5635, #2478 ) ) ;
#3446 = LINE ( 'NONE', #438, #6325 ) ;
#3447 = ORIENTED_EDGE ( 'NONE', *, *, #4766, .F. ) ;
#3448 = DIRECTION ( 'NONE',  ( 0.000000000000000000, -0.000000000000000000, -1.000000000000000000 ) ) ;
#3449 = ORIENTED_EDGE ( 'NONE', *, *, #3470, .T. ) ;
#3450 = LINE ( 'NONE', #5502, #1515 ) ;
#3451 = ORIENTED_EDGE ( 'NONE', *, *, #5252, .T. ) ;
#3452 = ADVANCED_FACE ( 'NONE', ( #4422 ), #3984, .T. ) ;
#3453 = EDGE_LOOP ( 'NONE', ( #2209, #3677, #2044, #1521 ) ) ;
#3454 = CARTESIAN_POINT ( 'NONE',  ( 18.64999999999999858, 4.749999999999999112, -2.000000000000000000 ) ) ;
#3455 = CARTESIAN_POINT ( 'NONE',  ( -45.00000000000000711, 26.00000000000002132, -15.00000000000000178 ) ) ;
#3456 = CARTESIAN_POINT ( 'NONE',  ( 22.99999999999999289, 9.000000000000001776, 0.000000000000000000 ) ) ;
#3457 = ORIENTED_EDGE ( 'NONE', *, *, #484, .F. ) ;
#3458 = VECTOR ( 'NONE', #467, 1000.000000000000000 ) ;
#3459 = DIRECTION ( 'NONE',  ( -0.000000000000000000, 1.000000000000000000, -0.000000000000000000 ) ) ;
#3460 = ADVANCED_FACE ( 'NONE', ( #1443 ), #1905, .T. ) ;
#3461 = ADVANCED_FACE ( 'NONE', ( #624 ), #2197, .T. ) ;
#3462 = DIRECTION ( 'NONE',  ( 0.000000000000000000, 0.000000000000000000, 1.000000000000000000 ) ) ;
#3463 = LINE ( 'NONE', #959, #4954 ) ;
#3464 = DIRECTION ( 'NONE',  ( 1.000000000000000000, 0.000000000000000000, 0.000000000000000000 ) ) ;
#3465 = VERTEX_POINT ( 'NONE', #6293 ) ;
#3466 = AXIS2_PLACEMENT_3D ( 'NONE', #3428, #758, #2798 ) ;
#3467 = DIRECTION ( 'NONE',  ( -1.000000000000000000, 0.000000000000000000, 0.000000000000000000 ) ) ;
#3468 = ORIENTED_EDGE ( 'NONE', *, *, #264, .T. ) ;
#3469 = DIRECTION ( 'NONE',  ( 1.000000000000000000, 0.000000000000000000, 0.000000000000000000 ) ) ;
#3470 = EDGE_CURVE ( 'NONE', #413, #1031, #4704, .T. ) ;
#3471 = AXIS2_PLACEMENT_3D ( 'NONE', #108, #2149, #6285 ) ;
#3472 = VECTOR ( 'NONE', #4366, 1000.000000000000000 ) ;
#3473 = FACE_OUTER_BOUND ( 'NONE', #4248, .T. ) ;
#3474 = ORIENTED_EDGE ( 'NONE', *, *, #314, .F. ) ;
#3475 = DIRECTION ( 'NONE',  ( 0.000000000000000000, -1.000000000000000000, -0.000000000000000000 ) ) ;
#3476 = ORIENTED_EDGE ( 'NONE', *, *, #4661, .T. ) ;
#3477 = EDGE_CURVE ( 'NONE', #6369, #2401, #4314, .T. ) ;
#3478 = DIRECTION ( 'NONE',  ( -0.000000000000000000, -0.000000000000000000, -1.000000000000000000 ) ) ;
#3479 = AXIS2_PLACEMENT_3D ( 'NONE', #6635, #6199, #1062 ) ;
#3480 = AXIS2_PLACEMENT_3D ( 'NONE', #4885, #1858, #3403 ) ;
#3481 = CARTESIAN_POINT ( 'NONE',  ( 18.64999999999999858, 17.25000000000000000, -2.000000000000000000 ) ) ;
#3482 = ORIENTED_EDGE ( 'NONE', *, *, #1012, .T. ) ;
#3483 = EDGE_CURVE ( 'NONE', #2270, #684, #1693, .T. ) ;
#3484 = CARTESIAN_POINT ( 'NONE',  ( -50.00000000000000000, 15.88999999999999702, -10.86999999999999744 ) ) ;
#3485 = AXIS2_PLACEMENT_3D ( 'NONE', #6218, #5214, #217 ) ;
#3486 = EDGE_LOOP ( 'NONE', ( #3846, #5956, #2410, #5621, #2107, #1109, #6151, #505, #4927, #5700, #994, #6037, #2163, #495, #512, #2199 ) ) ;
#3487 = CARTESIAN_POINT ( 'NONE',  ( 18.64999999999999858, 18.85000000000000142, -4.200000000000000178 ) ) ;
#3488 = ORIENTED_EDGE ( 'NONE', *, *, #4288, .F. ) ;
#3489 = VECTOR ( 'NONE', #1692, 1000.000000000000000 ) ;
#3490 = LINE ( 'NONE', #6201, #6545 ) ;
#3491 = VECTOR ( 'NONE', #643, 1000.000000000000000 ) ;
#3492 = ORIENTED_EDGE ( 'NONE', *, *, #4079, .T. ) ;
#3493 = EDGE_CURVE ( 'NONE', #5098, #499, #5185, .T. ) ;
#3494 = EDGE_CURVE ( 'NONE', #6299, #5478, #2734, .T. ) ;
#3495 = ORIENTED_EDGE ( 'NONE', *, *, #3211, .F. ) ;
#3496 = DIRECTION ( 'NONE',  ( 0.000000000000000000, 1.000000000000000000, -0.000000000000000000 ) ) ;
#3497 = FACE_OUTER_BOUND ( 'NONE', #5981, .T. ) ;
#3498 = FACE_BOUND ( 'NONE', #6035, .T. ) ;
#3499 = DIRECTION ( 'NONE',  ( 0.000000000000000000, -1.000000000000000000, 0.000000000000000000 ) ) ;
#3500 = CARTESIAN_POINT ( 'NONE',  ( -48.00000000000000000, 15.88999999999999702, -4.869999999999999218 ) ) ;
#3501 = EDGE_CURVE ( 'NONE', #5896, #1715, #4206, .T. ) ;
#3502 = EDGE_CURVE ( 'NONE', #3972, #740, #3772, .T. ) ;
#3503 = DIRECTION ( 'NONE',  ( -1.000000000000000000, 0.000000000000000000, 0.000000000000000000 ) ) ;
#3504 = FACE_OUTER_BOUND ( 'NONE', #718, .T. ) ;
#3505 = CARTESIAN_POINT ( 'NONE',  ( 22.60000000000000142, -12.05000000000000249, -10.65000000000000391 ) ) ;
#3506 = ORIENTED_EDGE ( 'NONE', *, *, #6614, .F. ) ;
#3507 = CYLINDRICAL_SURFACE ( 'NONE', #4180, 2.000000000000000000 ) ;
#3508 = EDGE_LOOP ( 'NONE', ( #670, #5653, #4110, #5095 ) ) ;
#3509 = EDGE_CURVE ( 'NONE', #4018, #2164, #5786, .T. ) ;
#3510 = DIRECTION ( 'NONE',  ( 1.000000000000000000, 0.000000000000000000, 0.000000000000000000 ) ) ;
#3511 = CARTESIAN_POINT ( 'NONE',  ( -46.80000000000000426, 20.03999999999999559, -6.505000000000000782 ) ) ;
#3512 = EDGE_CURVE ( 'NONE', #6612, #3533, #5186, .T. ) ;
#3513 = CARTESIAN_POINT ( 'NONE',  ( 20.35000000000000853, 17.14999999999999147, -0.6999999999999998446 ) ) ;
#3514 = ORIENTED_EDGE ( 'NONE', *, *, #4374, .T. ) ;
#3515 = LINE ( 'NONE', #2547, #6360 ) ;
#3516 = ORIENTED_EDGE ( 'NONE', *, *, #6075, .T. ) ;
#3517 = DIRECTION ( 'NONE',  ( 0.000000000000000000, -0.7071067811865597852, -0.7071067811865352493 ) ) ;
#3518 = ORIENTED_EDGE ( 'NONE', *, *, #3198, .T. ) ;
#3519 = LINE ( 'NONE', #3487, #3338 ) ;
#3520 = VERTEX_POINT ( 'NONE', #1632 ) ;
#3521 = CARTESIAN_POINT ( 'NONE',  ( 20.25000000000000000, 17.25000000000000000, -0.6999999999999999556 ) ) ;
#3522 = VERTEX_POINT ( 'NONE', #6260 ) ;
#3523 = VERTEX_POINT ( 'NONE', #1664 ) ;
#3524 = FACE_OUTER_BOUND ( 'NONE', #970, .T. ) ;
#3525 = LINE ( 'NONE', #1018, #871 ) ;
#3526 = FACE_BOUND ( 'NONE', #5442, .T. ) ;
#3527 = FACE_OUTER_BOUND ( 'NONE', #2064, .T. ) ;
#3528 = EDGE_CURVE ( 'NONE', #3988, #3634, #1130, .T. ) ;
#3529 = CARTESIAN_POINT ( 'NONE',  ( 48.65999999999999659, -26.00000000000000355, -15.50000000000000178 ) ) ;
#3530 = DIRECTION ( 'NONE',  ( 0.000000000000000000, 1.000000000000000000, -0.000000000000000000 ) ) ;
#3531 = CARTESIAN_POINT ( 'NONE',  ( 44.29999999999999716, -22.00000000000000000, -1.600000000000000089 ) ) ;
#3532 = DIRECTION ( 'NONE',  ( -0.4999999999999999445, -0.000000000000000000, 0.8660254037844385966 ) ) ;
#3533 = VERTEX_POINT ( 'NONE', #5757 ) ;
#3534 = DIRECTION ( 'NONE',  ( 0.000000000000000000, 1.000000000000000000, 0.000000000000000000 ) ) ;
#3535 = ORIENTED_EDGE ( 'NONE', *, *, #4934, .T. ) ;
#3536 = STYLED_ITEM ( 'NONE', ( #6106 ), #1952 ) ;
#3537 = DIRECTION ( 'NONE',  ( 1.000000000000000000, 0.000000000000000000, 0.000000000000000000 ) ) ;
#3538 = LINE ( 'NONE', #5087, #1989 ) ;
#3539 = ADVANCED_FACE ( 'NONE', ( #5692 ), #1159, .T. ) ;
#3540 = AXIS2_PLACEMENT_3D ( 'NONE', #514, #1144, #71 ) ;
#3541 = LINE ( 'NONE', #5592, #168 ) ;
#3542 = ORIENTED_EDGE ( 'NONE', *, *, #3293, .T. ) ;
#3543 = VECTOR ( 'NONE', #2356, 1000.000000000000000 ) ;
#3544 = LINE ( 'NONE', #3481, #5501 ) ;
#3545 = AXIS2_PLACEMENT_3D ( 'NONE', #2338, #5017, #4383 ) ;
#3546 = EDGE_CURVE ( 'NONE', #3522, #999, #4738, .T. ) ;
#3547 = VERTEX_POINT ( 'NONE', #4782 ) ;
#3548 = EDGE_LOOP ( 'NONE', ( #1896, #25, #1531, #4054 ) ) ;
#3549 = DIRECTION ( 'NONE',  ( 0.000000000000000000, -1.734723475976807094E-15, -1.000000000000000000 ) ) ;
#3550 = UNCERTAINTY_MEASURE_WITH_UNIT (LENGTH_MEASURE( 1.000000000000000082E-05 ), #3299, 'distance_accuracy_value', 'NONE');
#3551 = ORIENTED_EDGE ( 'NONE', *, *, #5840, .T. ) ;
#3552 = CONICAL_SURFACE ( 'NONE', #663, 3.909999999999996589, 0.3028848683749718051 ) ;
#3553 = ORIENTED_EDGE ( 'NONE', *, *, #5753, .T. ) ;
#3554 = EDGE_CURVE ( 'NONE', #1581, #3972, #191, .T. ) ;
#3555 = AXIS2_PLACEMENT_3D ( 'NONE', #1717, #4131, #3189 ) ;
#3556 = ORIENTED_EDGE ( 'NONE', *, *, #635, .T. ) ;
#3557 = DIRECTION ( 'NONE',  ( 0.000000000000000000, 0.000000000000000000, -1.000000000000000000 ) ) ;
#3558 = CARTESIAN_POINT ( 'NONE',  ( -45.00000000000000000, 28.99999999999999645, -2.000000000000000000 ) ) ;
#3559 = CARTESIAN_POINT ( 'NONE',  ( -10.59999999999999964, -24.05000000000000071, -10.65000000000000391 ) ) ;
#3560 = ORIENTED_EDGE ( 'NONE', *, *, #4777, .F. ) ;
#3561 = CARTESIAN_POINT ( 'NONE',  ( 34.00000000000000000, -30.60000000000000142, -13.00000000000000178 ) ) ;
#3562 = CARTESIAN_POINT ( 'NONE',  ( 45.00000000000000000, 26.00000000000000355, -13.90000000000000036 ) ) ;
#3563 = ADVANCED_FACE ( 'NONE', ( #5819 ), #4108, .T. ) ;
#3564 = CARTESIAN_POINT ( 'NONE',  ( 18.64999999999999858, 17.25000000000000000, -1.600000000000000089 ) ) ;
#3565 = ADVANCED_FACE ( 'NONE', ( #5316 ), #3132, .T. ) ;
#3566 = CARTESIAN_POINT ( 'NONE',  ( 38.64999999999999858, 4.850000000000000533, -1.600000000000000089 ) ) ;
#3567 = ORIENTED_EDGE ( 'NONE', *, *, #1127, .T. ) ;
#3568 = VECTOR ( 'NONE', #1700, 1000.000000000000000 ) ;
#3569 = DIRECTION ( 'NONE',  ( 0.000000000000000000, 0.000000000000000000, -1.000000000000000000 ) ) ;
#3570 = VERTEX_POINT ( 'NONE', #4914 ) ;
#3571 = LINE ( 'NONE', #5520, #1354 ) ;
#3572 = VECTOR ( 'NONE', #816, 1000.000000000000000 ) ;
#3573 = CARTESIAN_POINT ( 'NONE',  ( 49.60000000000000853, -26.00000000000000355, -13.00000000000000178 ) ) ;
#3574 = DIRECTION ( 'NONE',  ( 0.000000000000000000, -1.000000000000000000, 0.000000000000000000 ) ) ;
#3575 = ORIENTED_EDGE ( 'NONE', *, *, #5942, .F. ) ;
#3576 = DIRECTION ( 'NONE',  ( -0.000000000000000000, -0.000000000000000000, -1.000000000000000000 ) ) ;
#3577 = EDGE_CURVE ( 'NONE', #2964, #2612, #4378, .T. ) ;
#3578 = VECTOR ( 'NONE', #4809, 1000.000000000000000 ) ;
#3579 = CIRCLE ( 'NONE', #695, 1.000000000000000888 ) ;
#3580 = ADVANCED_FACE ( 'NONE', ( #4841 ), #1014, .T. ) ;
#3581 = EDGE_LOOP ( 'NONE', ( #6514, #4516, #5996, #851, #1256, #599 ) ) ;
#3582 = SURFACE_STYLE_FILL_AREA ( #3108 ) ;
#3583 = ORIENTED_EDGE ( 'NONE', *, *, #6381, .T. ) ;
#3584 = FACE_OUTER_BOUND ( 'NONE', #6072, .T. ) ;
#3585 = VECTOR ( 'NONE', #579, 1000.000000000000000 ) ;
#3586 = VECTOR ( 'NONE', #5042, 1000.000000000000000 ) ;
#3587 = ADVANCED_FACE ( 'NONE', ( #5344 ), #2296, .T. ) ;
#3588 = EDGE_CURVE ( 'NONE', #93, #1772, #4347, .T. ) ;
#3589 = VECTOR ( 'NONE', #4139, 1000.000000000000000 ) ;
#3590 = VECTOR ( 'NONE', #2222, 1000.000000000000000 ) ;
#3591 = ORIENTED_EDGE ( 'NONE', *, *, #898, .T. ) ;
#3592 = LINE ( 'NONE', #5203, #1293 ) ;
#3593 = ORIENTED_EDGE ( 'NONE', *, *, #4925, .F. ) ;
#3594 = DIRECTION ( 'NONE',  ( 0.000000000000000000, 0.000000000000000000, 1.000000000000000000 ) ) ;
#3595 = CARTESIAN_POINT ( 'NONE',  ( -39.91000000000001080, -6.033760430703404509, 0.000000000000000000 ) ) ;
#3596 = CARTESIAN_POINT ( 'NONE',  ( 37.75000000000000000, 17.25000000000000000, -2.000000000000000000 ) ) ;
#3597 = DIRECTION ( 'NONE',  ( -1.000000000000000000, -0.000000000000000000, -0.000000000000000000 ) ) ;
#3598 = AXIS2_PLACEMENT_3D ( 'NONE', #3666, #3195, #6319 ) ;
#3599 = DIRECTION ( 'NONE',  ( 1.000000000000000000, 0.000000000000000000, 0.000000000000000000 ) ) ;
#3600 = ORIENTED_EDGE ( 'NONE', *, *, #6046, .T. ) ;
#3601 = DIRECTION ( 'NONE',  ( 0.000000000000000000, 0.000000000000000000, 1.000000000000000000 ) ) ;
#3602 = CARTESIAN_POINT ( 'NONE',  ( 45.50000000000000000, -22.00000000000000000, -1.600000000000000089 ) ) ;
#3603 = CARTESIAN_POINT ( 'NONE',  ( 45.00000000000000000, -25.99999999999999289, -2.000000000000000000 ) ) ;
#3604 = ORIENTED_EDGE ( 'NONE', *, *, #639, .T. ) ;
#3605 = LINE ( 'NONE', #5181, #446 ) ;
#3606 = ORIENTED_EDGE ( 'NONE', *, *, #5859, .F. ) ;
#3607 = CARTESIAN_POINT ( 'NONE',  ( -44.99999999999999289, -29.66000000000000369, -13.90000000000000036 ) ) ;
#3608 = LINE ( 'NONE', #430, #2525 ) ;
#3609 = DIRECTION ( 'NONE',  ( 0.000000000000000000, 0.000000000000000000, -1.000000000000000000 ) ) ;
#3610 = EDGE_LOOP ( 'NONE', ( #1117, #3745, #3282, #4593 ) ) ;
#3611 = LINE ( 'NONE', #3105, #3670 ) ;
#3612 = ADVANCED_FACE ( 'NONE', ( #1392 ), #1790, .T. ) ;
#3613 = ORIENTED_EDGE ( 'NONE', *, *, #6248, .T. ) ;
#3614 = CARTESIAN_POINT ( 'NONE',  ( 37.65000000000000568, 17.14999999999999858, -0.6999999999999998446 ) ) ;
#3615 = ORIENTED_EDGE ( 'NONE', *, *, #242, .F. ) ;
#3616 = DIRECTION ( 'NONE',  ( 0.000000000000000000, 1.000000000000000000, 0.000000000000000000 ) ) ;
#3617 = EDGE_LOOP ( 'NONE', ( #2025, #5423, #3476, #1508 ) ) ;
#3618 = CARTESIAN_POINT ( 'NONE',  ( -41.42000000000000881, -7.120000000000005436, -7.500000000000000888 ) ) ;
#3619 = ORIENTED_EDGE ( 'NONE', *, *, #2682, .T. ) ;
#3620 = CARTESIAN_POINT ( 'NONE',  ( -45.00000000000000000, 28.99999999999999645, 0.000000000000000000 ) ) ;
#3621 = FACE_BOUND ( 'NONE', #2134, .T. ) ;
#3622 = CARTESIAN_POINT ( 'NONE',  ( 0.7999999999999951594, -8.320000000000007390, -1.600000000000000755 ) ) ;
#3623 = LINE ( 'NONE', #5678, #4890 ) ;
#3624 = ORIENTED_EDGE ( 'NONE', *, *, #1701, .F. ) ;
#3625 = DIRECTION ( 'NONE',  ( -1.000000000000000000, 0.000000000000000000, 0.000000000000000000 ) ) ;
#3626 = LINE ( 'NONE', #4159, #2057 ) ;
#3627 = DIRECTION ( 'NONE',  ( -0.000000000000000000, -0.000000000000000000, -1.000000000000000000 ) ) ;
#3628 = ORIENTED_EDGE ( 'NONE', *, *, #4994, .F. ) ;
#3629 = CARTESIAN_POINT ( 'NONE',  ( -45.00000000000000000, -28.39999999999999858, -15.50000000000000178 ) ) ;
#3630 = EDGE_LOOP ( 'NONE', ( #5490, #4929, #310, #4473 ) ) ;
#3631 = CARTESIAN_POINT ( 'NONE',  ( -48.00000000000000000, 7.739999999999996660, -8.470000000000000639 ) ) ;
#3632 = DIRECTION ( 'NONE',  ( 0.000000000000000000, 0.000000000000000000, 1.000000000000000000 ) ) ;
#3633 = LINE ( 'NONE', #2004, #1234 ) ;
#3634 = VERTEX_POINT ( 'NONE', #3304 ) ;
#3635 = VECTOR ( 'NONE', #5059, 1000.000000000000000 ) ;
#3636 = DIRECTION ( 'NONE',  ( 1.000000000000000000, -4.525365589504707780E-15, 0.000000000000000000 ) ) ;
#3637 = DIRECTION ( 'NONE',  ( 1.000000000000000000, 0.000000000000000000, 0.000000000000000000 ) ) ;
#3638 = VECTOR ( 'NONE', #4149, 1000.000000000000000 ) ;
#3639 = ORIENTED_EDGE ( 'NONE', *, *, #5350, .T. ) ;
#3640 = VERTEX_POINT ( 'NONE', #3813 ) ;
#3641 = LINE ( 'NONE', #5667, #5051 ) ;
#3642 = EDGE_CURVE ( 'NONE', #1480, #388, #358, .T. ) ;
#3643 = AXIS2_PLACEMENT_3D ( 'NONE', #1416, #89, #5191 ) ;
#3644 = VECTOR ( 'NONE', #1582, 1000.000000000000114 ) ;
#3645 = ORIENTED_EDGE ( 'NONE', *, *, #1889, .F. ) ;
#3646 = TOROIDAL_SURFACE ( 'NONE', #5370, 3.000000000000006217, 2.000000000000000000 ) ;
#3647 = DIRECTION ( 'NONE',  ( -0.000000000000000000, -0.000000000000000000, -1.000000000000000000 ) ) ;
#3648 = ORIENTED_EDGE ( 'NONE', *, *, #1333, .F. ) ;
#3649 = DIRECTION ( 'NONE',  ( 0.000000000000000000, -0.8660254037844387076, -0.5000000000000000000 ) ) ;
#3650 = VECTOR ( 'NONE', #4329, 1000.000000000000000 ) ;
#3651 = LINE ( 'NONE', #139, #1978 ) ;
#3652 = FACE_OUTER_BOUND ( 'NONE', #4421, .T. ) ;
#3653 = DIRECTION ( 'NONE',  ( 1.000000000000000000, 0.000000000000000000, 0.000000000000000000 ) ) ;
#3654 = EDGE_CURVE ( 'NONE', #2612, #5896, #3334, .T. ) ;
#3655 = VECTOR ( 'NONE', #5450, 1000.000000000000000 ) ;
#3656 = EDGE_CURVE ( 'NONE', #6222, #842, #577, .T. ) ;
#3657 = ORIENTED_EDGE ( 'NONE', *, *, #4436, .F. ) ;
#3658 = LINE ( 'NONE', #1082, #5297 ) ;
#3659 = DIRECTION ( 'NONE',  ( 0.000000000000000000, 1.000000000000000000, -0.000000000000000000 ) ) ;
#3660 = LINE ( 'NONE', #1120, #2837 ) ;
#3661 = ORIENTED_EDGE ( 'NONE', *, *, #497, .F. ) ;
#3662 = FACE_OUTER_BOUND ( 'NONE', #4957, .T. ) ;
#3663 = CARTESIAN_POINT ( 'NONE',  ( 21.39999999999999858, -12.05000000000000249, -10.65000000000000391 ) ) ;
#3664 = ORIENTED_EDGE ( 'NONE', *, *, #2506, .T. ) ;
#3665 = ADVANCED_FACE ( 'NONE', ( #3906 ), #6425, .T. ) ;
#3666 = CARTESIAN_POINT ( 'NONE',  ( 45.00000000000000000, -25.99999999999999289, 0.000000000000000000 ) ) ;
#3667 = EDGE_CURVE ( 'NONE', #1870, #3522, #5381, .T. ) ;
#3668 = DIRECTION ( 'NONE',  ( 0.000000000000000000, 0.000000000000000000, -1.000000000000000000 ) ) ;
#3669 = LINE ( 'NONE', #731, #153 ) ;
#3670 = VECTOR ( 'NONE', #1038, 1000.000000000000000 ) ;
#3671 = ORIENTED_EDGE ( 'NONE', *, *, #4594, .F. ) ;
#3672 = DIRECTION ( 'NONE',  ( 0.000000000000000000, -1.000000000000000000, 0.000000000000000000 ) ) ;
#3673 = CARTESIAN_POINT ( 'NONE',  ( -47.39999999999999858, 1.114999999999996660, -7.655000000000000249 ) ) ;
#3674 = VECTOR ( 'NONE', #1777, 1000.000000000000000 ) ;
#3675 = EDGE_CURVE ( 'NONE', #636, #3687, #1362, .T. ) ;
#3676 = ORIENTED_EDGE ( 'NONE', *, *, #2879, .T. ) ;
#3677 = ORIENTED_EDGE ( 'NONE', *, *, #1390, .F. ) ;
#3678 = CARTESIAN_POINT ( 'NONE',  ( 2.499999999999997335, 27.09999999999999787, -1.600000000000000089 ) ) ;
#3679 = AXIS2_PLACEMENT_3D ( 'NONE', #5545, #4579, #1024 ) ;
#3680 = AXIS2_PLACEMENT_3D ( 'NONE', #5267, #208, #1174 ) ;
#3681 = EDGE_CURVE ( 'NONE', #2978, #2850, #5504, .T. ) ;
#3682 = EDGE_CURVE ( 'NONE', #2472, #652, #5449, .T. ) ;
#3683 = ORIENTED_EDGE ( 'NONE', *, *, #4374, .F. ) ;
#3684 = AXIS2_PLACEMENT_3D ( 'NONE', #5714, #3220, #5683 ) ;
#3685 = CARTESIAN_POINT ( 'NONE',  ( -48.00000000000000000, -15.90000000000000036, -3.750000000000000000 ) ) ;
#3686 = VECTOR ( 'NONE', #4236, 1000.000000000000000 ) ;
#3687 = VERTEX_POINT ( 'NONE', #3937 ) ;
#3688 = CARTESIAN_POINT ( 'NONE',  ( -45.00000000000000000, -31.00000000000000000, -13.00000000000000178 ) ) ;
#3689 = DIRECTION ( 'NONE',  ( 0.000000000000000000, 0.000000000000000000, 1.000000000000000000 ) ) ;
#3690 = DIRECTION ( 'NONE',  ( 0.000000000000000000, 0.000000000000000000, 1.000000000000000000 ) ) ;
#3691 = VECTOR ( 'NONE', #737, 1000.000000000000000 ) ;
#3692 = AXIS2_PLACEMENT_3D ( 'NONE', #2826, #4911, #5445 ) ;
#3693 = CARTESIAN_POINT ( 'NONE',  ( 19.00000000000000000, 28.39999999999999858, -15.10000000000000142 ) ) ;
#3694 = ADVANCED_FACE ( 'NONE', ( #297 ), #3872, .T. ) ;
#3695 = EDGE_CURVE ( 'NONE', #2786, #99, #4945, .T. ) ;
#3696 = ORIENTED_EDGE ( 'NONE', *, *, #1127, .F. ) ;
#3697 = DIRECTION ( 'NONE',  ( 0.000000000000000000, -1.734723475976807094E-15, -1.000000000000000000 ) ) ;
#3698 = DIRECTION ( 'NONE',  ( -1.000000000000000000, -0.000000000000000000, -0.000000000000000000 ) ) ;
#3699 = FACE_OUTER_BOUND ( 'NONE', #5781, .T. ) ;
#3700 = ORIENTED_EDGE ( 'NONE', *, *, #4866, .F. ) ;
#3701 = AXIS2_PLACEMENT_3D ( 'NONE', #3702, #3767, #5782 ) ;
#3702 = CARTESIAN_POINT ( 'NONE',  ( -45.00000000000000000, -26.00000000000000355, -13.90000000000000036 ) ) ;
#3703 = DIRECTION ( 'NONE',  ( 0.000000000000000000, 0.000000000000000000, -1.000000000000000000 ) ) ;
#3704 = AXIS2_PLACEMENT_3D ( 'NONE', #6563, #1963, #559 ) ;
#3705 = VERTEX_POINT ( 'NONE', #5857 ) ;
#3706 = DIRECTION ( 'NONE',  ( 1.000000000000000000, 0.000000000000000000, 0.000000000000000000 ) ) ;
#3707 = ADVANCED_FACE ( 'NONE', ( #1258 ), #2863, .T. ) ;
#3708 = EDGE_CURVE ( 'NONE', #1968, #2753, #2497, .T. ) ;
#3709 = CIRCLE ( 'NONE', #6070, 2.000000000000001776 ) ;
#3710 = DIRECTION ( 'NONE',  ( -1.000000000000000000, 0.000000000000000000, 0.000000000000000000 ) ) ;
#3711 = CARTESIAN_POINT ( 'NONE',  ( -45.00000000000000000, -29.00000000000000000, -2.000000000000000000 ) ) ;
#3712 = ORIENTED_EDGE ( 'NONE', *, *, #6098, .F. ) ;
#3713 = CARTESIAN_POINT ( 'NONE',  ( -41.83376043070340700, -4.110000000000002984, 0.000000000000000000 ) ) ;
#3714 = CARTESIAN_POINT ( 'NONE',  ( 47.39999999999999858, 26.00000000000000355, -1.600000000000000755 ) ) ;
#3715 = ADVANCED_FACE ( 'NONE', ( #5614 ), #421, .T. ) ;
#3716 = ORIENTED_EDGE ( 'NONE', *, *, #2664, .T. ) ;
#3717 = LINE ( 'NONE', #2310, #6376 ) ;
#3718 = ORIENTED_EDGE ( 'NONE', *, *, #1425, .F. ) ;
#3719 = PLANE ( 'NONE',  #6233 ) ;
#3720 = ORIENTED_EDGE ( 'NONE', *, *, #4027, .T. ) ;
#3721 = LINE ( 'NONE', #2112, #3638 ) ;
#3722 = EDGE_LOOP ( 'NONE', ( #3307, #3154, #2516, #1244 ) ) ;
#3723 = CARTESIAN_POINT ( 'NONE',  ( -17.89999999999999503, -26.20000000000000284, -4.969999999999999751 ) ) ;
#3724 = DIRECTION ( 'NONE',  ( -0.7071067811865475727, 0.000000000000000000, -0.7071067811865475727 ) ) ;
#3725 = LINE ( 'NONE', #1175, #1329 ) ;
#3726 = CARTESIAN_POINT ( 'NONE',  ( 20.35000000000000853, 17.14999999999999147, -0.6999999999999998446 ) ) ;
#3727 = EDGE_LOOP ( 'NONE', ( #267, #3720, #1132, #2648, #1495, #402, #6507, #1284 ) ) ;
#3728 = CARTESIAN_POINT ( 'NONE',  ( -48.65999999999999659, 26.00000000000000355, -15.50000000000000178 ) ) ;
#3729 = DIRECTION ( 'NONE',  ( 0.000000000000000000, 0.000000000000000000, -1.000000000000000000 ) ) ;
#3730 = DIRECTION ( 'NONE',  ( 0.000000000000000000, 0.000000000000000000, -1.000000000000000000 ) ) ;
#3731 = VERTEX_POINT ( 'NONE', #6626 ) ;
#3732 = DIRECTION ( 'NONE',  ( 0.000000000000000000, 0.000000000000000000, 1.000000000000000000 ) ) ;
#3733 = ADVANCED_FACE ( 'NONE', ( #4602 ), #1558, .T. ) ;
#3734 =( NAMED_UNIT ( * ) SI_UNIT ( $, .STERADIAN. ) SOLID_ANGLE_UNIT ( ) );
#3735 = ORIENTED_EDGE ( 'NONE', *, *, #513, .T. ) ;
#3736 = CARTESIAN_POINT ( 'NONE',  ( 25.99999999999999645, 13.00000000000000533, -0.6999999999999998446 ) ) ;
#3737 = EDGE_CURVE ( 'NONE', #725, #3411, #1054, .T. ) ;
#3738 = DIRECTION ( 'NONE',  ( -1.000000000000000000, 0.000000000000000000, 0.000000000000000000 ) ) ;
#3739 = DIRECTION ( 'NONE',  ( 1.000000000000000000, 0.000000000000000000, 0.000000000000000000 ) ) ;
#3740 = DIRECTION ( 'NONE',  ( 0.000000000000000000, -1.000000000000000000, 0.000000000000000000 ) ) ;
#3741 = ORIENTED_EDGE ( 'NONE', *, *, #189, .F. ) ;
#3742 = CARTESIAN_POINT ( 'NONE',  ( -45.69999999999999574, -10.30000000000000071, -3.169999999999999929 ) ) ;
#3743 = DIRECTION ( 'NONE',  ( -1.000000000000000000, -0.000000000000000000, -0.000000000000000000 ) ) ;
#3744 = EDGE_CURVE ( 'NONE', #221, #6083, #157, .T. ) ;
#3745 = ORIENTED_EDGE ( 'NONE', *, *, #2664, .F. ) ;
#3746 = CYLINDRICAL_SURFACE ( 'NONE', #279, 1.199999999999998845 ) ;
#3747 = EDGE_LOOP ( 'NONE', ( #4917, #2206, #3382, #5043 ) ) ;
#3748 = CARTESIAN_POINT ( 'NONE',  ( -48.00000000000000000, 5.289999999999997371, -12.06999999999999851 ) ) ;
#3749 = CIRCLE ( 'NONE', #1714, 3.000000000000016431 ) ;
#3750 = EDGE_CURVE ( 'NONE', #373, #3520, #5140, .T. ) ;
#3751 = EDGE_LOOP ( 'NONE', ( #3676, #1868, #6028, #2346, #6411, #2930 ) ) ;
#3752 = CARTESIAN_POINT ( 'NONE',  ( -45.00000000000000000, -31.00000000000000000, -12.60000000000001741 ) ) ;
#3753 = VERTEX_POINT ( 'NONE', #6091 ) ;
#3754 = CIRCLE ( 'NONE', #870, 4.600000000000006750 ) ;
#3755 = CARTESIAN_POINT ( 'NONE',  ( 35.00000000000001421, 9.000000000000001776, 0.000000000000000000 ) ) ;
#3756 = CARTESIAN_POINT ( 'NONE',  ( 45.00000000000000000, 26.00000000000000355, -14.69999999999999929 ) ) ;
#3757 = AXIS2_PLACEMENT_3D ( 'NONE', #3455, #4034, #6085 ) ;
#3758 = CARTESIAN_POINT ( 'NONE',  ( 20.25000000000000000, 18.85000000000000142, -2.000000000000000000 ) ) ;
#3759 = CARTESIAN_POINT ( 'NONE',  ( 42.00000000000000000, -29.80000000000000071, -11.19999999999999929 ) ) ;
#3760 = EDGE_CURVE ( 'NONE', #6472, #88, #5650, .T. ) ;
#3761 = VECTOR ( 'NONE', #1542, 1000.000000000000000 ) ;
#3762 = ORIENTED_EDGE ( 'NONE', *, *, #1775, .T. ) ;
#3763 = LINE ( 'NONE', #2595, #2408 ) ;
#3764 = DIRECTION ( 'NONE',  ( -1.000000000000000000, -0.000000000000000000, -0.000000000000000000 ) ) ;
#3765 = DIRECTION ( 'NONE',  ( 0.000000000000000000, 0.000000000000000000, 1.000000000000000000 ) ) ;
#3766 = ORIENTED_EDGE ( 'NONE', *, *, #5973, .T. ) ;
#3767 = DIRECTION ( 'NONE',  ( 0.000000000000000000, 0.000000000000000000, 1.000000000000000000 ) ) ;
#3768 = CARTESIAN_POINT ( 'NONE',  ( 2.499999999999997335, -3.920000000000005258, -7.500000000000000888 ) ) ;
#3769 = ORIENTED_EDGE ( 'NONE', *, *, #5476, .T. ) ;
#3770 = LINE ( 'NONE', #1226, #4565 ) ;
#3771 = ADVANCED_FACE ( 'NONE', ( #3061 ), #1956, .F. ) ;
#3772 = LINE ( 'NONE', #1227, #3578 ) ;
#3773 = SURFACE_STYLE_USAGE ( .BOTH. , #4276 ) ;
#3774 = LINE ( 'NONE', #1193, #3894 ) ;
#3775 = CIRCLE ( 'NONE', #562, 1.000000000000007772 ) ;
#3776 = ORIENTED_EDGE ( 'NONE', *, *, #6625, .F. ) ;
#3777 = DIRECTION ( 'NONE',  ( -0.000000000000000000, 0.000000000000000000, 1.000000000000000000 ) ) ;
#3778 = LINE ( 'NONE', #3274, #3890 ) ;
#3779 = ADVANCED_FACE ( 'NONE', ( #4006 ), #1995, .T. ) ;
#3780 = ORIENTED_EDGE ( 'NONE', *, *, #4316, .F. ) ;
#3781 = DIRECTION ( 'NONE',  ( 1.000000000000000000, 0.000000000000000000, -0.000000000000000000 ) ) ;
#3782 = ORIENTED_EDGE ( 'NONE', *, *, #4196, .T. ) ;
#3783 = DIRECTION ( 'NONE',  ( 0.000000000000000000, 0.000000000000000000, 1.000000000000000000 ) ) ;
#3784 = ADVANCED_FACE ( 'NONE', ( #524 ), #6054, .T. ) ;
#3785 = AXIS2_PLACEMENT_3D ( 'NONE', #5122, #4111, #943 ) ;
#3786 = EDGE_CURVE ( 'NONE', #4328, #5968, #1922, .T. ) ;
#3787 = EDGE_LOOP ( 'NONE', ( #3272, #687, #3560, #5664 ) ) ;
#3788 = FACE_OUTER_BOUND ( 'NONE', #1910, .T. ) ;
#3789 = ORIENTED_EDGE ( 'NONE', *, *, #2911, .T. ) ;
#3790 = CARTESIAN_POINT ( 'NONE',  ( 19.35000000000000142, 4.850000000000000533, -0.6999999999999998446 ) ) ;
#3791 = AXIS2_PLACEMENT_3D ( 'NONE', #729, #589, #1092 ) ;
#3792 = EDGE_CURVE ( 'NONE', #388, #1565, #3969, .T. ) ;
#3793 = CARTESIAN_POINT ( 'NONE',  ( -19.19999999999999574, -28.39999999999999858, -4.969999999999999751 ) ) ;
#3794 = ADVANCED_FACE ( 'NONE', ( #6017 ), #1466, .T. ) ;
#3795 = CARTESIAN_POINT ( 'NONE',  ( -9.400000000000000355, -12.05000000000000249, -10.65000000000000391 ) ) ;
#3796 = CARTESIAN_POINT ( 'NONE',  ( 45.00000000000000000, -26.00000000000000355, -14.69999999999999929 ) ) ;
#3797 = TOROIDAL_SURFACE ( 'NONE', #1343, 3.000000000000004441, 2.000000000000000000 ) ;
#3798 = VECTOR ( 'NONE', #3021, 1000.000000000000000 ) ;
#3799 = EDGE_LOOP ( 'NONE', ( #6379, #4520, #4858, #1879, #6181, #5593, #4165, #4891 ) ) ;
#3800 = ADVANCED_FACE ( 'NONE', ( #5512 ), #5406, .T. ) ;
#3801 = ORIENTED_EDGE ( 'NONE', *, *, #6632, .F. ) ;
#3802 = FACE_BOUND ( 'NONE', #3390, .T. ) ;
#3803 = DIRECTION ( 'NONE',  ( 1.000000000000000000, 0.000000000000000000, 0.000000000000000000 ) ) ;
#3804 = DIRECTION ( 'NONE',  ( 0.000000000000000000, -1.000000000000000000, 0.000000000000000000 ) ) ;
#3805 = ORIENTED_EDGE ( 'NONE', *, *, #2396, .T. ) ;
#3806 = CARTESIAN_POINT ( 'NONE',  ( -48.00000000000000000, -23.85000000000000142, -8.399999999999996803 ) ) ;
#3807 = VECTOR ( 'NONE', #2269, 1000.000000000000000 ) ;
#3808 = AXIS2_PLACEMENT_3D ( 'NONE', #3842, #392, #2835 ) ;
#3809 = PLANE ( 'NONE',  #5802 ) ;
#3810 = ORIENTED_EDGE ( 'NONE', *, *, #5172, .T. ) ;
#3811 = CARTESIAN_POINT ( 'NONE',  ( 45.00000000000000000, -25.99999999999999289, -12.60000000000001741 ) ) ;
#3812 = VECTOR ( 'NONE', #3101, 1000.000000000000000 ) ;
#3813 = CARTESIAN_POINT ( 'NONE',  ( 37.35000000000000142, 1.950000000000000400, -1.600000000000000755 ) ) ;
#3814 = PLANE ( 'NONE',  #4312 ) ;
#3815 = CARTESIAN_POINT ( 'NONE',  ( -48.90999999999999659, -26.00000000000000355, -13.90000000000000036 ) ) ;
#3816 = ORIENTED_EDGE ( 'NONE', *, *, #3546, .F. ) ;
#3817 = DIRECTION ( 'NONE',  ( 1.000000000000000000, 0.000000000000000000, 0.000000000000000000 ) ) ;
#3818 = CARTESIAN_POINT ( 'NONE',  ( 2.499999999999997335, -3.920000000000005258, -7.500000000000000888 ) ) ;
#3819 = CIRCLE ( 'NONE', #5205, 0.9999999999999974465 ) ;
#3820 = ORIENTED_EDGE ( 'NONE', *, *, #4077, .F. ) ;
#3821 = CARTESIAN_POINT ( 'NONE',  ( -48.65999999999999659, -26.00000000000000355, -15.00000000000000178 ) ) ;
#3822 = ORIENTED_EDGE ( 'NONE', *, *, #1804, .T. ) ;
#3823 = FACE_OUTER_BOUND ( 'NONE', #1635, .T. ) ;
#3824 = EDGE_CURVE ( 'NONE', #684, #4215, #4867, .T. ) ;
#3825 = ORIENTED_EDGE ( 'NONE', *, *, #4471, .T. ) ;
#3826 = LINE ( 'NONE', #1270, #4291 ) ;
#3827 = ORIENTED_EDGE ( 'NONE', *, *, #4436, .T. ) ;
#3828 = CARTESIAN_POINT ( 'NONE',  ( 17.44999999999999929, 1.949999999999999512, -4.200000000000000178 ) ) ;
#3829 = DIRECTION ( 'NONE',  ( 1.000000000000000000, -0.000000000000000000, -0.000000000000000000 ) ) ;
#3830 = CARTESIAN_POINT ( 'NONE',  ( 20.25000000000000000, 18.85000000000000142, -2.000000000000000000 ) ) ;
#3831 = CARTESIAN_POINT ( 'NONE',  ( -45.00000000000000711, 26.00000000000002132, -15.00000000000000178 ) ) ;
#3832 = ORIENTED_EDGE ( 'NONE', *, *, #5137, .F. ) ;
#3833 = CARTESIAN_POINT ( 'NONE',  ( -47.39999999999999858, -15.90000000000000036, -6.000000000000000000 ) ) ;
#3834 = CARTESIAN_POINT ( 'NONE',  ( 48.65999999999999659, 26.00000000000000355, -15.50000000000000178 ) ) ;
#3835 = CARTESIAN_POINT ( 'NONE',  ( 48.15999999999998948, -26.00000000000000355, -15.50000000000000178 ) ) ;
#3836 = CARTESIAN_POINT ( 'NONE',  ( 8.599999999999999645, -12.05000000000000249, -1.600000000000000089 ) ) ;
#3837 = DIRECTION ( 'NONE',  ( 0.000000000000000000, -1.000000000000000000, 0.000000000000000000 ) ) ;
#3838 = ORIENTED_EDGE ( 'NONE', *, *, #5926, .T. ) ;
#3839 = DIRECTION ( 'NONE',  ( 0.000000000000000000, 0.000000000000000000, 1.000000000000000000 ) ) ;
#3840 = DIRECTION ( 'NONE',  ( 0.000000000000000000, 1.000000000000000000, -0.000000000000000000 ) ) ;
#3841 = DIRECTION ( 'NONE',  ( 0.000000000000000000, 0.000000000000000000, 1.000000000000000000 ) ) ;
#3842 = CARTESIAN_POINT ( 'NONE',  ( -48.00000000000000000, 15.88999999999999702, -10.86999999999999744 ) ) ;
#3843 = ORIENTED_EDGE ( 'NONE', *, *, #1620, .T. ) ;
#3844 = DIRECTION ( 'NONE',  ( 0.000000000000000000, 1.000000000000000000, 0.000000000000000000 ) ) ;
#3845 = CARTESIAN_POINT ( 'NONE',  ( -39.91000000000001080, -5.110000000000003872, -1.600000000000001643 ) ) ;
#3846 = ORIENTED_EDGE ( 'NONE', *, *, #5638, .F. ) ;
#3847 = ORIENTED_EDGE ( 'NONE', *, *, #4934, .F. ) ;
#3848 = CARTESIAN_POINT ( 'NONE',  ( -46.80000000000000426, -15.90000000000000036, -8.250000000000000000 ) ) ;
#3849 = ORIENTED_EDGE ( 'NONE', *, *, #3006, .T. ) ;
#3850 = DIRECTION ( 'NONE',  ( 1.000000000000000000, 0.000000000000000000, 0.000000000000000000 ) ) ;
#3851 = EDGE_LOOP ( 'NONE', ( #4423, #3181, #1006, #6513 ) ) ;
#3852 = CARTESIAN_POINT ( 'NONE',  ( 8.599999999999999645, -24.05000000000000071, -10.65000000000000391 ) ) ;
#3853 = ORIENTED_EDGE ( 'NONE', *, *, #5974, .F. ) ;
#3854 = CARTESIAN_POINT ( 'NONE',  ( 18.64999999999999858, 3.149999999999999467, -4.200000000000000178 ) ) ;
#3855 = CARTESIAN_POINT ( 'NONE',  ( -50.00000000000000000, -13.24999999999999822, -8.400000000000002132 ) ) ;
#3856 = CIRCLE ( 'NONE', #3963, 5.000000000000004441 ) ;
#3857 = DIRECTION ( 'NONE',  ( 1.000000000000000000, 0.000000000000000000, 0.000000000000000000 ) ) ;
#3858 = ADVANCED_FACE ( 'NONE', ( #928 ), #5578, .T. ) ;
#3859 = ORIENTED_EDGE ( 'NONE', *, *, #3501, .F. ) ;
#3860 = AXIS2_PLACEMENT_3D ( 'NONE', #3831, #6344, #715 ) ;
#3861 = ORIENTED_EDGE ( 'NONE', *, *, #3986, .F. ) ;
#3862 = CARTESIAN_POINT ( 'NONE',  ( -48.00000000000000000, 5.289999999999997371, -4.869999999999999218 ) ) ;
#3863 = CARTESIAN_POINT ( 'NONE',  ( 1.613760430703393256, 25.28999999999999559, 0.000000000000000000 ) ) ;
#3864 = DIRECTION ( 'NONE',  ( 0.000000000000000000, 1.000000000000000000, 0.000000000000000000 ) ) ;
#3865 = DIRECTION ( 'NONE',  ( 0.000000000000000000, 0.000000000000000000, 1.000000000000000000 ) ) ;
#3866 = VECTOR ( 'NONE', #3534, 1000.000000000000000 ) ;
#3867 = ORIENTED_EDGE ( 'NONE', *, *, #3878, .F. ) ;
#3868 = EDGE_CURVE ( 'NONE', #2291, #4461, #5175, .T. ) ;
#3869 = DIRECTION ( 'NONE',  ( 0.000000000000000000, 0.000000000000000000, 1.000000000000000000 ) ) ;
#3870 = VECTOR ( 'NONE', #3246, 1000.000000000000000 ) ;
#3871 = EDGE_CURVE ( 'NONE', #4634, #318, #3047, .T. ) ;
#3872 = PLANE ( 'NONE',  #2616 ) ;
#3873 = DIRECTION ( 'NONE',  ( -1.000000000000000000, 0.000000000000000000, 0.000000000000000000 ) ) ;
#3874 = DIRECTION ( 'NONE',  ( -0.000000000000000000, -0.000000000000000000, -1.000000000000000000 ) ) ;
#3875 = VERTEX_POINT ( 'NONE', #1622 ) ;
#3876 = EDGE_CURVE ( 'NONE', #4860, #4614, #5812, .T. ) ;
#3877 = CARTESIAN_POINT ( 'NONE',  ( 7.400000000000000355, -12.05000000000000249, -10.65000000000000391 ) ) ;
#3878 = EDGE_CURVE ( 'NONE', #3311, #6472, #3658, .T. ) ;
#3879 = FACE_OUTER_BOUND ( 'NONE', #348, .T. ) ;
#3880 = VERTEX_POINT ( 'NONE', #5238 ) ;
#3881 = CIRCLE ( 'NONE', #4727, 0.6499999999999995781 ) ;
#3882 = ORIENTED_EDGE ( 'NONE', *, *, #5065, .T. ) ;
#3883 = DIRECTION ( 'NONE',  ( 0.000000000000000000, 0.000000000000000000, 1.000000000000000000 ) ) ;
#3884 = EDGE_LOOP ( 'NONE', ( #5361, #571, #4427, #2671 ) ) ;
#3885 = CARTESIAN_POINT ( 'NONE',  ( 19.00000000000000000, 27.19999999999999574, -15.10000000000000142 ) ) ;
#3886 = VERTEX_POINT ( 'NONE', #78 ) ;
#3887 = FACE_OUTER_BOUND ( 'NONE', #4999, .T. ) ;
#3888 = ORIENTED_EDGE ( 'NONE', *, *, #4000, .T. ) ;
#3889 = FACE_BOUND ( 'NONE', #1073, .T. ) ;
#3890 = VECTOR ( 'NONE', #735, 1000.000000000000000 ) ;
#3891 = DIRECTION ( 'NONE',  ( 1.000000000000000000, 0.000000000000000000, 0.000000000000000000 ) ) ;
#3892 = DIRECTION ( 'NONE',  ( 0.000000000000000000, 0.000000000000000000, 1.000000000000000000 ) ) ;
#3893 = EDGE_LOOP ( 'NONE', ( #2916, #194, #4032, #5434 ) ) ;
#3894 = VECTOR ( 'NONE', #5789, 1000.000000000000000 ) ;
#3895 = ORIENTED_EDGE ( 'NONE', *, *, #2685, .T. ) ;
#3896 = FACE_OUTER_BOUND ( 'NONE', #5003, .T. ) ;
#3897 = PLANE ( 'NONE',  #16 ) ;
#3898 = DIRECTION ( 'NONE',  ( 0.000000000000000000, 0.000000000000000000, -1.000000000000000000 ) ) ;
#3899 = FACE_OUTER_BOUND ( 'NONE', #1339, .T. ) ;
#3900 = VERTEX_POINT ( 'NONE', #2120 ) ;
#3901 = EDGE_CURVE ( 'NONE', #905, #900, #3125, .T. ) ;
#3902 = ADVANCED_FACE ( 'NONE', ( #145 ), #4158, .T. ) ;
#3903 = VECTOR ( 'NONE', #868, 1000.000000000000000 ) ;
#3904 = AXIS2_PLACEMENT_3D ( 'NONE', #3559, #6047, #5134 ) ;
#3905 = DIRECTION ( 'NONE',  ( 1.000000000000000000, 0.000000000000000000, 0.000000000000000000 ) ) ;
#3906 = FACE_OUTER_BOUND ( 'NONE', #950, .T. ) ;
#3907 = LINE ( 'NONE', #6426, #5703 ) ;
#3908 = VECTOR ( 'NONE', #3357, 1000.000000000000000 ) ;
#3909 = DIRECTION ( 'NONE',  ( 1.000000000000000000, 0.000000000000000000, 0.000000000000000000 ) ) ;
#3910 = VERTEX_POINT ( 'NONE', #2691 ) ;
#3911 = CIRCLE ( 'NONE', #3152, 1.200000000000003064 ) ;
#3912 = DIRECTION ( 'NONE',  ( 0.000000000000000000, 0.000000000000000000, 1.000000000000000000 ) ) ;
#3913 = DIRECTION ( 'NONE',  ( 0.000000000000000000, 0.000000000000000000, -1.000000000000000000 ) ) ;
#3914 = AXIS2_PLACEMENT_3D ( 'NONE', #1517, #5106, #6585 ) ;
#3915 = EDGE_CURVE ( 'NONE', #4618, #5564, #2414, .T. ) ;
#3916 = CIRCLE ( 'NONE', #923, 2.399999999999992362 ) ;
#3917 = ORIENTED_EDGE ( 'NONE', *, *, #4221, .F. ) ;
#3918 = VERTEX_POINT ( 'NONE', #3256 ) ;
#3919 = CARTESIAN_POINT ( 'NONE',  ( 45.00000000000000000, -28.99999999999999645, -2.000000000000000000 ) ) ;
#3920 = ORIENTED_EDGE ( 'NONE', *, *, #4851, .F. ) ;
#3921 = CARTESIAN_POINT ( 'NONE',  ( -39.91000000000000369, -4.110000000000001208, -1.600000000000000755 ) ) ;
#3922 = AXIS2_PLACEMENT_3D ( 'NONE', #5279, #116, #2638 ) ;
#3923 = EDGE_LOOP ( 'NONE', ( #5300, #3315, #5660, #2211 ) ) ;
#3924 = FACE_OUTER_BOUND ( 'NONE', #1277, .T. ) ;
#3925 = ORIENTED_EDGE ( 'NONE', *, *, #3502, .F. ) ;
#3926 = VECTOR ( 'NONE', #2118, 1000.000000000000000 ) ;
#3927 = CARTESIAN_POINT ( 'NONE',  ( -18.89999999999999503, -26.20000000000000284, -4.969999999999999751 ) ) ;
#3928 = ORIENTED_EDGE ( 'NONE', *, *, #2372, .F. ) ;
#3929 = LINE ( 'NONE', #1311, #4440 ) ;
#3930 = ORIENTED_EDGE ( 'NONE', *, *, #1620, .F. ) ;
#3931 = ORIENTED_EDGE ( 'NONE', *, *, #6542, .T. ) ;
#3932 = LINE ( 'NONE', #750, #6158 ) ;
#3933 = DIRECTION ( 'NONE',  ( -5.293346628028121603E-16, 0.2982749931359470752, 0.9544799780350295970 ) ) ;
#3934 = DIRECTION ( 'NONE',  ( -1.000000000000000000, -0.000000000000000000, -0.000000000000000000 ) ) ;
#3935 = EDGE_LOOP ( 'NONE', ( #4512, #3379, #437, #5129 ) ) ;
#3936 = DIRECTION ( 'NONE',  ( 0.7071067811865425767, 0.000000000000000000, -0.7071067811865524577 ) ) ;
#3937 = CARTESIAN_POINT ( 'NONE',  ( 44.29999999999999716, -22.00000000000000000, -1.600000000000000089 ) ) ;
#3938 = DIRECTION ( 'NONE',  ( 0.000000000000000000, 0.000000000000000000, 1.000000000000000000 ) ) ;
#3939 = EDGE_CURVE ( 'NONE', #772, #5526, #2656, .T. ) ;
#3940 = CARTESIAN_POINT ( 'NONE',  ( 17.44999999999999929, 20.05000000000000071, -4.200000000000000178 ) ) ;
#3941 = ORIENTED_EDGE ( 'NONE', *, *, #5368, .F. ) ;
#3942 = DIRECTION ( 'NONE',  ( -1.000000000000000000, 0.000000000000000000, 0.000000000000000000 ) ) ;
#3943 = ADVANCED_FACE ( 'NONE', ( #5308 ), #5212, .T. ) ;
#3944 = CARTESIAN_POINT ( 'NONE',  ( -43.19999999999999574, -28.39999999999999858, -4.969999999999999751 ) ) ;
#3945 = ORIENTED_EDGE ( 'NONE', *, *, #5164, .F. ) ;
#3946 = ORIENTED_EDGE ( 'NONE', *, *, #1606, .T. ) ;
#3947 = CARTESIAN_POINT ( 'NONE',  ( -45.69999999999999574, -10.30000000000000071, -3.169999999999999929 ) ) ;
#3948 = ORIENTED_EDGE ( 'NONE', *, *, #996, .T. ) ;
#3949 = CARTESIAN_POINT ( 'NONE',  ( 13.00000000000000533, 28.39999999999999858, -15.10000000000000142 ) ) ;
#3950 = EDGE_CURVE ( 'NONE', #111, #5160, #3763, .T. ) ;
#3951 = ORIENTED_EDGE ( 'NONE', *, *, #3387, .T. ) ;
#3952 = DIRECTION ( 'NONE',  ( 0.8660254037844387076, 0.000000000000000000, -0.5000000000000000000 ) ) ;
#3953 = ORIENTED_EDGE ( 'NONE', *, *, #4989, .T. ) ;
#3954 = DIRECTION ( 'NONE',  ( 0.000000000000000000, 0.000000000000000000, 1.000000000000000000 ) ) ;
#3955 = ORIENTED_EDGE ( 'NONE', *, *, #1115, .T. ) ;
#3956 = DIRECTION ( 'NONE',  ( 0.000000000000000000, -0.000000000000000000, -1.000000000000000000 ) ) ;
#3957 = EDGE_CURVE ( 'NONE', #5497, #2332, #5730, .T. ) ;
#3958 = ADVANCED_FACE ( 'NONE', ( #4130 ), #5748, .T. ) ;
#3959 = VERTEX_POINT ( 'NONE', #4769 ) ;
#3960 = ORIENTED_EDGE ( 'NONE', *, *, #674, .F. ) ;
#3961 = DIRECTION ( 'NONE',  ( 0.000000000000000000, 0.000000000000000000, 1.000000000000000000 ) ) ;
#3962 = DIRECTION ( 'NONE',  ( -1.000000000000000000, 0.000000000000000000, 0.000000000000000000 ) ) ;
#3963 = AXIS2_PLACEMENT_3D ( 'NONE', #280, #205, #1208 ) ;
#3964 = FACE_OUTER_BOUND ( 'NONE', #6332, .T. ) ;
#3965 = ORIENTED_EDGE ( 'NONE', *, *, #4173, .F. ) ;
#3966 = EDGE_CURVE ( 'NONE', #458, #1085, #5085, .T. ) ;
#3967 = DIRECTION ( 'NONE',  ( 0.000000000000000000, 0.7071067811865597852, 0.7071067811865352493 ) ) ;
#3968 = VECTOR ( 'NONE', #5270, 1000.000000000000000 ) ;
#3969 = LINE ( 'NONE', #6120, #5618 ) ;
#3970 = DIRECTION ( 'NONE',  ( 0.000000000000000000, 0.000000000000000000, 1.000000000000000000 ) ) ;
#3971 = CARTESIAN_POINT ( 'NONE',  ( 37.75000000000000000, 18.85000000000000142, -2.000000000000000000 ) ) ;
#3972 = VERTEX_POINT ( 'NONE', #4667 ) ;
#3973 = VECTOR ( 'NONE', #1627, 1000.000000000000000 ) ;
#3974 = CARTESIAN_POINT ( 'NONE',  ( 48.65999999999999659, -26.00000000000000355, -15.50000000000000178 ) ) ;
#3975 = VERTEX_POINT ( 'NONE', #1118 ) ;
#3976 = CARTESIAN_POINT ( 'NONE',  ( 19.34999999999999787, 4.850000000000000533, -1.600000000000000755 ) ) ;
#3977 = EDGE_CURVE ( 'NONE', #5526, #3886, #6216, .T. ) ;
#3978 = ADVANCED_FACE ( 'NONE', ( #681 ), #3797, .T. ) ;
#3979 = ORIENTED_EDGE ( 'NONE', *, *, #5425, .T. ) ;
#3980 = ORIENTED_EDGE ( 'NONE', *, *, #4458, .F. ) ;
#3981 = AXIS2_PLACEMENT_3D ( 'NONE', #248, #4562, #1481 ) ;
#3982 = LINE ( 'NONE', #5898, #1346 ) ;
#3983 = ORIENTED_EDGE ( 'NONE', *, *, #889, .F. ) ;
#3984 = PLANE ( 'NONE',  #6042 ) ;
#3985 = EDGE_CURVE ( 'NONE', #4988, #2659, #182, .T. ) ;
#3986 = EDGE_CURVE ( 'NONE', #3522, #2354, #215, .T. ) ;
#3987 = AXIS2_PLACEMENT_3D ( 'NONE', #36, #536, #5281 ) ;
#3988 = VERTEX_POINT ( 'NONE', #3862 ) ;
#3989 = DIRECTION ( 'NONE',  ( 0.000000000000000000, 0.9544799780350297080, -0.2982749931359471862 ) ) ;
#3990 = ORIENTED_EDGE ( 'NONE', *, *, #3303, .F. ) ;
#3991 = CARTESIAN_POINT ( 'NONE',  ( -45.00000000000000000, 26.00000000000000355, -13.90000000000000036 ) ) ;
#3992 = EDGE_LOOP ( 'NONE', ( #164, #4358, #5165, #3362 ) ) ;
#3993 = DIRECTION ( 'NONE',  ( -1.000000000000000000, 0.000000000000000000, 0.000000000000000000 ) ) ;
#3994 = ADVANCED_FACE ( 'NONE', ( #4338 ), #1317, .F. ) ;
#3995 = ORIENTED_EDGE ( 'NONE', *, *, #5926, .F. ) ;
#3996 = VECTOR ( 'NONE', #6135, 1000.000000000000000 ) ;
#3997 = ORIENTED_EDGE ( 'NONE', *, *, #6257, .T. ) ;
#3998 = CARTESIAN_POINT ( 'NONE',  ( 34.30000000000001847, 9.000000000000001776, -0.6999999999999998446 ) ) ;
#3999 = FACE_OUTER_BOUND ( 'NONE', #5249, .T. ) ;
#4000 = EDGE_CURVE ( 'NONE', #5817, #967, #351, .T. ) ;
#4001 = CARTESIAN_POINT ( 'NONE',  ( 44.99999999999999289, -28.39999999999999858, -15.50000000000000178 ) ) ;
#4002 = DIRECTION ( 'NONE',  ( 1.000000000000000000, 0.000000000000000000, 0.000000000000000000 ) ) ;
#4003 = VECTOR ( 'NONE', #4332, 1000.000000000000000 ) ;
#4004 = DIRECTION ( 'NONE',  ( 0.000000000000000000, 0.000000000000000000, -1.000000000000000000 ) ) ;
#4005 = ADVANCED_FACE ( 'NONE', ( #2286 ), #4936, .F. ) ;
#4006 = FACE_OUTER_BOUND ( 'NONE', #2005, .T. ) ;
#4007 = FACE_OUTER_BOUND ( 'NONE', #2614, .T. ) ;
#4008 = CARTESIAN_POINT ( 'NONE',  ( 7.400000000000000355, -12.05000000000000249, -1.600000000000000089 ) ) ;
#4009 = ORIENTED_EDGE ( 'NONE', *, *, #6468, .T. ) ;
#4010 = AXIS2_PLACEMENT_3D ( 'NONE', #1597, #3632, #6225 ) ;
#4011 = CARTESIAN_POINT ( 'NONE',  ( -44.99999999999999289, 29.66000000000000725, -13.90000000000000036 ) ) ;
#4012 = ORIENTED_EDGE ( 'NONE', *, *, #5246, .T. ) ;
#4013 = CARTESIAN_POINT ( 'NONE',  ( 45.00000000000000711, -26.00000000000002132, -15.50000000000000178 ) ) ;
#4014 = AXIS2_PLACEMENT_3D ( 'NONE', #1950, #6044, #3961 ) ;
#4015 = LINE ( 'NONE', #3573, #3159 ) ;
#4016 = ORIENTED_EDGE ( 'NONE', *, *, #5387, .F. ) ;
#4017 = LINE ( 'NONE', #1093, #1980 ) ;
#4018 = VERTEX_POINT ( 'NONE', #5848 ) ;
#4019 = VECTOR ( 'NONE', #3574, 1000.000000000000000 ) ;
#4020 = VECTOR ( 'NONE', #3169, 1000.000000000000000 ) ;
#4021 = DIRECTION ( 'NONE',  ( 1.000000000000000000, 0.000000000000000000, 0.000000000000000000 ) ) ;
#4022 = EDGE_LOOP ( 'NONE', ( #1848, #3474, #4370, #1571 ) ) ;
#4023 = DIRECTION ( 'NONE',  ( 0.000000000000000000, 0.000000000000000000, 1.000000000000000000 ) ) ;
#4024 = VECTOR ( 'NONE', #4239, 1000.000000000000000 ) ;
#4025 = ORIENTED_EDGE ( 'NONE', *, *, #2879, .F. ) ;
#4026 = CARTESIAN_POINT ( 'NONE',  ( -44.99999999999999289, -29.16000000000000014, -15.50000000000000178 ) ) ;
#4027 = EDGE_CURVE ( 'NONE', #6573, #1100, #3932, .T. ) ;
#4028 = ORIENTED_EDGE ( 'NONE', *, *, #230, .T. ) ;
#4029 = LINE ( 'NONE', #5224, #5364 ) ;
#4030 = AXIS2_PLACEMENT_3D ( 'NONE', #3500, #4978, #1023 ) ;
#4031 = EDGE_LOOP ( 'NONE', ( #4486, #5567, #6601, #3451 ) ) ;
#4032 = ORIENTED_EDGE ( 'NONE', *, *, #4256, .T. ) ;
#4033 = FACE_OUTER_BOUND ( 'NONE', #1562, .T. ) ;
#4034 = DIRECTION ( 'NONE',  ( -0.000000000000000000, -0.000000000000000000, 1.000000000000000000 ) ) ;
#4035 = FACE_OUTER_BOUND ( 'NONE', #159, .T. ) ;
#4036 = ORIENTED_EDGE ( 'NONE', *, *, #6090, .F. ) ;
#4037 = DIRECTION ( 'NONE',  ( 1.000000000000000000, 0.000000000000000000, -0.000000000000000000 ) ) ;
#4038 = DIRECTION ( 'NONE',  ( 1.000000000000000000, 0.000000000000000000, 0.000000000000000000 ) ) ;
#4039 = CARTESIAN_POINT ( 'NONE',  ( 0.000000000000000000, 0.000000000000000000, -4.200000000000000178 ) ) ;
#4040 = DIRECTION ( 'NONE',  ( -1.000000000000000000, 0.000000000000000000, 0.000000000000000000 ) ) ;
#4041 = EDGE_LOOP ( 'NONE', ( #1238, #5121, #6109, #2284 ) ) ;
#4042 = DIRECTION ( 'NONE',  ( -1.000000000000000000, 0.000000000000000000, -0.000000000000000000 ) ) ;
#4043 = VERTEX_POINT ( 'NONE', #822 ) ;
#4044 = FACE_OUTER_BOUND ( 'NONE', #2842, .T. ) ;
#4045 = PLANE ( 'NONE',  #5631 ) ;
#4046 = DIRECTION ( 'NONE',  ( 0.000000000000000000, -1.000000000000000000, 0.000000000000000000 ) ) ;
#4047 = ORIENTED_EDGE ( 'NONE', *, *, #3174, .T. ) ;
#4048 = DIRECTION ( 'NONE',  ( -1.000000000000000000, 0.000000000000000000, 0.000000000000000000 ) ) ;
#4049 = ADVANCED_FACE ( 'NONE', ( #1251 ), #1021, .T. ) ;
#4050 = ORIENTED_EDGE ( 'NONE', *, *, #2475, .F. ) ;
#4051 = CARTESIAN_POINT ( 'NONE',  ( -45.69999999999999574, -26.80000000000000426, -1.600000000000000089 ) ) ;
#4052 = VERTEX_POINT ( 'NONE', #6391 ) ;
#4053 = FACE_OUTER_BOUND ( 'NONE', #2970, .T. ) ;
#4054 = ORIENTED_EDGE ( 'NONE', *, *, #1276, .T. ) ;
#4055 = EDGE_CURVE ( 'NONE', #4043, #4254, #4434, .T. ) ;
#4056 = ORIENTED_EDGE ( 'NONE', *, *, #3183, .F. ) ;
#4057 = EDGE_LOOP ( 'NONE', ( #2056, #3995, #272, #4482 ) ) ;
#4058 = DIRECTION ( 'NONE',  ( 0.000000000000000000, 0.000000000000000000, 1.000000000000000000 ) ) ;
#4059 = CARTESIAN_POINT ( 'NONE',  ( -19.19999999999999574, -8.750000000000000000, -4.969999999999999751 ) ) ;
#4060 = LINE ( 'NONE', #6115, #1015 ) ;
#4061 = DIRECTION ( 'NONE',  ( -0.000000000000000000, -0.000000000000000000, 1.000000000000000000 ) ) ;
#4062 = ADVANCED_FACE ( 'NONE', ( #5881 ), #1782, .T. ) ;
#4063 = DIRECTION ( 'NONE',  ( 0.4999999999999999445, 0.000000000000000000, -0.8660254037844385966 ) ) ;
#4064 = DIRECTION ( 'NONE',  ( 0.7071067811865474617, -4.906538933386793298E-15, -0.7071067811865474617 ) ) ;
#4065 = LINE ( 'NONE', #6121, #459 ) ;
#4066 = CARTESIAN_POINT ( 'NONE',  ( 45.00000000000000000, 28.39999999999999858, -1.600000000000000755 ) ) ;
#4067 = VERTEX_POINT ( 'NONE', #6488 ) ;
#4068 = EDGE_CURVE ( 'NONE', #469, #1224, #4872, .T. ) ;
#4069 = CYLINDRICAL_SURFACE ( 'NONE', #6448, 0.9999999999999870104 ) ;
#4070 = ORIENTED_EDGE ( 'NONE', *, *, #6082, .T. ) ;
#4071 = EDGE_CURVE ( 'NONE', #5188, #3900, #719, .T. ) ;
#4072 =( GEOMETRIC_REPRESENTATION_CONTEXT ( 3 ) GLOBAL_UNCERTAINTY_ASSIGNED_CONTEXT ( ( #3079 ) ) GLOBAL_UNIT_ASSIGNED_CONTEXT ( ( #1694, #3230, #4144 ) ) REPRESENTATION_CONTEXT ( 'NONE', 'WORKASPACE' ) );
#4073 = DIRECTION ( 'NONE',  ( 0.000000000000000000, 0.000000000000000000, -1.000000000000000000 ) ) ;
#4074 = DIRECTION ( 'NONE',  ( 0.000000000000000000, 0.000000000000000000, 1.000000000000000000 ) ) ;
#4075 = CARTESIAN_POINT ( 'NONE',  ( -50.00000000000000000, -26.00000000000000355, -12.60000000000001741 ) ) ;
#4076 = VERTEX_POINT ( 'NONE', #290 ) ;
#4077 = EDGE_CURVE ( 'NONE', #6048, #8, #487, .T. ) ;
#4078 = CONICAL_SURFACE ( 'NONE', #3757, 3.659999999999989484, 0.7853981633974447263 ) ;
#4079 = EDGE_CURVE ( 'NONE', #5278, #5393, #1886, .T. ) ;
#4080 = CARTESIAN_POINT ( 'NONE',  ( 8.599999999999999645, -24.05000000000000071, -1.600000000000000089 ) ) ;
#4081 = AXIS2_PLACEMENT_3D ( 'NONE', #3877, #1332, #3912 ) ;
#4082 = AXIS2_PLACEMENT_3D ( 'NONE', #602, #2136, #6236 ) ;
#4083 = ORIENTED_EDGE ( 'NONE', *, *, #881, .T. ) ;
#4084 = LINE ( 'NONE', #4810, #4171 ) ;
#4085 = EDGE_LOOP ( 'NONE', ( #282, #2389, #20, #2488 ) ) ;
#4086 = VECTOR ( 'NONE', #6317, 1000.000000000000000 ) ;
#4087 = LINE ( 'NONE', #2071, #4189 ) ;
#4088 = VECTOR ( 'NONE', #2377, 1000.000000000000000 ) ;
#4089 = ORIENTED_EDGE ( 'NONE', *, *, #5873, .F. ) ;
#4090 = VECTOR ( 'NONE', #2054, 1000.000000000000000 ) ;
#4091 = DIRECTION ( 'NONE',  ( 1.000000000000000000, 0.000000000000000000, -0.000000000000000000 ) ) ;
#4092 = ORIENTED_EDGE ( 'NONE', *, *, #5440, .F. ) ;
#4093 = CARTESIAN_POINT ( 'NONE',  ( 44.29999999999999716, -14.00000000000000000, -16.39999999999999858 ) ) ;
#4094 = CARTESIAN_POINT ( 'NONE',  ( 45.00000000000000000, 28.99999999999999645, -2.000000000000000000 ) ) ;
#4095 = FACE_OUTER_BOUND ( 'NONE', #1901, .T. ) ;
#4096 = DIRECTION ( 'NONE',  ( -1.000000000000000000, 0.000000000000000000, 0.000000000000000000 ) ) ;
#4097 = CARTESIAN_POINT ( 'NONE',  ( -45.69999999999999574, -11.50000000000000000, -1.600000000000000089 ) ) ;
#4098 = CARTESIAN_POINT ( 'NONE',  ( -48.65999999999999659, -26.00000000000000355, -15.00000000000000178 ) ) ;
#4099 = DIRECTION ( 'NONE',  ( 1.000000000000000000, 0.000000000000000000, 0.000000000000000000 ) ) ;
#4100 = CARTESIAN_POINT ( 'NONE',  ( 26.00000000000001066, 5.999999999999991118, 0.000000000000000000 ) ) ;
#4101 = ORIENTED_EDGE ( 'NONE', *, *, #2062, .T. ) ;
#4102 = EDGE_CURVE ( 'NONE', #70, #3875, #1850, .T. ) ;
#4103 = AXIS2_PLACEMENT_3D ( 'NONE', #3435, #5894, #4846 ) ;
#4104 = FACE_OUTER_BOUND ( 'NONE', #1927, .T. ) ;
#4105 = ORIENTED_EDGE ( 'NONE', *, *, #2505, .F. ) ;
#4106 = FACE_OUTER_BOUND ( 'NONE', #4287, .T. ) ;
#4107 = DIRECTION ( 'NONE',  ( -1.000000000000000000, 0.000000000000000000, 0.000000000000000000 ) ) ;
#4108 = TOROIDAL_SURFACE ( 'NONE', #3791, 3.000000000000004441, 2.000000000000000000 ) ;
#4109 = CARTESIAN_POINT ( 'NONE',  ( -50.00000000000000000, -23.85000000000000142, -9.599999999999999645 ) ) ;
#4110 = ORIENTED_EDGE ( 'NONE', *, *, #436, .F. ) ;
#4111 = DIRECTION ( 'NONE',  ( 0.000000000000000000, 0.000000000000000000, 1.000000000000000000 ) ) ;
#4112 = VECTOR ( 'NONE', #4502, 1000.000000000000000 ) ;
#4113 = VECTOR ( 'NONE', #2881, 1000.000000000000000 ) ;
#4114 = ORIENTED_EDGE ( 'NONE', *, *, #2552, .F. ) ;
#4115 = ORIENTED_EDGE ( 'NONE', *, *, #4249, .T. ) ;
#4116 = DIRECTION ( 'NONE',  ( -0.000000000000000000, -0.000000000000000000, 1.000000000000000000 ) ) ;
#4117 = VECTOR ( 'NONE', #5392, 1000.000000000000000 ) ;
#4118 = VECTOR ( 'NONE', #5484, 1000.000000000000000 ) ;
#4119 = VECTOR ( 'NONE', #2571, 1000.000000000000000 ) ;
#4120 = ORIENTED_EDGE ( 'NONE', *, *, #665, .T. ) ;
#4121 = DIRECTION ( 'NONE',  ( 1.000000000000000000, 0.000000000000000000, 0.000000000000000000 ) ) ;
#4122 = VERTEX_POINT ( 'NONE', #2754 ) ;
#4123 = CARTESIAN_POINT ( 'NONE',  ( 37.35000000000000142, 20.05000000000000071, -4.200000000000000178 ) ) ;
#4124 = LINE ( 'NONE', #1074, #5586 ) ;
#4125 = CARTESIAN_POINT ( 'NONE',  ( -48.00000000000000000, -23.85000000000000142, -9.599999999999999645 ) ) ;
#4126 = DIRECTION ( 'NONE',  ( 0.000000000000000000, 0.000000000000000000, -1.000000000000000000 ) ) ;
#4127 = AXIS2_PLACEMENT_3D ( 'NONE', #3069, #530, #6527 ) ;
#4128 = PLANE ( 'NONE',  #179 ) ;
#4129 = ORIENTED_EDGE ( 'NONE', *, *, #5385, .F. ) ;
#4130 = FACE_OUTER_BOUND ( 'NONE', #5372, .T. ) ;
#4131 = DIRECTION ( 'NONE',  ( 1.000000000000000000, 0.000000000000000000, 0.000000000000000000 ) ) ;
#4132 = CARTESIAN_POINT ( 'NONE',  ( -41.83376043070340700, 25.28999999999999559, 0.000000000000000000 ) ) ;
#4133 = ORIENTED_EDGE ( 'NONE', *, *, #3876, .F. ) ;
#4134 = CARTESIAN_POINT ( 'NONE',  ( -48.00000000000000000, 17.08999999999999631, -6.070000000000000284 ) ) ;
#4135 = ORIENTED_EDGE ( 'NONE', *, *, #4989, .F. ) ;
#4136 = FACE_OUTER_BOUND ( 'NONE', #6452, .T. ) ;
#4137 = ADVANCED_FACE ( 'NONE', ( #3896 ), #5950, .T. ) ;
#4138 = CARTESIAN_POINT ( 'NONE',  ( 0.000000000000000000, -29.80000000000000071, 0.000000000000000000 ) ) ;
#4139 = DIRECTION ( 'NONE',  ( 0.000000000000000000, 1.000000000000000000, 0.000000000000000000 ) ) ;
#4140 = ORIENTED_EDGE ( 'NONE', *, *, #3174, .F. ) ;
#4141 = LINE ( 'NONE', #2131, #4940 ) ;
#4142 = DIRECTION ( 'NONE',  ( 0.000000000000000000, 0.000000000000000000, -1.000000000000000000 ) ) ;
#4143 = ORIENTED_EDGE ( 'NONE', *, *, #5348, .F. ) ;
#4144 =( NAMED_UNIT ( * ) SI_UNIT ( $, .STERADIAN. ) SOLID_ANGLE_UNIT ( ) );
#4145 = VERTEX_POINT ( 'NONE', #2247 ) ;
#4146 = DIRECTION ( 'NONE',  ( 0.000000000000000000, -1.000000000000000000, 0.000000000000000000 ) ) ;
#4147 = ADVANCED_FACE ( 'NONE', ( #3802, #852 ), #2886, .T. ) ;
#4148 = ORIENTED_EDGE ( 'NONE', *, *, #2874, .F. ) ;
#4149 = DIRECTION ( 'NONE',  ( -1.000000000000000000, 0.000000000000000000, 0.000000000000000000 ) ) ;
#4150 = ORIENTED_EDGE ( 'NONE', *, *, #5973, .F. ) ;
#4151 = CARTESIAN_POINT ( 'NONE',  ( 0.000000000000000000, 0.000000000000000000, -2.000000000000000000 ) ) ;
#4152 = EDGE_CURVE ( 'NONE', #4712, #6299, #1123, .T. ) ;
#4153 = LINE ( 'NONE', #6211, #377 ) ;
#4154 = ADVANCED_FACE ( 'NONE', ( #4597 ), #5033, .F. ) ;
#4155 = CARTESIAN_POINT ( 'NONE',  ( -46.80000000000000426, -21.20000000000000284, -3.750000000000000000 ) ) ;
#4156 = LINE ( 'NONE', #3693, #3166 ) ;
#4157 = ORIENTED_EDGE ( 'NONE', *, *, #575, .F. ) ;
#4158 = PLANE ( 'NONE',  #3144 ) ;
#4159 = CARTESIAN_POINT ( 'NONE',  ( -48.65999999999999659, 26.00000000000000355, -15.00000000000000178 ) ) ;
#4160 = LINE ( 'NONE', #3258, #281 ) ;
#4161 = ORIENTED_EDGE ( 'NONE', *, *, #101, .T. ) ;
#4162 = CARTESIAN_POINT ( 'NONE',  ( 44.99999999999999289, 29.16000000000000014, -15.50000000000000178 ) ) ;
#4163 = ADVANCED_FACE ( 'NONE', ( #3524 ), #2950, .F. ) ;
#4164 = CARTESIAN_POINT ( 'NONE',  ( -0.3100000000000255329, -6.033760430703404509, 0.000000000000000000 ) ) ;
#4165 = ORIENTED_EDGE ( 'NONE', *, *, #3171, .F. ) ;
#4166 = EDGE_CURVE ( 'NONE', #4964, #3083, #5069, .T. ) ;
#4167 = CARTESIAN_POINT ( 'NONE',  ( 7.400000000000000355, -24.05000000000000071, -1.600000000000000089 ) ) ;
#4168 = CARTESIAN_POINT ( 'NONE',  ( -44.99999999999999289, 29.66000000000000725, -15.50000000000000178 ) ) ;
#4169 = CARTESIAN_POINT ( 'NONE',  ( 37.75000000000000000, 3.149999999999999467, -2.000000000000000000 ) ) ;
#4170 = ORIENTED_EDGE ( 'NONE', *, *, #3502, .T. ) ;
#4171 = VECTOR ( 'NONE', #2106, 1000.000000000000000 ) ;
#4172 = DIRECTION ( 'NONE',  ( 1.000000000000000000, 0.000000000000000000, 0.000000000000000000 ) ) ;
#4173 = EDGE_CURVE ( 'NONE', #337, #5131, #1550, .T. ) ;
#4174 = ADVANCED_FACE ( 'NONE', ( #2454 ), #920, .T. ) ;
#4175 = CARTESIAN_POINT ( 'NONE',  ( -41.83376043070340700, 25.28999999999999559, 0.000000000000000000 ) ) ;
#4176 = VECTOR ( 'NONE', #671, 1000.000000000000000 ) ;
#4177 = ORIENTED_EDGE ( 'NONE', *, *, #2884, .F. ) ;
#4178 = ORIENTED_EDGE ( 'NONE', *, *, #2711, .T. ) ;
#4179 = DIRECTION ( 'NONE',  ( 0.000000000000000000, -0.000000000000000000, -1.000000000000000000 ) ) ;
#4180 = AXIS2_PLACEMENT_3D ( 'NONE', #4481, #861, #6429 ) ;
#4181 = EDGE_CURVE ( 'NONE', #5284, #5197, #1486, .T. ) ;
#4182 = ADVANCED_FACE ( 'NONE', ( #2980 ), #6011, .T. ) ;
#4183 = VECTOR ( 'NONE', #1460, 1000.000000000000114 ) ;
#4184 = ORIENTED_EDGE ( 'NONE', *, *, #403, .F. ) ;
#4185 = VECTOR ( 'NONE', #1255, 1000.000000000000000 ) ;
#4186 = DIRECTION ( 'NONE',  ( 0.000000000000000000, 0.000000000000000000, 1.000000000000000000 ) ) ;
#4187 = ORIENTED_EDGE ( 'NONE', *, *, #3750, .F. ) ;
#4188 = DIRECTION ( 'NONE',  ( 0.000000000000000000, 0.000000000000000000, 1.000000000000000000 ) ) ;
#4189 = VECTOR ( 'NONE', #3616, 1000.000000000000000 ) ;
#4190 = EDGE_CURVE ( 'NONE', #2138, #761, #415, .T. ) ;
#4191 = EDGE_CURVE ( 'NONE', #6268, #5441, #3054, .T. ) ;
#4192 = DIRECTION ( 'NONE',  ( 0.000000000000000000, -0.2982749931359470752, 0.9544799780350295970 ) ) ;
#4193 = LINE ( 'NONE', #3150, #5073 ) ;
#4194 = FACE_OUTER_BOUND ( 'NONE', #1088, .T. ) ;
#4195 = AXIS2_PLACEMENT_3D ( 'NONE', #2657, #5176, #4770 ) ;
#4197 = VERTEX_POINT ( 'NONE', #2045 ) ;
#4196 = EDGE_CURVE ( 'NONE', #2704, #1389, #4468, .T. ) ;
#4198 = CARTESIAN_POINT ( 'NONE',  ( -48.00000000000000000, -12.05000000000000249, -8.400000000000000355 ) ) ;
#4199 = LINE ( 'NONE', #5749, #2913 ) ;
#4200 = LINE ( 'NONE', #581, #1456 ) ;
#4201 = VERTEX_POINT ( 'NONE', #1917 ) ;
#4202 = DIRECTION ( 'NONE',  ( 0.000000000000000000, 0.000000000000000000, 1.000000000000000000 ) ) ;
#4203 = ADVANCED_FACE ( 'NONE', ( #6146 ), #482, .F. ) ;
#4204 = EDGE_LOOP ( 'NONE', ( #424, #6330, #4894, #4135 ) ) ;
#4205 = CARTESIAN_POINT ( 'NONE',  ( 37.75000000000000000, 18.85000000000000497, -1.600000000000000755 ) ) ;
#4206 = LINE ( 'NONE', #655, #2926 ) ;
#4207 = DIRECTION ( 'NONE',  ( 0.000000000000000000, 0.000000000000000000, 1.000000000000000000 ) ) ;
#4208 = VECTOR ( 'NONE', #5351, 1000.000000000000000 ) ;
#4209 = ORIENTED_EDGE ( 'NONE', *, *, #32, .F. ) ;
#4210 = CARTESIAN_POINT ( 'NONE',  ( 38.64498743710662154, 17.25000000000000000, -0.6999999999999998446 ) ) ;
#4211 = DIRECTION ( 'NONE',  ( -1.000000000000000000, 0.000000000000000000, 0.000000000000000000 ) ) ;
#4212 = VECTOR ( 'NONE', #4096, 1000.000000000000000 ) ;
#4213 = VECTOR ( 'NONE', #4207, 1000.000000000000000 ) ;
#4214 = ORIENTED_EDGE ( 'NONE', *, *, #1690, .F. ) ;
#4215 = VERTEX_POINT ( 'NONE', #5569 ) ;
#4216 = CYLINDRICAL_SURFACE ( 'NONE', #2698, 1.199999999999996181 ) ;
#4217 = PRODUCT_DEFINITION_CONTEXT ( 'detailed design', #1206, 'design' ) ;
#4218 = AXIS2_PLACEMENT_3D ( 'NONE', #1431, #4509, #3462 ) ;
#4219 = AXIS2_PLACEMENT_3D ( 'NONE', #3756, #573, #2717 ) ;
#4220 = EDGE_LOOP ( 'NONE', ( #2554, #1428, #6347, #3983 ) ) ;
#4221 = EDGE_CURVE ( 'NONE', #5869, #2939, #4971, .T. ) ;
#4222 = AXIS2_PLACEMENT_3D ( 'NONE', #980, #5607, #2017 ) ;
#4223 = CARTESIAN_POINT ( 'NONE',  ( 20.25000000000000000, 4.749999999999999112, -0.6999999999999999556 ) ) ;
#4224 = TOROIDAL_SURFACE ( 'NONE', #1981, 3.000000000000006217, 2.000000000000000000 ) ;
#4225 = EDGE_LOOP ( 'NONE', ( #1236, #5032, #1899, #2327, #4948, #3124 ) ) ;
#4226 = DIRECTION ( 'NONE',  ( -1.000000000000000000, 0.000000000000000000, 0.000000000000000000 ) ) ;
#4227 = PLANE ( 'NONE',  #3680 ) ;
#4228 = ADVANCED_FACE ( 'NONE', ( #2528 ), #5539, .T. ) ;
#4229 = CARTESIAN_POINT ( 'NONE',  ( -10.59999999999999964, -24.05000000000000071, -10.65000000000000391 ) ) ;
#4230 = VECTOR ( 'NONE', #43, 1000.000000000000000 ) ;
#4231 = AXIS2_PLACEMENT_3D ( 'NONE', #3806, #353, #257 ) ;
#4232 = CARTESIAN_POINT ( 'NONE',  ( 37.75000000000000000, 18.14498743710661444, -1.600000000000000089 ) ) ;
#4233 = ORIENTED_EDGE ( 'NONE', *, *, #2992, .T. ) ;
#4234 = DIRECTION ( 'NONE',  ( 0.000000000000000000, -1.000000000000000000, 0.000000000000000000 ) ) ;
#4235 = PLANE ( 'NONE',  #2386 ) ;
#4236 = DIRECTION ( 'NONE',  ( 0.000000000000000000, 0.000000000000000000, 1.000000000000000000 ) ) ;
#4237 = EDGE_LOOP ( 'NONE', ( #4547, #5600, #3941, #4433 ) ) ;
#4238 = VECTOR ( 'NONE', #5413, 1000.000000000000000 ) ;
#4239 = DIRECTION ( 'NONE',  ( 0.000000000000000000, 0.000000000000000000, -1.000000000000000000 ) ) ;
#4240 = CARTESIAN_POINT ( 'NONE',  ( -44.99999999999999289, -29.91000000000000014, -13.90000000000000036 ) ) ;
#4241 = CIRCLE ( 'NONE', #3598, 3.000000000000002665 ) ;
#4242 = ORIENTED_EDGE ( 'NONE', *, *, #138, .F. ) ;
#4243 = ADVANCED_FACE ( 'NONE', ( #4033 ), #4571, .T. ) ;
#4244 = DIRECTION ( 'NONE',  ( 1.000000000000000000, 0.000000000000000000, 0.000000000000000000 ) ) ;
#4245 = CIRCLE ( 'NONE', #507, 1.000000000000007772 ) ;
#4246 = DIRECTION ( 'NONE',  ( 0.000000000000000000, -0.000000000000000000, -1.000000000000000000 ) ) ;
#4247 = LINE ( 'NONE', #3306, #5613 ) ;
#4248 = EDGE_LOOP ( 'NONE', ( #4214, #3661, #600, #5204 ) ) ;
#4249 = EDGE_CURVE ( 'NONE', #3170, #5794, #6300, .T. ) ;
#4250 = FACE_OUTER_BOUND ( 'NONE', #1143, .T. ) ;
#4251 = CARTESIAN_POINT ( 'NONE',  ( 1.613760430703394144, -4.110000000000002984, -9.389466242107245178E-17 ) ) ;
#4252 = EDGE_LOOP ( 'NONE', ( #3628, #2672, #2090, #3051 ) ) ;
#4253 = CARTESIAN_POINT ( 'NONE',  ( -48.00000000000000000, -23.85000000000000142, -9.599999999999999645 ) ) ;
#4254 = VERTEX_POINT ( 'NONE', #4748 ) ;
#4255 = DIRECTION ( 'NONE',  ( -1.000000000000000000, 0.000000000000000000, 0.000000000000000000 ) ) ;
#4256 = EDGE_CURVE ( 'NONE', #413, #2905, #2772, .T. ) ;
#4257 = VERTEX_POINT ( 'NONE', #5829 ) ;
#4258 = LINE ( 'NONE', #4793, #3427 ) ;
#4259 = EDGE_LOOP ( 'NONE', ( #2677, #5986, #658, #3495 ) ) ;
#4260 = DIRECTION ( 'NONE',  ( 1.000000000000000000, 0.000000000000000000, 0.000000000000000000 ) ) ;
#4261 = CARTESIAN_POINT ( 'NONE',  ( 48.15999999999998948, -26.00000000000000355, -15.50000000000000178 ) ) ;
#4262 = EDGE_CURVE ( 'NONE', #2848, #772, #701, .T. ) ;
#4263 = DIRECTION ( 'NONE',  ( 0.000000000000000000, 0.000000000000000000, 1.000000000000000000 ) ) ;
#4264 = EDGE_CURVE ( 'NONE', #4901, #1183, #1672, .T. ) ;
#4265 = FACE_OUTER_BOUND ( 'NONE', #510, .T. ) ;
#4266 = EDGE_LOOP ( 'NONE', ( #6043, #2412, #849, #1004, #4386, #5311 ) ) ;
#4267 = DIRECTION ( 'NONE',  ( 0.000000000000000000, 0.000000000000000000, 1.000000000000000000 ) ) ;
#4268 = FACE_OUTER_BOUND ( 'NONE', #2695, .T. ) ;
#4269 = DIRECTION ( 'NONE',  ( 0.000000000000000000, -0.000000000000000000, -1.000000000000000000 ) ) ;
#4270 = VERTEX_POINT ( 'NONE', #5323 ) ;
#4271 = DIRECTION ( 'NONE',  ( -0.000000000000000000, -0.000000000000000000, -1.000000000000000000 ) ) ;
#4272 = LINE ( 'NONE', #5754, #5910 ) ;
#4273 = ORIENTED_EDGE ( 'NONE', *, *, #747, .F. ) ;
#4274 = DIRECTION ( 'NONE',  ( -1.000000000000000000, -0.000000000000000000, -0.000000000000000000 ) ) ;
#4275 = CARTESIAN_POINT ( 'NONE',  ( 37.75000000000000000, 17.25000000000000000, -0.6999999999999999556 ) ) ;
#4276 = SURFACE_SIDE_STYLE ('',( #3582 ) ) ;
#4277 = EDGE_CURVE ( 'NONE', #4452, #6048, #2808, .T. ) ;
#4278 = LINE ( 'NONE', #5725, #5937 ) ;
#4279 = ORIENTED_EDGE ( 'NONE', *, *, #2711, .F. ) ;
#4280 = EDGE_CURVE ( 'NONE', #1962, #5284, #810, .T. ) ;
#4281 = DIRECTION ( 'NONE',  ( 1.000000000000000000, -0.000000000000000000, -0.000000000000000000 ) ) ;
#4282 = LINE ( 'NONE', #5225, #678 ) ;
#4283 = ADVANCED_FACE ( 'NONE', ( #1766 ), #5255, .F. ) ;
#4284 = ORIENTED_EDGE ( 'NONE', *, *, #1408, .F. ) ;
#4285 = VECTOR ( 'NONE', #1806, 1000.000000000000000 ) ;
#4286 = DIRECTION ( 'NONE',  ( 0.000000000000000000, 1.000000000000000000, 0.000000000000000000 ) ) ;
#4287 = EDGE_LOOP ( 'NONE', ( #6546, #2715, #4157, #732 ) ) ;
#4288 = EDGE_CURVE ( 'NONE', #582, #2632, #1200, .T. ) ;
#4289 = FACE_OUTER_BOUND ( 'NONE', #3407, .T. ) ;
#4290 = EDGE_CURVE ( 'NONE', #1684, #3687, #3717, .T. ) ;
#4291 = VECTOR ( 'NONE', #5870, 1000.000000000000000 ) ;
#4292 = ORIENTED_EDGE ( 'NONE', *, *, #2380, .F. ) ;
#4293 = CARTESIAN_POINT ( 'NONE',  ( 48.65999999999999659, 26.00000000000000355, -13.90000000000000036 ) ) ;
#4294 = ORIENTED_EDGE ( 'NONE', *, *, #3554, .T. ) ;
#4295 = AXIS2_PLACEMENT_3D ( 'NONE', #427, #3467, #6467 ) ;
#4296 = FACE_BOUND ( 'NONE', #3992, .T. ) ;
#4297 = CARTESIAN_POINT ( 'NONE',  ( -50.00000000000000000, -23.84999999999999787, -3.600000000000005862 ) ) ;
#4298 = VECTOR ( 'NONE', #5444, 1000.000000000000000 ) ;
#4299 = DIRECTION ( 'NONE',  ( 0.000000000000000000, 0.000000000000000000, 1.000000000000000000 ) ) ;
#4300 = DIRECTION ( 'NONE',  ( 0.000000000000000000, 0.7071067811865451302, -0.7071067811865500152 ) ) ;
#4301 = ORIENTED_EDGE ( 'NONE', *, *, #1881, .F. ) ;
#4302 = CIRCLE ( 'NONE', #3981, 3.000000000000002665 ) ;
#4303 = ORIENTED_EDGE ( 'NONE', *, *, #4906, .T. ) ;
#4304 = CARTESIAN_POINT ( 'NONE',  ( -20.69999999999999574, -11.50000000000000000, -3.169999999999999929 ) ) ;
#4305 = CARTESIAN_POINT ( 'NONE',  ( -45.00000000000000711, -26.00000000000002132, -15.50000000000000178 ) ) ;
#4306 = CLOSED_SHELL ( 'NONE', ( #5595, #5179, #5911, #6336, #593, #2974, #5549, #6089, #5744, #4283, #443, #2810, #3286, #3238, #5668, #171, #2812, #1003, #4365, #5147, #1364, #3587, #5266, #2496, #3247, #6283, #4485, #4174, #2524, #2582, #4779, #4554, #2592, #662, #5868, #1001, #4564, #3291, #3038, #4049, #6259, #3056, #1785, #3800, #3715, #3380, #240, #4147, #1323, #4767, #6638, #6166, #3563, #2562, #4728, #6335, #3978, #3114, #5799, #4413, #927, #95, #5852, #2110, #5327, #717, #2087, #26, #5679, #1414, #3958, #728, #1628, #1213, #5874, #4892, #211, #1795, #1902, #2775, #3565, #4062, #631, #3280, #6282, #6466, #227, #4228, #6617, #4944, #6185, #3177, #4137, #5236, #3408, #3733, #5394, #4640, #6095, #5183, #1792, #4243, #5101, #477, #1089, #3612, #4871, #4723, #5644, #2802, #792, #5480, #601, #5190, #5623, #3779, #4395, #3707, #309, #6356, #6172, #1643, #3461, #6142, #1177, #2403, #6298, #5669, #1156, #426, #3902, #6570, #807, #1983, #3460, #2719, #2968, #2608, #2070, #6041, #2133, #5662, #733, #3784, #3301, #1814, #3443, #3048, #2767, #3207, #2307, #2026, #5705, #918, #5969, #4739, #4487, #3539, #4163, #2362, #5094, #4926, #3091, #1430, #222, #4856, #6449, #3694, #1803, #4751, #2266, #4005, #5681, #3236, #3943, #4367, #22, #3994, #2295, #4203, #1189, #5064, #3794, #4154, #1133, #2194, #3665, #2634, #1039, #2216, #6555, #2109, #4430, #1906, #85, #4848, #3771, #4182, #3858, #2833, #5156, #4960, #4499, #3260, #1727, #6246, #6329, #3580, #619, #1287, #3090, #2611, #1080, #3452, #1400, #3002, #5358 ) ) ;
#4307 = DIRECTION ( 'NONE',  ( 1.000000000000000000, 0.000000000000000000, 0.000000000000000000 ) ) ;
#4308 = ORIENTED_EDGE ( 'NONE', *, *, #6267, .F. ) ;
#4309 = CARTESIAN_POINT ( 'NONE',  ( -20.69999999999999574, -11.50000000000000000, -1.600000000000000755 ) ) ;
#4310 = FACE_OUTER_BOUND ( 'NONE', #4399, .T. ) ;
#4311 = ORIENTED_EDGE ( 'NONE', *, *, #124, .T. ) ;
#4312 = AXIS2_PLACEMENT_3D ( 'NONE', #4981, #3873, #3335 ) ;
#4313 = CARTESIAN_POINT ( 'NONE',  ( 41.99999999999999289, -30.60000000000000142, -13.00000000000000178 ) ) ;
#4314 = LINE ( 'NONE', #4168, #4439 ) ;
#4315 = CARTESIAN_POINT ( 'NONE',  ( -48.00000000000000000, -23.85000000000000142, -2.399999999999999467 ) ) ;
#4316 = EDGE_CURVE ( 'NONE', #2723, #2978, #6407, .T. ) ;
#4317 = LINE ( 'NONE', #6359, #4020 ) ;
#4318 = VERTEX_POINT ( 'NONE', #165 ) ;
#4319 = LINE ( 'NONE', #1796, #978 ) ;
#4320 = CARTESIAN_POINT ( 'NONE',  ( 20.25000000000000000, 3.855012562893380235, -0.6999999999999998446 ) ) ;
#4321 = ORIENTED_EDGE ( 'NONE', *, *, #704, .T. ) ;
#4322 = CARTESIAN_POINT ( 'NONE',  ( 13.00000000000000178, 27.19999999999999574, -15.10000000000000142 ) ) ;
#4323 = ORIENTED_EDGE ( 'NONE', *, *, #4102, .F. ) ;
#4324 = DIRECTION ( 'NONE',  ( 0.000000000000000000, 0.7071067811865495711, 0.7071067811865455743 ) ) ;
#4325 = AXIS2_PLACEMENT_3D ( 'NONE', #6363, #1831, #1761 ) ;
#4326 = VERTEX_POINT ( 'NONE', #4817 ) ;
#4327 = LINE ( 'NONE', #4859, #4816 ) ;
#4328 = VERTEX_POINT ( 'NONE', #3821 ) ;
#4329 = DIRECTION ( 'NONE',  ( 0.000000000000000000, 1.000000000000000000, 0.000000000000000000 ) ) ;
#4330 = VECTOR ( 'NONE', #3024, 1000.000000000000000 ) ;
#4331 = CARTESIAN_POINT ( 'NONE',  ( -47.39999999999999858, -15.90000000000000391, -3.750000000000000000 ) ) ;
#4332 = DIRECTION ( 'NONE',  ( 0.000000000000000000, 0.000000000000000000, 1.000000000000000000 ) ) ;
#4333 = DIRECTION ( 'NONE',  ( 0.000000000000000000, 0.000000000000000000, 1.000000000000000000 ) ) ;
#4334 = AXIS2_PLACEMENT_3D ( 'NONE', #6594, #3601, #4038 ) ;
#4335 = CIRCLE ( 'NONE', #1124, 1.199999999999996181 ) ;
#4336 = EDGE_LOOP ( 'NONE', ( #1266, #4209, #6107, #765 ) ) ;
#4337 = VERTEX_POINT ( 'NONE', #1048 ) ;
#4338 = FACE_OUTER_BOUND ( 'NONE', #1638, .T. ) ;
#4339 = LINE ( 'NONE', #3834, #4298 ) ;
#4340 = DIRECTION ( 'NONE',  ( 1.000000000000000000, 0.000000000000000000, 0.000000000000000000 ) ) ;
#4341 = DIRECTION ( 'NONE',  ( 0.000000000000000000, 0.000000000000000000, 1.000000000000000000 ) ) ;
#4342 = AXIS2_PLACEMENT_3D ( 'NONE', #3848, #4387, #3344 ) ;
#4343 = AXIS2_PLACEMENT_3D ( 'NONE', #4169, #4740, #158 ) ;
#4344 = ORIENTED_EDGE ( 'NONE', *, *, #6468, .F. ) ;
#4345 = CARTESIAN_POINT ( 'NONE',  ( 32.00000000000000000, 6.699999999999986855, -0.6999999999999998446 ) ) ;
#4346 = VECTOR ( 'NONE', #3864, 1000.000000000000000 ) ;
#4347 = LINE ( 'NONE', #6495, #3248 ) ;
#4348 = CARTESIAN_POINT ( 'NONE',  ( -48.00000000000000000, 17.08999999999999631, -10.86999999999999744 ) ) ;
#4349 = DIRECTION ( 'NONE',  ( 0.000000000000000000, -1.000000000000000000, 0.000000000000000000 ) ) ;
#4350 = ORIENTED_EDGE ( 'NONE', *, *, #6493, .T. ) ;
#4351 = AXIS2_PLACEMENT_3D ( 'NONE', #4674, #84, #2224 ) ;
#4352 = DIRECTION ( 'NONE',  ( 0.000000000000000000, -1.000000000000000000, -0.000000000000000000 ) ) ;
#4353 = LINE ( 'NONE', #3944, #3134 ) ;
#4354 = VECTOR ( 'NONE', #4765, 1000.000000000000000 ) ;
#4355 = VERTEX_POINT ( 'NONE', #2205 ) ;
#4356 = EDGE_LOOP ( 'NONE', ( #1941, #3847, #5770, #1047 ) ) ;
#4357 = FACE_OUTER_BOUND ( 'NONE', #3610, .T. ) ;
#4358 = ORIENTED_EDGE ( 'NONE', *, *, #3032, .T. ) ;
#4359 = LINE ( 'NONE', #1303, #349 ) ;
#4360 = EDGE_CURVE ( 'NONE', #5400, #4630, #1166, .T. ) ;
#4361 = VERTEX_POINT ( 'NONE', #4322 ) ;
#4362 = DIRECTION ( 'NONE',  ( 0.000000000000000000, 1.000000000000000000, 0.000000000000000000 ) ) ;
#4363 = ORIENTED_EDGE ( 'NONE', *, *, #4071, .T. ) ;
#4364 = LINE ( 'NONE', #5401, #5481 ) ;
#4365 = ADVANCED_FACE ( 'NONE', ( #6368 ), #5865, .T. ) ;
#4366 = DIRECTION ( 'NONE',  ( 0.000000000000000000, 0.000000000000000000, 1.000000000000000000 ) ) ;
#4367 = ADVANCED_FACE ( 'NONE', ( #4357 ), #3746, .F. ) ;
#4368 = CARTESIAN_POINT ( 'NONE',  ( -47.39999999999999858, -26.00000000000000355, -1.600000000000000755 ) ) ;
#4370 = ORIENTED_EDGE ( 'NONE', *, *, #3493, .T. ) ;
#4369 = EDGE_CURVE ( 'NONE', #1315, #5505, #768, .T. ) ;
#4371 = CARTESIAN_POINT ( 'NONE',  ( 48.65999999999999659, 26.00000000000000355, -15.00000000000000178 ) ) ;
#4372 = CARTESIAN_POINT ( 'NONE',  ( -45.69999999999999574, -11.50000000000000000, -3.169999999999999929 ) ) ;
#4373 = LINE ( 'NONE', #1852, #3268 ) ;
#4374 = EDGE_CURVE ( 'NONE', #1402, #39, #5835, .T. ) ;
#4375 = CARTESIAN_POINT ( 'NONE',  ( 20.25000000000000000, 17.25000000000000000, -2.000000000000000000 ) ) ;
#4376 = ORIENTED_EDGE ( 'NONE', *, *, #1931, .F. ) ;
#4377 = CARTESIAN_POINT ( 'NONE',  ( -45.00000000000000711, -26.00000000000002132, -15.50000000000000178 ) ) ;
#4378 = LINE ( 'NONE', #2433, #1546 ) ;
#4379 = LINE ( 'NONE', #1825, #4838 ) ;
#4380 = CARTESIAN_POINT ( 'NONE',  ( -41.83376043070340700, -4.110000000000002984, 0.000000000000000000 ) ) ;
#4381 = ORIENTED_EDGE ( 'NONE', *, *, #4288, .T. ) ;
#4382 = EDGE_CURVE ( 'NONE', #722, #5503, #3204, .T. ) ;
#4383 = DIRECTION ( 'NONE',  ( -1.000000000000000000, 0.000000000000000000, 0.000000000000000000 ) ) ;
#4384 = CARTESIAN_POINT ( 'NONE',  ( -0.3100000000000116551, -5.110000000000002984, -1.600000000000000755 ) ) ;
#4385 = ORIENTED_EDGE ( 'NONE', *, *, #235, .T. ) ;
#4386 = ORIENTED_EDGE ( 'NONE', *, *, #4691, .T. ) ;
#4387 = DIRECTION ( 'NONE',  ( 0.000000000000000000, 0.000000000000000000, 1.000000000000000000 ) ) ;
#4388 = EDGE_LOOP ( 'NONE', ( #3822, #2255, #2426, #2447 ) ) ;
#4389 = CARTESIAN_POINT ( 'NONE',  ( 37.65000000000000568, 17.14999999999999858, -0.6999999999999998446 ) ) ;
#4390 = EDGE_CURVE ( 'NONE', #2866, #863, #3982, .T. ) ;
#4391 = ORIENTED_EDGE ( 'NONE', *, *, #5057, .T. ) ;
#4392 = DIRECTION ( 'NONE',  ( 0.000000000000000000, 0.000000000000000000, 1.000000000000000000 ) ) ;
#4393 = ORIENTED_EDGE ( 'NONE', *, *, #2553, .T. ) ;
#4394 = CARTESIAN_POINT ( 'NONE',  ( -45.69999999999999574, -25.60000000000000142, -3.169999999999999929 ) ) ;
#4395 = ADVANCED_FACE ( 'NONE', ( #901 ), #5430, .T. ) ;
#4396 = EDGE_CURVE ( 'NONE', #3918, #1882, #1763, .T. ) ;
#4397 = CARTESIAN_POINT ( 'NONE',  ( 45.00000000000000000, -28.99999999999999645, 0.000000000000000000 ) ) ;
#4398 = CARTESIAN_POINT ( 'NONE',  ( 2.499999999999997335, -3.920000000000005258, -7.500000000000000888 ) ) ;
#4399 = EDGE_LOOP ( 'NONE', ( #3347, #166, #5031, #4590 ) ) ;
#4400 = CARTESIAN_POINT ( 'NONE',  ( 0.6899999999999892886, -26.00000000000001066, -1.600000000000000755 ) ) ;
#4401 = DIRECTION ( 'NONE',  ( 0.000000000000000000, 1.000000000000000000, -0.000000000000000000 ) ) ;
#4402 = AXIS2_PLACEMENT_3D ( 'NONE', #2329, #352, #2755 ) ;
#4403 = LINE ( 'NONE', #3835, #1663 ) ;
#4404 = DIRECTION ( 'NONE',  ( 1.000000000000000000, 0.000000000000000000, 0.000000000000000000 ) ) ;
#4405 = EDGE_CURVE ( 'NONE', #5353, #2306, #802, .T. ) ;
#4406 = VECTOR ( 'NONE', #4415, 1000.000000000000000 ) ;
#4407 = ORIENTED_EDGE ( 'NONE', *, *, #2475, .T. ) ;
#4408 = CARTESIAN_POINT ( 'NONE',  ( 45.00000000000000711, 26.00000000000001066, -1.600000000000000755 ) ) ;
#4409 = CARTESIAN_POINT ( 'NONE',  ( 22.60000000000000142, -12.05000000000000249, -10.65000000000000391 ) ) ;
#4410 = CYLINDRICAL_SURFACE ( 'NONE', #669, 2.250000000000000444 ) ;
#4411 = DIRECTION ( 'NONE',  ( 0.000000000000000000, 0.000000000000000000, -1.000000000000000000 ) ) ;
#4412 = ORIENTED_EDGE ( 'NONE', *, *, #712, .F. ) ;
#4413 = ADVANCED_FACE ( 'NONE', ( #1404 ), #2965, .T. ) ;
#4414 = CONICAL_SURFACE ( 'NONE', #3226, 3.659999999999989484, 0.7853981633974447263 ) ;
#4415 = DIRECTION ( 'NONE',  ( 0.000000000000000000, 0.000000000000000000, 1.000000000000000000 ) ) ;
#4416 = DIRECTION ( 'NONE',  ( 0.000000000000000000, -1.000000000000000000, 0.000000000000000000 ) ) ;
#4417 = VERTEX_POINT ( 'NONE', #5932 ) ;
#4418 = AXIS2_PLACEMENT_3D ( 'NONE', #1152, #3659, #5239 ) ;
#4419 = ORIENTED_EDGE ( 'NONE', *, *, #3939, .T. ) ;
#4420 = CARTESIAN_POINT ( 'NONE',  ( 22.60000000000000142, -24.05000000000000071, -10.65000000000000391 ) ) ;
#4421 = EDGE_LOOP ( 'NONE', ( #6551, #6511, #3200, #4733 ) ) ;
#4422 = FACE_OUTER_BOUND ( 'NONE', #5334, .T. ) ;
#4423 = ORIENTED_EDGE ( 'NONE', *, *, #801, .F. ) ;
#4424 = DIRECTION ( 'NONE',  ( 1.000000000000000000, 0.000000000000000000, 0.000000000000000000 ) ) ;
#4425 = EDGE_LOOP ( 'NONE', ( #4718, #2366, #2309, #2845 ) ) ;
#4426 = FACE_OUTER_BOUND ( 'NONE', #3393, .T. ) ;
#4427 = ORIENTED_EDGE ( 'NONE', *, *, #2861, .T. ) ;
#4428 = VECTOR ( 'NONE', #6202, 1000.000000000000000 ) ;
#4429 = CARTESIAN_POINT ( 'NONE',  ( -19.19999999999999574, -27.35000000000000142, -1.600000000000000089 ) ) ;
#4430 = ADVANCED_FACE ( 'NONE', ( #5458 ), #3381, .T. ) ;
#4431 = AXIS2_PLACEMENT_3D ( 'NONE', #2351, #5808, #3892 ) ;
#4432 = ORIENTED_EDGE ( 'NONE', *, *, #2782, .T. ) ;
#4433 = ORIENTED_EDGE ( 'NONE', *, *, #989, .F. ) ;
#4434 = LINE ( 'NONE', #4400, #3908 ) ;
#4435 = DIRECTION ( 'NONE',  ( 0.000000000000000000, 0.000000000000000000, 1.000000000000000000 ) ) ;
#4436 = EDGE_CURVE ( 'NONE', #2753, #5497, #1869, .T. ) ;
#4437 = DIRECTION ( 'NONE',  ( -1.000000000000000000, 0.000000000000000000, 0.000000000000000000 ) ) ;
#4438 = ORIENTED_EDGE ( 'NONE', *, *, #6593, .T. ) ;
#4439 = VECTOR ( 'NONE', #156, 1000.000000000000000 ) ;
#4440 = VECTOR ( 'NONE', #5875, 1000.000000000000000 ) ;
#4441 = LINE ( 'NONE', #6494, #1470 ) ;
#4442 = DIRECTION ( 'NONE',  ( 1.000000000000000000, 0.000000000000000000, 0.000000000000000000 ) ) ;
#4443 = DIRECTION ( 'NONE',  ( 0.000000000000000000, 0.000000000000000000, 1.000000000000000000 ) ) ;
#4444 = FACE_OUTER_BOUND ( 'NONE', #1510, .T. ) ;
#4445 = EDGE_LOOP ( 'NONE', ( #2637, #4818, #1904, #2229 ) ) ;
#4446 = AXIS2_PLACEMENT_3D ( 'NONE', #5580, #6558, #2597 ) ;
#4447 = EDGE_CURVE ( 'NONE', #6450, #4984, #5525, .T. ) ;
#4448 = LINE ( 'NONE', #1897, #5471 ) ;
#4449 = DIRECTION ( 'NONE',  ( 1.000000000000000000, 0.000000000000000000, 0.000000000000000000 ) ) ;
#4450 = VECTOR ( 'NONE', #5659, 1000.000000000000000 ) ;
#4451 = VECTOR ( 'NONE', #1184, 1000.000000000000000 ) ;
#4452 = VERTEX_POINT ( 'NONE', #2342 ) ;
#4453 = VERTEX_POINT ( 'NONE', #2442 ) ;
#4454 = FACE_OUTER_BOUND ( 'NONE', #3317, .T. ) ;
#4455 = ORIENTED_EDGE ( 'NONE', *, *, #4249, .F. ) ;
#4456 = EDGE_CURVE ( 'NONE', #740, #337, #3410, .T. ) ;
#4457 = DIRECTION ( 'NONE',  ( -0.000000000000000000, 0.000000000000000000, 1.000000000000000000 ) ) ;
#4458 = EDGE_CURVE ( 'NONE', #5864, #3910, #3049, .T. ) ;
#4459 = ORIENTED_EDGE ( 'NONE', *, *, #1496, .F. ) ;
#4460 = DIRECTION ( 'NONE',  ( 0.000000000000000000, 0.000000000000000000, -1.000000000000000000 ) ) ;
#4461 = VERTEX_POINT ( 'NONE', #1800 ) ;
#4462 = CARTESIAN_POINT ( 'NONE',  ( -50.00000000000000000, 17.08999999999999631, -10.86999999999999744 ) ) ;
#4463 = EDGE_CURVE ( 'NONE', #2332, #3465, #4956, .T. ) ;
#4464 = ORIENTED_EDGE ( 'NONE', *, *, #6132, .T. ) ;
#4465 = CARTESIAN_POINT ( 'NONE',  ( 31.99999999999999289, 12.99999999999999289, 0.000000000000000000 ) ) ;
#4466 = ORIENTED_EDGE ( 'NONE', *, *, #3081, .F. ) ;
#4467 = ORIENTED_EDGE ( 'NONE', *, *, #4893, .F. ) ;
#4468 = LINE ( 'NONE', #6547, #1452 ) ;
#4469 = LINE ( 'NONE', #3620, #1188 ) ;
#4470 = CARTESIAN_POINT ( 'NONE',  ( -47.39999999999999858, 7.739999999999996660, -8.470000000000000639 ) ) ;
#4471 = EDGE_CURVE ( 'NONE', #2848, #1302, #433, .T. ) ;
#4472 = EDGE_CURVE ( 'NONE', #1595, #70, #2844, .T. ) ;
#4473 = ORIENTED_EDGE ( 'NONE', *, *, #2461, .T. ) ;
#4474 = CARTESIAN_POINT ( 'NONE',  ( 8.599999999999999645, -12.05000000000000249, -1.600000000000000089 ) ) ;
#4475 = CARTESIAN_POINT ( 'NONE',  ( -48.65999999999999659, 26.00000000000000355, -13.00000000000000178 ) ) ;
#4476 = CARTESIAN_POINT ( 'NONE',  ( -45.00000000000000000, -29.00000000000000000, 0.000000000000000000 ) ) ;
#4477 = FACE_OUTER_BOUND ( 'NONE', #613, .T. ) ;
#4478 = ORIENTED_EDGE ( 'NONE', *, *, #4857, .T. ) ;
#4479 = EDGE_CURVE ( 'NONE', #2306, #1345, #1836, .T. ) ;
#4480 = EDGE_CURVE ( 'NONE', #4318, #5940, #5090, .T. ) ;
#4481 = CARTESIAN_POINT ( 'NONE',  ( -48.00000000000000000, -25.99999999999999645, -2.000000000000000000 ) ) ;
#4482 = ORIENTED_EDGE ( 'NONE', *, *, #6101, .T. ) ;
#4483 = LINE ( 'NONE', #6062, #2740 ) ;
#4484 = ORIENTED_EDGE ( 'NONE', *, *, #3509, .T. ) ;
#4485 = ADVANCED_FACE ( 'NONE', ( #4454 ), #6504, .F. ) ;
#4486 = ORIENTED_EDGE ( 'NONE', *, *, #6098, .T. ) ;
#4487 = ADVANCED_FACE ( 'NONE', ( #2934 ), #4995, .T. ) ;
#4488 = DIRECTION ( 'NONE',  ( 0.000000000000000000, 0.000000000000000000, -1.000000000000000000 ) ) ;
#4489 = ORIENTED_EDGE ( 'NONE', *, *, #2984, .F. ) ;
#4490 = LINE ( 'NONE', #6532, #3903 ) ;
#4491 = EDGE_CURVE ( 'NONE', #780, #1380, #1502, .T. ) ;
#4492 = EDGE_CURVE ( 'NONE', #3900, #134, #3151, .T. ) ;
#4493 = ORIENTED_EDGE ( 'NONE', *, *, #1382, .T. ) ;
#4494 = LINE ( 'NONE', #6034, #3635 ) ;
#4495 = EDGE_LOOP ( 'NONE', ( #3349, #5524, #3205, #1121 ) ) ;
#4496 = DIRECTION ( 'NONE',  ( 0.000000000000000000, -1.000000000000000000, 0.000000000000000000 ) ) ;
#4497 = VERTEX_POINT ( 'NONE', #5088 ) ;
#4498 = CARTESIAN_POINT ( 'NONE',  ( -17.89999999999999503, -10.89999999999999858, -4.969999999999999751 ) ) ;
#4499 = ADVANCED_FACE ( 'NONE', ( #2572 ), #2605, .T. ) ;
#4500 = ORIENTED_EDGE ( 'NONE', *, *, #3161, .F. ) ;
#4501 = ORIENTED_EDGE ( 'NONE', *, *, #850, .T. ) ;
#4502 = DIRECTION ( 'NONE',  ( 0.000000000000000000, -1.000000000000000000, 0.000000000000000000 ) ) ;
#4503 = FACE_OUTER_BOUND ( 'NONE', #1434, .T. ) ;
#4504 = AXIS2_PLACEMENT_3D ( 'NONE', #2849, #4822, #246 ) ;
#4505 = PLANE ( 'NONE',  #1548 ) ;
#4506 = ORIENTED_EDGE ( 'NONE', *, *, #4456, .T. ) ;
#4507 = PLANE ( 'NONE',  #5427 ) ;
#4508 = VECTOR ( 'NONE', #4300, 1000.000000000000114 ) ;
#4509 = DIRECTION ( 'NONE',  ( -1.000000000000000000, 0.000000000000000000, 0.000000000000000000 ) ) ;
#4510 = DIRECTION ( 'NONE',  ( -1.000000000000000000, 0.000000000000000000, -0.000000000000000000 ) ) ;
#4511 = CARTESIAN_POINT ( 'NONE',  ( -19.19999999999999574, -9.750000000000000000, -4.969999999999999751 ) ) ;
#4512 = ORIENTED_EDGE ( 'NONE', *, *, #4480, .T. ) ;
#4513 = VECTOR ( 'NONE', #2101, 1000.000000000000000 ) ;
#4514 = FACE_OUTER_BOUND ( 'NONE', #6015, .T. ) ;
#4515 = VECTOR ( 'NONE', #6210, 1000.000000000000000 ) ;
#4516 = ORIENTED_EDGE ( 'NONE', *, *, #2006, .T. ) ;
#4517 = CARTESIAN_POINT ( 'NONE',  ( -45.69999999999999574, -26.80000000000000426, -3.169999999999999929 ) ) ;
#4518 = EDGE_CURVE ( 'NONE', #5284, #1451, #4642, .T. ) ;
#4519 = DIRECTION ( 'NONE',  ( 0.000000000000000000, 1.000000000000000000, 0.000000000000000000 ) ) ;
#4520 = ORIENTED_EDGE ( 'NONE', *, *, #209, .F. ) ;
#4521 = VECTOR ( 'NONE', #2482, 1000.000000000000000 ) ;
#4522 = DIRECTION ( 'NONE',  ( 0.000000000000000000, 0.000000000000000000, -1.000000000000000000 ) ) ;
#4523 = ORIENTED_EDGE ( 'NONE', *, *, #4458, .T. ) ;
#4524 = DIRECTION ( 'NONE',  ( -1.000000000000000000, 0.000000000000000000, 0.000000000000000000 ) ) ;
#4525 = VECTOR ( 'NONE', #690, 1000.000000000000000 ) ;
#4526 = ORIENTED_EDGE ( 'NONE', *, *, #2074, .F. ) ;
#4527 = DIRECTION ( 'NONE',  ( 1.000000000000000000, 0.000000000000000000, 0.000000000000000000 ) ) ;
#4528 = VERTEX_POINT ( 'NONE', #6606 ) ;
#4529 = CARTESIAN_POINT ( 'NONE',  ( -44.99999999999999289, -29.66000000000000369, -15.00000000000000178 ) ) ;
#4530 = ORIENTED_EDGE ( 'NONE', *, *, #2569, .F. ) ;
#4531 = LINE ( 'NONE', #3521, #5619 ) ;
#4532 = VERTEX_POINT ( 'NONE', #5152 ) ;
#4533 = AXIS2_PLACEMENT_3D ( 'NONE', #697, #661, #2202 ) ;
#4534 = EDGE_LOOP ( 'NONE', ( #6584, #2583, #537, #3404 ) ) ;
#4535 = CARTESIAN_POINT ( 'NONE',  ( 47.39999999999999858, -26.00000000000000355, -1.600000000000000755 ) ) ;
#4536 = DIRECTION ( 'NONE',  ( 0.000000000000000000, -0.7071067811865597852, 0.7071067811865352493 ) ) ;
#4537 = CARTESIAN_POINT ( 'NONE',  ( 18.64999999999999858, 4.749999999999999112, -2.000000000000000000 ) ) ;
#4538 = ORIENTED_EDGE ( 'NONE', *, *, #96, .T. ) ;
#4539 = VECTOR ( 'NONE', #5234, 1000.000000000000000 ) ;
#4540 = CARTESIAN_POINT ( 'NONE',  ( 18.64999999999999858, 18.85000000000000142, -2.000000000000000000 ) ) ;
#4541 = DIRECTION ( 'NONE',  ( -1.000000000000000000, -0.000000000000000000, -0.000000000000000000 ) ) ;
#4542 = LINE ( 'NONE', #3602, #5271 ) ;
#4543 = DIRECTION ( 'NONE',  ( 1.000000000000000000, 0.000000000000000000, 0.000000000000000000 ) ) ;
#4544 = ORIENTED_EDGE ( 'NONE', *, *, #6461, .F. ) ;
#4545 = VECTOR ( 'NONE', #2158, 1000.000000000000000 ) ;
#4546 = CARTESIAN_POINT ( 'NONE',  ( -43.19999999999999574, -9.750000000000000000, -1.600000000000000089 ) ) ;
#4547 = ORIENTED_EDGE ( 'NONE', *, *, #6052, .F. ) ;
#4548 = DIRECTION ( 'NONE',  ( 0.000000000000000000, 0.000000000000000000, 1.000000000000000000 ) ) ;
#4549 = CIRCLE ( 'NONE', #5086, 2.399999999999992362 ) ;
#4550 = LINE ( 'NONE', #2030, #5955 ) ;
#4551 = PRODUCT ( 'Front_Shell', 'Front_Shell', '', ( #2154 ) ) ;
#4552 = CARTESIAN_POINT ( 'NONE',  ( -47.39999999999999858, 26.00000000000000355, -15.50000000000000178 ) ) ;
#4553 = ORIENTED_EDGE ( 'NONE', *, *, #1294, .F. ) ;
#4554 = ADVANCED_FACE ( 'NONE', ( #6102 ), #5187, .T. ) ;
#4555 = AXIS2_PLACEMENT_3D ( 'NONE', #1703, #1265, #4852 ) ;
#4556 = AXIS2_PLACEMENT_3D ( 'NONE', #1784, #2357, #4340 ) ;
#4557 = CARTESIAN_POINT ( 'NONE',  ( 24.00000000000000000, 13.00000000000000178, -1.000000000000014433 ) ) ;
#4558 = ORIENTED_EDGE ( 'NONE', *, *, #575, .T. ) ;
#4559 = PLANE ( 'NONE',  #865 ) ;
#4560 = VECTOR ( 'NONE', #6394, 1000.000000000000000 ) ;
#4561 = ORIENTED_EDGE ( 'NONE', *, *, #1114, .T. ) ;
#4562 = DIRECTION ( 'NONE',  ( 0.000000000000000000, 0.000000000000000000, 1.000000000000000000 ) ) ;
#4563 = ORIENTED_EDGE ( 'NONE', *, *, #4577, .T. ) ;
#4564 = ADVANCED_FACE ( 'NONE', ( #5694 ), #2840, .T. ) ;
#4565 = VECTOR ( 'NONE', #3266, 1000.000000000000000 ) ;
#4566 = DIRECTION ( 'NONE',  ( 0.000000000000000000, 0.000000000000000000, -1.000000000000000000 ) ) ;
#4567 = VECTOR ( 'NONE', #5575, 1000.000000000000000 ) ;
#4568 = ORIENTED_EDGE ( 'NONE', *, *, #2882, .F. ) ;
#4569 = EDGE_CURVE ( 'NONE', #1315, #93, #3633, .T. ) ;
#4570 = ORIENTED_EDGE ( 'NONE', *, *, #3387, .F. ) ;
#4571 = PLANE ( 'NONE',  #5735 ) ;
#4572 = DIRECTION ( 'NONE',  ( -1.000000000000000000, 0.000000000000000000, 0.000000000000000000 ) ) ;
#4573 = EDGE_CURVE ( 'NONE', #948, #6573, #591, .T. ) ;
#4574 = PLANE ( 'NONE',  #3904 ) ;
#4575 = CYLINDRICAL_SURFACE ( 'NONE', #1009, 3.659999999999989484 ) ;
#4576 = DIRECTION ( 'NONE',  ( -1.734723475976805319E-15, -1.000000000000000000, 0.000000000000000000 ) ) ;
#4577 = EDGE_CURVE ( 'NONE', #388, #6303, #3541, .T. ) ;
#4578 = EDGE_CURVE ( 'NONE', #39, #6222, #3036, .T. ) ;
#4579 = DIRECTION ( 'NONE',  ( -0.000000000000000000, -0.000000000000000000, -1.000000000000000000 ) ) ;
#4580 = DIRECTION ( 'NONE',  ( 4.906538933386742811E-15, 0.7071067811865452413, 0.7071067811865497932 ) ) ;
#4581 = FACE_OUTER_BOUND ( 'NONE', #4237, .T. ) ;
#4582 = ORIENTED_EDGE ( 'NONE', *, *, #5661, .T. ) ;
#4583 = LINE ( 'NONE', #6160, #3432 ) ;
#4584 = ORIENTED_EDGE ( 'NONE', *, *, #3878, .T. ) ;
#4585 = CARTESIAN_POINT ( 'NONE',  ( -45.69999999999999574, -10.30000000000000071, -3.169999999999999929 ) ) ;
#4586 = LINE ( 'NONE', #5626, #496 ) ;
#4587 = LINE ( 'NONE', #2063, #705 ) ;
#4588 = ORIENTED_EDGE ( 'NONE', *, *, #2746, .T. ) ;
#4589 = CARTESIAN_POINT ( 'NONE',  ( 20.35000000000000497, 3.849999999999999645, -0.6999999999999998446 ) ) ;
#4590 = ORIENTED_EDGE ( 'NONE', *, *, #1701, .T. ) ;
#4591 = EDGE_LOOP ( 'NONE', ( #2776, #2679, #473, #6141 ) ) ;
#4592 = DIRECTION ( 'NONE',  ( 0.000000000000000000, 0.000000000000000000, 1.000000000000000000 ) ) ;
#4593 = ORIENTED_EDGE ( 'NONE', *, *, #1425, .T. ) ;
#4594 = EDGE_CURVE ( 'NONE', #842, #408, #966, .T. ) ;
#4595 = LINE ( 'NONE', #2043, #5039 ) ;
#4596 = ORIENTED_EDGE ( 'NONE', *, *, #5055, .F. ) ;
#4597 = FACE_OUTER_BOUND ( 'NONE', #2352, .T. ) ;
#4598 = CARTESIAN_POINT ( 'NONE',  ( -46.80000000000000426, 7.739999999999996660, -8.470000000000000639 ) ) ;
#4599 = CARTESIAN_POINT ( 'NONE',  ( 7.400000000000000355, -12.05000000000000249, -10.65000000000000391 ) ) ;
#4600 = CARTESIAN_POINT ( 'NONE',  ( -45.00000000000000000, 25.99999999999999289, -13.00000000000000178 ) ) ;
#4601 = CARTESIAN_POINT ( 'NONE',  ( 45.00000000000000000, 30.60000000000000142, -13.00000000000000178 ) ) ;
#4602 = FACE_OUTER_BOUND ( 'NONE', #4706, .T. ) ;
#4603 = LINE ( 'NONE', #1559, #3123 ) ;
#4604 = CARTESIAN_POINT ( 'NONE',  ( -48.15999999999999659, 26.00000000000000711, -15.50000000000000178 ) ) ;
#4605 = ORIENTED_EDGE ( 'NONE', *, *, #5603, .F. ) ;
#4606 = EDGE_CURVE ( 'NONE', #99, #979, #4017, .T. ) ;
#4607 = CARTESIAN_POINT ( 'NONE',  ( -45.00000000000000000, 25.99999999999999289, -2.000000000000000000 ) ) ;
#4608 = ORIENTED_EDGE ( 'NONE', *, *, #2353, .T. ) ;
#4609 = VECTOR ( 'NONE', #3517, 1000.000000000000000 ) ;
#4610 = CARTESIAN_POINT ( 'NONE',  ( 48.65999999999999659, -26.00000000000000355, -14.69999999999999929 ) ) ;
#4611 = CARTESIAN_POINT ( 'NONE',  ( -44.99999999999999289, -29.66000000000000369, -15.50000000000000178 ) ) ;
#4612 = AXIS2_PLACEMENT_3D ( 'NONE', #3742, #1232, #2302 ) ;
#4613 = CARTESIAN_POINT ( 'NONE',  ( 48.65999999999999659, -26.00000000000000355, -13.00000000000000178 ) ) ;
#4614 = VERTEX_POINT ( 'NONE', #2641 ) ;
#4615 = VECTOR ( 'NONE', #3327, 1000.000000000000000 ) ;
#4616 = CARTESIAN_POINT ( 'NONE',  ( 42.00000000000000000, -31.00000000000000000, -13.00000000000000178 ) ) ;
#4617 = VECTOR ( 'NONE', #1741, 1000.000000000000000 ) ;
#4618 = VERTEX_POINT ( 'NONE', #3071 ) ;
#4619 = EDGE_LOOP ( 'NONE', ( #4679, #2699, #6524, #1734 ) ) ;
#4620 = CARTESIAN_POINT ( 'NONE',  ( 45.00000000000000000, -25.99999999999999289, -13.00000000000000178 ) ) ;
#4621 = ORIENTED_EDGE ( 'NONE', *, *, #4975, .T. ) ;
#4622 = DIRECTION ( 'NONE',  ( -1.000000000000000000, 0.000000000000000000, 0.000000000000000000 ) ) ;
#4623 = ORIENTED_EDGE ( 'NONE', *, *, #716, .F. ) ;
#4624 = CARTESIAN_POINT ( 'NONE',  ( -45.00000000000000711, -26.00000000000001066, -1.600000000000000755 ) ) ;
#4625 = LINE ( 'NONE', #3688, #767 ) ;
#4626 = DIRECTION ( 'NONE',  ( 1.000000000000000000, 0.000000000000000000, -0.000000000000000000 ) ) ;
#4627 = CARTESIAN_POINT ( 'NONE',  ( 26.00000000000000355, 9.000000000000000000, -0.6999999999999998446 ) ) ;
#4628 = EDGE_CURVE ( 'NONE', #6010, #2268, #4587, .T. ) ;
#4629 = CARTESIAN_POINT ( 'NONE',  ( 20.25000000000000000, 3.855012562893380235, -1.599999999999999867 ) ) ;
#4630 = VERTEX_POINT ( 'NONE', #4109 ) ;
#4631 = CARTESIAN_POINT ( 'NONE',  ( 20.35000000000000497, 3.849999999999999645, -0.6999999999999998446 ) ) ;
#4632 = CARTESIAN_POINT ( 'NONE',  ( -48.00000000000000000, -13.25000000000000000, -9.599999999999999645 ) ) ;
#4633 = DIRECTION ( 'NONE',  ( 0.000000000000000000, 0.000000000000000000, 1.000000000000000000 ) ) ;
#4634 = VERTEX_POINT ( 'NONE', #6567 ) ;
#4635 = AXIS2_PLACEMENT_3D ( 'NONE', #6501, #1263, #2439 ) ;
#4636 = CARTESIAN_POINT ( 'NONE',  ( 2.499999999999997335, 27.09999999999999787, -7.500000000000000888 ) ) ;
#4637 = ORIENTED_EDGE ( 'NONE', *, *, #6345, .T. ) ;
#4638 = PLANE ( 'NONE',  #1464 ) ;
#4639 = DIRECTION ( 'NONE',  ( -1.000000000000000000, 0.000000000000000000, 0.000000000000000000 ) ) ;
#4640 = ADVANCED_FACE ( 'NONE', ( #6167 ), #2032, .T. ) ;
#4641 = AXIS2_PLACEMENT_3D ( 'NONE', #2893, #262, #6462 ) ;
#4642 = LINE ( 'NONE', #4075, #4019 ) ;
#4643 = VERTEX_POINT ( 'NONE', #1534 ) ;
#4644 = DIRECTION ( 'NONE',  ( -0.7071067811865452413, -3.679904200040057305E-15, -0.7071067811865497932 ) ) ;
#4645 = AXIS2_PLACEMENT_3D ( 'NONE', #4304, #4801, #1356 ) ;
#4646 = CIRCLE ( 'NONE', #4219, 3.659999999999996589 ) ;
#4647 = EDGE_CURVE ( 'NONE', #5284, #221, #504, .T. ) ;
#4648 = ORIENTED_EDGE ( 'NONE', *, *, #4881, .T. ) ;
#4649 = DIRECTION ( 'NONE',  ( -1.000000000000000000, 0.000000000000000000, 0.000000000000000000 ) ) ;
#4650 = ORIENTED_EDGE ( 'NONE', *, *, #1115, .F. ) ;
#4651 = EDGE_CURVE ( 'NONE', #5804, #6123, #1560, .T. ) ;
#4652 = CARTESIAN_POINT ( 'NONE',  ( 37.35000000000000142, 18.85000000000000142, -4.200000000000000178 ) ) ;
#4653 = VECTOR ( 'NONE', #4286, 1000.000000000000000 ) ;
#4654 = VECTOR ( 'NONE', #4349, 1000.000000000000000 ) ;
#4655 = AXIS2_PLACEMENT_3D ( 'NONE', #3034, #2003, #1533 ) ;
#4656 = ORIENTED_EDGE ( 'NONE', *, *, #4518, .F. ) ;
#4657 = EDGE_CURVE ( 'NONE', #1330, #1514, #3262, .T. ) ;
#4658 = DIRECTION ( 'NONE',  ( -1.803471418052320803E-15, -0.4999999999999999445, 0.8660254037844385966 ) ) ;
#4659 = VERTEX_POINT ( 'NONE', #5759 ) ;
#4660 = LINE ( 'NONE', #6147, #3644 ) ;
#4661 = EDGE_CURVE ( 'NONE', #5058, #1063, #3774, .T. ) ;
#4662 = PLANE ( 'NONE',  #2409 ) ;
#4663 = LINE ( 'NONE', #1553, #6476 ) ;
#4664 = AXIS2_PLACEMENT_3D ( 'NONE', #5622, #2029, #4073 ) ;
#4665 = DIRECTION ( 'NONE',  ( 0.000000000000000000, 0.000000000000000000, -1.000000000000000000 ) ) ;
#4666 = ORIENTED_EDGE ( 'NONE', *, *, #821, .F. ) ;
#4667 = CARTESIAN_POINT ( 'NONE',  ( -9.400000000000000355, -12.05000000000000249, -10.65000000000000391 ) ) ;
#4668 = EDGE_CURVE ( 'NONE', #3107, #5971, #4278, .T. ) ;
#4669 = FACE_OUTER_BOUND ( 'NONE', #4933, .T. ) ;
#4670 = FACE_OUTER_BOUND ( 'NONE', #5196, .T. ) ;
#4671 = ORIENTED_EDGE ( 'NONE', *, *, #3370, .F. ) ;
#4672 = DIRECTION ( 'NONE',  ( -0.000000000000000000, -0.000000000000000000, -1.000000000000000000 ) ) ;
#4673 = ORIENTED_EDGE ( 'NONE', *, *, #5468, .F. ) ;
#4674 = CARTESIAN_POINT ( 'NONE',  ( 20.35000000000000142, 4.849999999999998757, -1.600000000000000089 ) ) ;
#4675 = DIRECTION ( 'NONE',  ( -1.000000000000000000, 0.000000000000000000, 0.000000000000000000 ) ) ;
#4676 = EDGE_CURVE ( 'NONE', #3753, #1697, #1010, .T. ) ;
#4677 = EDGE_CURVE ( 'NONE', #4988, #3355, #1757, .T. ) ;
#4678 = CARTESIAN_POINT ( 'NONE',  ( 37.35000000000000142, 1.949999999999999512, -4.200000000000000178 ) ) ;
#4679 = ORIENTED_EDGE ( 'NONE', *, *, #2959, .F. ) ;
#4680 = LINE ( 'NONE', #1096, #5693 ) ;
#4681 = DIRECTION ( 'NONE',  ( 0.4999999999999999445, 4.508678545130816799E-16, 0.8660254037844385966 ) ) ;
#4682 = EDGE_CURVE ( 'NONE', #645, #4043, #3035, .T. ) ;
#4683 = EDGE_CURVE ( 'NONE', #5389, #2430, #5282, .T. ) ;
#4684 = ORIENTED_EDGE ( 'NONE', *, *, #1977, .T. ) ;
#4685 = VERTEX_POINT ( 'NONE', #5860 ) ;
#4686 = DIRECTION ( 'NONE',  ( 0.000000000000000000, 1.000000000000000000, 0.000000000000000000 ) ) ;
#4687 = EDGE_CURVE ( 'NONE', #5794, #6080, #119, .T. ) ;
#4688 = EDGE_LOOP ( 'NONE', ( #4376, #748, #6539, #3421 ) ) ;
#4689 = CARTESIAN_POINT ( 'NONE',  ( -46.80000000000000426, 1.114999999999996660, -8.955000000000000071 ) ) ;
#4690 = EDGE_LOOP ( 'NONE', ( #1959, #5341, #4115, #1736 ) ) ;
#4691 = EDGE_CURVE ( 'NONE', #2748, #229, #3669, .T. ) ;
#4692 = DIRECTION ( 'NONE',  ( 1.000000000000000000, 0.000000000000000000, 0.000000000000000000 ) ) ;
#4693 = LINE ( 'NONE', #6307, #2515 ) ;
#4694 = LINE ( 'NONE', #75, #4745 ) ;
#4695 = CARTESIAN_POINT ( 'NONE',  ( 37.35000000000000142, 20.05000000000000071, -4.200000000000000178 ) ) ;
#4696 = ORIENTED_EDGE ( 'NONE', *, *, #4651, .F. ) ;
#4697 = DIRECTION ( 'NONE',  ( 0.000000000000000000, 0.000000000000000000, 1.000000000000000000 ) ) ;
#4698 = CARTESIAN_POINT ( 'NONE',  ( -48.00000000000000000, 15.88999999999999702, -4.869999999999999218 ) ) ;
#4699 = CARTESIAN_POINT ( 'NONE',  ( -45.00000000000000711, 26.00000000000002132, -13.00000000000000178 ) ) ;
#4700 = ORIENTED_EDGE ( 'NONE', *, *, #2984, .T. ) ;
#4701 = CARTESIAN_POINT ( 'NONE',  ( -48.00000000000000000, -23.85000000000000142, -9.599999999999999645 ) ) ;
#4702 = ORIENTED_EDGE ( 'NONE', *, *, #1421, .T. ) ;
#4703 = DIRECTION ( 'NONE',  ( 0.000000000000000000, 1.000000000000000000, -0.000000000000000000 ) ) ;
#4704 = LINE ( 'NONE', #2258, #6582 ) ;
#4705 = PLANE ( 'NONE',  #4343 ) ;
#4706 = EDGE_LOOP ( 'NONE', ( #1657, #120, #1884, #3175 ) ) ;
#4707 = AXIS2_PLACEMENT_3D ( 'NONE', #1066, #4649, #2549 ) ;
#4708 = CARTESIAN_POINT ( 'NONE',  ( 37.75000000000000000, 4.749999999999999112, -0.6999999999999999556 ) ) ;
#4709 = CARTESIAN_POINT ( 'NONE',  ( 39.34999999999999432, 17.25000000000000000, -2.000000000000000000 ) ) ;
#4710 = EDGE_CURVE ( 'NONE', #1541, #6615, #4247, .T. ) ;
#4711 = AXIS2_PLACEMENT_3D ( 'NONE', #2654, #6245, #1650 ) ;
#4712 = VERTEX_POINT ( 'NONE', #693 ) ;
#4713 = VECTOR ( 'NONE', #329, 1000.000000000000000 ) ;
#4714 = ORIENTED_EDGE ( 'NONE', *, *, #4569, .T. ) ;
#4715 = LINE ( 'NONE', #38, #6334 ) ;
#4716 = AXIS2_PLACEMENT_3D ( 'NONE', #696, #6326, #1667 ) ;
#4717 = CIRCLE ( 'NONE', #2689, 2.000000000000000000 ) ;
#4718 = ORIENTED_EDGE ( 'NONE', *, *, #6571, .F. ) ;
#4719 = CARTESIAN_POINT ( 'NONE',  ( 45.50000000000000000, -14.00000000000000000, -1.600000000000000089 ) ) ;
#4720 = ORIENTED_EDGE ( 'NONE', *, *, #2761, .F. ) ;
#4721 = DIRECTION ( 'NONE',  ( 1.000000000000000000, 0.000000000000000000, -0.000000000000000000 ) ) ;
#4722 = CIRCLE ( 'NONE', #2588, 2.000000000000000000 ) ;
#4723 = ADVANCED_FACE ( 'NONE', ( #3271 ), #1131, .T. ) ;
#4724 = FACE_OUTER_BOUND ( 'NONE', #6465, .T. ) ;
#4725 = LINE ( 'NONE', #4229, #2820 ) ;
#4726 = DIRECTION ( 'NONE',  ( 1.000000000000000000, 0.000000000000000000, -0.000000000000000000 ) ) ;
#4727 = AXIS2_PLACEMENT_3D ( 'NONE', #682, #1590, #3729 ) ;
#4729 = ORIENTED_EDGE ( 'NONE', *, *, #4881, .F. ) ;
#4728 = ADVANCED_FACE ( 'NONE', ( #193 ), #4224, .T. ) ;
#4730 = DIRECTION ( 'NONE',  ( 1.000000000000000000, 0.000000000000000000, 0.000000000000000000 ) ) ;
#4731 = DIRECTION ( 'NONE',  ( 0.000000000000000000, -1.000000000000000000, 0.000000000000000000 ) ) ;
#4732 = CARTESIAN_POINT ( 'NONE',  ( -48.00000000000000000, 15.88999999999999702, -10.86999999999999744 ) ) ;
#4733 = ORIENTED_EDGE ( 'NONE', *, *, #6533, .T. ) ;
#4734 = PLANE ( 'NONE',  #2941 ) ;
#4735 = DIRECTION ( 'NONE',  ( -1.000000000000000000, -0.000000000000000000, -0.000000000000000000 ) ) ;
#4736 = EDGE_LOOP ( 'NONE', ( #3179, #4673, #2160, #3164 ) ) ;
#4737 = LINE ( 'NONE', #1158, #6387 ) ;
#4738 = LINE ( 'NONE', #5280, #48 ) ;
#4739 = ADVANCED_FACE ( 'NONE', ( #6294 ), #4705, .T. ) ;
#4740 = DIRECTION ( 'NONE',  ( 0.000000000000000000, -1.000000000000000000, 0.000000000000000000 ) ) ;
#4741 = AXIS2_PLACEMENT_3D ( 'NONE', #1812, #3857, #1444 ) ;
#4742 = ORIENTED_EDGE ( 'NONE', *, *, #2166, .F. ) ;
#4743 = CARTESIAN_POINT ( 'NONE',  ( 0.000000000000000000, 0.000000000000000000, -7.500000000000000888 ) ) ;
#4744 = CARTESIAN_POINT ( 'NONE',  ( 0.000000000000000000, 0.000000000000000000, -4.969999999999999751 ) ) ;
#4745 = VECTOR ( 'NONE', #13, 1000.000000000000000 ) ;
#4746 = AXIS2_PLACEMENT_3D ( 'NONE', #1160, #2198, #6323 ) ;
#4747 = ORIENTED_EDGE ( 'NONE', *, *, #5342, .F. ) ;
#4748 = CARTESIAN_POINT ( 'NONE',  ( 0.6899999999999916200, 25.28999999999999559, -1.600000000000002087 ) ) ;
#4749 = ORIENTED_EDGE ( 'NONE', *, *, #5246, .F. ) ;
#4750 = LINE ( 'NONE', #3748, #4088 ) ;
#4751 = ADVANCED_FACE ( 'NONE', ( #1696 ), #627, .T. ) ;
#4752 = EDGE_CURVE ( 'NONE', #1516, #5602, #2228, .T. ) ;
#4753 = AXIS2_PLACEMENT_3D ( 'NONE', #6520, #2022, #2955 ) ;
#4754 = AXIS2_PLACEMENT_3D ( 'NONE', #4903, #5980, #3956 ) ;
#4755 = VERTEX_POINT ( 'NONE', #2260 ) ;
#4756 = VECTOR ( 'NONE', #6453, 1000.000000000000000 ) ;
#4757 = DIRECTION ( 'NONE',  ( -1.000000000000000000, 0.000000000000000000, 0.000000000000000000 ) ) ;
#4758 = VECTOR ( 'NONE', #6019, 1000.000000000000000 ) ;
#4759 = ORIENTED_EDGE ( 'NONE', *, *, #5217, .F. ) ;
#4760 = DIRECTION ( 'NONE',  ( -1.000000000000000000, 0.000000000000000000, 0.000000000000000000 ) ) ;
#4761 = CARTESIAN_POINT ( 'NONE',  ( 44.99999999999999289, 29.66000000000000369, -13.00000000000000178 ) ) ;
#4762 = DIRECTION ( 'NONE',  ( 0.000000000000000000, -1.000000000000000000, 0.000000000000000000 ) ) ;
#4763 = AXIS2_PLACEMENT_3D ( 'NONE', #5642, #3084, #5132 ) ;
#4764 = VECTOR ( 'NONE', #3359, 1000.000000000000000 ) ;
#4765 = DIRECTION ( 'NONE',  ( 0.000000000000000000, 1.000000000000000000, 0.000000000000000000 ) ) ;
#4766 = EDGE_CURVE ( 'NONE', #772, #4052, #4317, .T. ) ;
#4767 = ADVANCED_FACE ( 'NONE', ( #6227 ), #2159, .T. ) ;
#4768 = ORIENTED_EDGE ( 'NONE', *, *, #1426, .T. ) ;
#4769 = CARTESIAN_POINT ( 'NONE',  ( 35.00000000000000711, 13.00000000000000711, 0.000000000000000000 ) ) ;
#4770 = DIRECTION ( 'NONE',  ( 0.000000000000000000, -0.000000000000000000, 1.000000000000000000 ) ) ;
#4771 = DIRECTION ( 'NONE',  ( 1.000000000000000000, 0.000000000000000000, 0.000000000000000000 ) ) ;
#4772 = ORIENTED_EDGE ( 'NONE', *, *, #3197, .F. ) ;
#4773 = CARTESIAN_POINT ( 'NONE',  ( -44.99999999999999289, -29.16000000000000725, -15.50000000000000178 ) ) ;
#4774 = LINE ( 'NONE', #621, #4086 ) ;
#4775 = VECTOR ( 'NONE', #688, 1000.000000000000000 ) ;
#4776 = ORIENTED_EDGE ( 'NONE', *, *, #1091, .F. ) ;
#4777 = EDGE_CURVE ( 'NONE', #5804, #2576, #6497, .T. ) ;
#4778 = DIRECTION ( 'NONE',  ( 0.000000000000000000, 0.000000000000000000, 1.000000000000000000 ) ) ;
#4779 = ADVANCED_FACE ( 'NONE', ( #4477 ), #265, .F. ) ;
#4780 = ADVANCED_BREP_SHAPE_REPRESENTATION ( 'Front_Shell', ( #1952, #21 ), #1942 ) ;
#4781 = AXIS2_PLACEMENT_3D ( 'NONE', #6213, #1617, #3653 ) ;
#4782 = CARTESIAN_POINT ( 'NONE',  ( -45.00000000000000000, 28.99999999999999645, 0.000000000000000000 ) ) ;
#4783 = CARTESIAN_POINT ( 'NONE',  ( 37.75000000000000000, 3.855012562893381567, -0.6999999999999998446 ) ) ;
#4784 = DIRECTION ( 'NONE',  ( 0.000000000000000000, 0.000000000000000000, 1.000000000000000000 ) ) ;
#4785 = ORIENTED_EDGE ( 'NONE', *, *, #4569, .F. ) ;
#4786 = DIRECTION ( 'NONE',  ( 0.000000000000000000, 0.000000000000000000, -1.000000000000000000 ) ) ;
#4787 = DIRECTION ( 'NONE',  ( -4.906538933386744388E-15, 0.7071067811865450192, -0.7071067811865501263 ) ) ;
#4788 = EDGE_LOOP ( 'NONE', ( #1360, #5384, #2085, #1807 ) ) ;
#4789 = DIRECTION ( 'NONE',  ( 0.000000000000000000, -1.000000000000000000, 0.000000000000000000 ) ) ;
#4790 = EDGE_LOOP ( 'NONE', ( #3613, #3044, #1709, #4671 ) ) ;
#4791 = CARTESIAN_POINT ( 'NONE',  ( 45.00000000000000711, -26.00000000000002132, -15.00000000000000178 ) ) ;
#4792 = ORIENTED_EDGE ( 'NONE', *, *, #4492, .F. ) ;
#4793 = CARTESIAN_POINT ( 'NONE',  ( 3.699999999999997513, -3.920000000000005258, -7.500000000000000888 ) ) ;
#4794 = VERTEX_POINT ( 'NONE', #1924 ) ;
#4795 = DIRECTION ( 'NONE',  ( 0.000000000000000000, 0.000000000000000000, -1.000000000000000000 ) ) ;
#4796 = DIRECTION ( 'NONE',  ( 1.000000000000000000, 0.000000000000000000, 0.000000000000000000 ) ) ;
#4797 = CARTESIAN_POINT ( 'NONE',  ( 17.44999999999999929, 1.949999999999999512, -4.200000000000000178 ) ) ;
#4798 = DIRECTION ( 'NONE',  ( 0.000000000000000000, 0.000000000000000000, 1.000000000000000000 ) ) ;
#4799 = EDGE_CURVE ( 'NONE', #910, #684, #2435, .T. ) ;
#4800 = ORIENTED_EDGE ( 'NONE', *, *, #5217, .T. ) ;
#4801 = DIRECTION ( 'NONE',  ( 1.000000000000000000, 0.000000000000000000, 0.000000000000000000 ) ) ;
#4802 = CARTESIAN_POINT ( 'NONE',  ( -45.00000000000000000, -25.99999999999999645, -12.60000000000001741 ) ) ;
#4803 = DIRECTION ( 'NONE',  ( 0.000000000000000000, 0.000000000000000000, 1.000000000000000000 ) ) ;
#4804 = ORIENTED_EDGE ( 'NONE', *, *, #6173, .F. ) ;
#4805 = CARTESIAN_POINT ( 'NONE',  ( -20.69999999999999574, -26.80000000000000426, -3.169999999999999929 ) ) ;
#4806 = DIRECTION ( 'NONE',  ( 0.000000000000000000, -1.000000000000000000, 0.000000000000000000 ) ) ;
#4807 = ORIENTED_EDGE ( 'NONE', *, *, #5879, .T. ) ;
#4808 = FACE_OUTER_BOUND ( 'NONE', #270, .T. ) ;
#4809 = DIRECTION ( 'NONE',  ( -1.000000000000000000, 0.000000000000000000, 0.000000000000000000 ) ) ;
#4810 = CARTESIAN_POINT ( 'NONE',  ( 50.00000000000000000, 26.00000000000000355, -12.60000000000001741 ) ) ;
#4811 = CARTESIAN_POINT ( 'NONE',  ( 25.99999999999999645, 13.00000000000000533, 0.000000000000000000 ) ) ;
#4812 = VERTEX_POINT ( 'NONE', #4380 ) ;
#4813 = CARTESIAN_POINT ( 'NONE',  ( 20.25000000000000000, 3.149999999999999467, -2.000000000000000000 ) ) ;
#4814 = FACE_OUTER_BOUND ( 'NONE', #1179, .T. ) ;
#4815 = ORIENTED_EDGE ( 'NONE', *, *, #1810, .T. ) ;
#4816 = VECTOR ( 'NONE', #4362, 1000.000000000000000 ) ;
#4817 = CARTESIAN_POINT ( 'NONE',  ( -48.00000000000000000, 5.289999999999997371, -12.06999999999999851 ) ) ;
#4818 = ORIENTED_EDGE ( 'NONE', *, *, #2281, .F. ) ;
#4819 = CARTESIAN_POINT ( 'NONE',  ( 37.35000000000000142, 3.149999999999999467, -1.600000000000000089 ) ) ;
#4820 = VECTOR ( 'NONE', #4622, 1000.000000000000000 ) ;
#4821 = ORIENTED_EDGE ( 'NONE', *, *, #2794, .T. ) ;
#4822 = DIRECTION ( 'NONE',  ( 0.000000000000000000, -1.000000000000000000, 0.000000000000000000 ) ) ;
#4823 = ORIENTED_EDGE ( 'NONE', *, *, #2477, .F. ) ;
#4824 = VECTOR ( 'NONE', #1030, 1000.000000000000000 ) ;
#4825 = DIRECTION ( 'NONE',  ( 0.000000000000000000, 0.000000000000000000, -1.000000000000000000 ) ) ;
#4826 = LINE ( 'NONE', #3419, #1867 ) ;
#4827 = AXIS2_PLACEMENT_3D ( 'NONE', #2981, #921, #5008 ) ;
#4828 = DIRECTION ( 'NONE',  ( 1.000000000000000000, 0.000000000000000000, 0.000000000000000000 ) ) ;
#4829 = DIRECTION ( 'NONE',  ( 1.000000000000000000, 0.000000000000000000, 0.000000000000000000 ) ) ;
#4830 = AXIS2_PLACEMENT_3D ( 'NONE', #5798, #5357, #4255 ) ;
#4831 = ORIENTED_EDGE ( 'NONE', *, *, #432, .T. ) ;
#4832 = DIRECTION ( 'NONE',  ( -1.000000000000000000, 0.000000000000000000, 0.000000000000000000 ) ) ;
#4833 = CARTESIAN_POINT ( 'NONE',  ( 42.00000000000000000, -29.80000000000000071, -13.00000000000000178 ) ) ;
#4834 = FACE_OUTER_BOUND ( 'NONE', #4259, .T. ) ;
#4835 = LINE ( 'NONE', #2124, #3376 ) ;
#4836 = EDGE_CURVE ( 'NONE', #707, #5400, #3911, .T. ) ;
#4837 = ORIENTED_EDGE ( 'NONE', *, *, #4900, .T. ) ;
#4838 = VECTOR ( 'NONE', #1894, 1000.000000000000000 ) ;
#4839 = DIRECTION ( 'NONE',  ( 1.000000000000000000, 0.000000000000000000, 0.000000000000000000 ) ) ;
#4840 = AXIS2_PLACEMENT_3D ( 'NONE', #6079, #5535, #3636 ) ;
#4841 = FACE_OUTER_BOUND ( 'NONE', #4388, .T. ) ;
#4842 = FACE_OUTER_BOUND ( 'NONE', #2480, .T. ) ;
#4843 = LINE ( 'NONE', #2399, #4758 ) ;
#4844 = ORIENTED_EDGE ( 'NONE', *, *, #141, .F. ) ;
#4845 = PLANE ( 'NONE',  #15 ) ;
#4846 = DIRECTION ( 'NONE',  ( 0.000000000000000000, 0.000000000000000000, -1.000000000000000000 ) ) ;
#4847 = ORIENTED_EDGE ( 'NONE', *, *, #1169, .F. ) ;
#4848 = ADVANCED_FACE ( 'NONE', ( #1826 ), #2865, .F. ) ;
#4849 = CONICAL_SURFACE ( 'NONE', #365, 5.000000000000004441, 0.7853981633974657095 ) ;
#4850 = ORIENTED_EDGE ( 'NONE', *, *, #5011, .T. ) ;
#4851 = EDGE_CURVE ( 'NONE', #5068, #4630, #6164, .T. ) ;
#4852 = DIRECTION ( 'NONE',  ( 0.000000000000000000, 0.000000000000000000, 1.000000000000000000 ) ) ;
#4853 = ORIENTED_EDGE ( 'NONE', *, *, #1601, .F. ) ;
#4854 = DIRECTION ( 'NONE',  ( -0.000000000000000000, -0.000000000000000000, 1.000000000000000000 ) ) ;
#4855 = CIRCLE ( 'NONE', #5719, 2.300000000000014033 ) ;
#4856 = ADVANCED_FACE ( 'NONE', ( #3430 ), #2365, .T. ) ;
#4857 = EDGE_CURVE ( 'NONE', #2872, #5326, #2895, .T. ) ;
#4858 = ORIENTED_EDGE ( 'NONE', *, *, #5584, .F. ) ;
#4859 = CARTESIAN_POINT ( 'NONE',  ( 19.00000000000000000, 27.19999999999999574, -1.600000000000000089 ) ) ;
#4860 = VERTEX_POINT ( 'NONE', #2800 ) ;
#4861 = LINE ( 'NONE', #1246, #982 ) ;
#4862 = AXIS2_PLACEMENT_3D ( 'NONE', #4997, #4457, #2444 ) ;
#4863 = VECTOR ( 'NONE', #2522, 1000.000000000000000 ) ;
#4864 = DIRECTION ( 'NONE',  ( 1.000000000000000000, 0.000000000000000000, 0.000000000000000000 ) ) ;
#4865 = CARTESIAN_POINT ( 'NONE',  ( 45.00000000000000000, -28.40000000000000213, -1.600000000000000755 ) ) ;
#4866 = EDGE_CURVE ( 'NONE', #2008, #1042, #5299, .T. ) ;
#4867 = CIRCLE ( 'NONE', #4334, 3.909999999999996589 ) ;
#4868 = VECTOR ( 'NONE', #412, 1000.000000000000000 ) ;
#4869 = ORIENTED_EDGE ( 'NONE', *, *, #4382, .T. ) ;
#4871 = ADVANCED_FACE ( 'NONE', ( #3369 ), #4947, .T. ) ;
#4870 = ORIENTED_EDGE ( 'NONE', *, *, #2998, .T. ) ;
#4872 = LINE ( 'NONE', #6348, #4756 ) ;
#4873 = CARTESIAN_POINT ( 'NONE',  ( -45.00000000000000711, -5.110000000000002984, -1.600000000000000755 ) ) ;
#4874 = FACE_OUTER_BOUND ( 'NONE', #3194, .T. ) ;
#4875 = DIRECTION ( 'NONE',  ( 0.000000000000000000, 0.000000000000000000, 1.000000000000000000 ) ) ;
#4876 = AXIS2_PLACEMENT_3D ( 'NONE', #336, #3440, #866 ) ;
#4877 = VECTOR ( 'NONE', #228, 1000.000000000000000 ) ;
#4878 = VERTEX_POINT ( 'NONE', #3971 ) ;
#4879 = PLANE ( 'NONE',  #2424 ) ;
#4880 = EDGE_CURVE ( 'NONE', #5117, #886, #4843, .T. ) ;
#4881 = EDGE_CURVE ( 'NONE', #5495, #2306, #6401, .T. ) ;
#4882 = CIRCLE ( 'NONE', #5091, 2.049999999999999822 ) ;
#4883 = CARTESIAN_POINT ( 'NONE',  ( -17.89999999999999503, -10.89999999999999858, -4.969999999999999751 ) ) ;
#4884 = DIRECTION ( 'NONE',  ( -1.000000000000000000, 0.000000000000000000, 0.000000000000000000 ) ) ;
#4885 = CARTESIAN_POINT ( 'NONE',  ( -45.00000000000000711, -26.00000000000001066, -1.600000000000000755 ) ) ;
#4886 = ORIENTED_EDGE ( 'NONE', *, *, #6136, .F. ) ;
#4887 = AXIS2_PLACEMENT_3D ( 'NONE', #1437, #1929, #3537 ) ;
#4888 = PLANE ( 'NONE',  #1299 ) ;
#4889 = DIRECTION ( 'NONE',  ( 0.000000000000000000, -1.000000000000000000, 0.000000000000000000 ) ) ;
#4890 = VECTOR ( 'NONE', #47, 1000.000000000000000 ) ;
#4891 = ORIENTED_EDGE ( 'NONE', *, *, #5149, .F. ) ;
#4892 = ADVANCED_FACE ( 'NONE', ( #4444 ), #5990, .F. ) ;
#4893 = EDGE_CURVE ( 'NONE', #4361, #5098, #1394, .T. ) ;
#4894 = ORIENTED_EDGE ( 'NONE', *, *, #4480, .F. ) ;
#4895 = DIRECTION ( 'NONE',  ( 0.000000000000000000, -1.000000000000000000, 0.000000000000000000 ) ) ;
#4896 = ORIENTED_EDGE ( 'NONE', *, *, #6030, .T. ) ;
#4897 = CYLINDRICAL_SURFACE ( 'NONE', #3218, 1.000000000000000888 ) ;
#4898 = EDGE_LOOP ( 'NONE', ( #924, #1813, #1071, #6207 ) ) ;
#4899 = CARTESIAN_POINT ( 'NONE',  ( 21.39999999999999858, -12.05000000000000249, -10.65000000000000391 ) ) ;
#4900 = EDGE_CURVE ( 'NONE', #5847, #3570, #5517, .T. ) ;
#4901 = VERTEX_POINT ( 'NONE', #2336 ) ;
#4902 = DIRECTION ( 'NONE',  ( 0.000000000000000000, 0.000000000000000000, 1.000000000000000000 ) ) ;
#4903 = CARTESIAN_POINT ( 'NONE',  ( -45.00000000000000000, -31.00000000000000000, -13.00000000000000178 ) ) ;
#4904 = LINE ( 'NONE', #2324, #2507 ) ;
#4905 = ORIENTED_EDGE ( 'NONE', *, *, #1322, .T. ) ;
#4906 = EDGE_CURVE ( 'NONE', #2483, #5804, #5890, .T. ) ;
#4907 = VERTEX_POINT ( 'NONE', #1027 ) ;
#4908 = DIRECTION ( 'NONE',  ( -1.000000000000000000, 0.000000000000000000, 0.000000000000000000 ) ) ;
#4909 = CARTESIAN_POINT ( 'NONE',  ( 0.7999999999999972689, -7.120000000000005436, -1.600000000000000089 ) ) ;
#4910 = PLANE ( 'NONE',  #1348 ) ;
#4911 = DIRECTION ( 'NONE',  ( 0.000000000000000000, 0.000000000000000000, 1.000000000000000000 ) ) ;
#4912 = EDGE_LOOP ( 'NONE', ( #471, #1801 ) ) ;
#4913 = CARTESIAN_POINT ( 'NONE',  ( 42.00000000000000000, -31.00000000000000000, -11.19999999999999929 ) ) ;
#4914 = CARTESIAN_POINT ( 'NONE',  ( -48.00000000000000000, 17.08999999999999631, -10.86999999999999744 ) ) ;
#4915 = LINE ( 'NONE', #1756, #4713 ) ;
#4916 = DIRECTION ( 'NONE',  ( -1.000000000000000000, 0.000000000000000000, 0.000000000000000000 ) ) ;
#4917 = ORIENTED_EDGE ( 'NONE', *, *, #1583, .F. ) ;
#4918 = CARTESIAN_POINT ( 'NONE',  ( -50.00000000000000000, -13.25000000000000000, -2.399999999999999911 ) ) ;
#4919 = CARTESIAN_POINT ( 'NONE',  ( -19.19999999999999574, -27.35000000000000142, -1.600000000000000089 ) ) ;
#4920 = ORIENTED_EDGE ( 'NONE', *, *, #808, .F. ) ;
#4921 = EDGE_LOOP ( 'NONE', ( #3867, #5938, #247, #565 ) ) ;
#4922 = DIRECTION ( 'NONE',  ( 0.000000000000000000, -1.000000000000000000, 0.000000000000000000 ) ) ;
#4923 = ORIENTED_EDGE ( 'NONE', *, *, #6173, .T. ) ;
#4924 = PLANE ( 'NONE',  #4862 ) ;
#4925 = EDGE_CURVE ( 'NONE', #2659, #4270, #3063, .T. ) ;
#4926 = ADVANCED_FACE ( 'NONE', ( #1997 ), #5114, .F. ) ;
#4927 = ORIENTED_EDGE ( 'NONE', *, *, #6075, .F. ) ;
#4928 = CARTESIAN_POINT ( 'NONE',  ( 44.99999999999999289, 29.91000000000000014, -13.90000000000000036 ) ) ;
#4929 = ORIENTED_EDGE ( 'NONE', *, *, #2014, .F. ) ;
#4930 = FACE_OUTER_BOUND ( 'NONE', #2546, .T. ) ;
#4931 = ORIENTED_EDGE ( 'NONE', *, *, #2273, .F. ) ;
#4932 = PLANE ( 'NONE',  #1453 ) ;
#4933 = EDGE_LOOP ( 'NONE', ( #2642, #2890, #3009, #1603, #245, #5226 ) ) ;
#4934 = EDGE_CURVE ( 'NONE', #2612, #1746, #5547, .T. ) ;
#4935 = ORIENTED_EDGE ( 'NONE', *, *, #4682, .F. ) ;
#4936 = CYLINDRICAL_SURFACE ( 'NONE', #4976, 1.200000000000003064 ) ;
#4937 = FACE_BOUND ( 'NONE', #2807, .T. ) ;
#4938 = VECTOR ( 'NONE', #4721, 1000.000000000000000 ) ;
#4939 = LINE ( 'NONE', #2331, #1135 ) ;
#4940 = VECTOR ( 'NONE', #3172, 1000.000000000000000 ) ;
#4941 = ORIENTED_EDGE ( 'NONE', *, *, #1169, .T. ) ;
#4942 = CARTESIAN_POINT ( 'NONE',  ( -45.00000000000000000, 29.66000000000000014, -14.69999999999999929 ) ) ;
#4943 = VECTOR ( 'NONE', #4686, 1000.000000000000000 ) ;
#4944 = ADVANCED_FACE ( 'NONE', ( #526 ), #5015, .F. ) ;
#4945 = LINE ( 'NONE', #2334, #6366 ) ;
#4946 = DIRECTION ( 'NONE',  ( -1.000000000000000000, 0.000000000000000000, 0.000000000000000000 ) ) ;
#4947 = PLANE ( 'NONE',  #2189 ) ;
#4948 = ORIENTED_EDGE ( 'NONE', *, *, #1810, .F. ) ;
#4949 = VECTOR ( 'NONE', #1374, 1000.000000000000000 ) ;
#4950 = CARTESIAN_POINT ( 'NONE',  ( -20.69999999999999574, -11.50000000000000000, -3.169999999999999929 ) ) ;
#4951 = DIRECTION ( 'NONE',  ( 0.000000000000000000, 0.000000000000000000, 1.000000000000000000 ) ) ;
#4952 = ORIENTED_EDGE ( 'NONE', *, *, #2977, .F. ) ;
#4953 = EDGE_CURVE ( 'NONE', #820, #5530, #4549, .T. ) ;
#4954 = VECTOR ( 'NONE', #4580, 1000.000000000000000 ) ;
#4955 = ORIENTED_EDGE ( 'NONE', *, *, #4668, .F. ) ;
#4956 = LINE ( 'NONE', #2375, #2083 ) ;
#4957 = EDGE_LOOP ( 'NONE', ( #3853, #2152, #766, #2221 ) ) ;
#4958 = PLANE ( 'NONE',  #370 ) ;
#4959 = VERTEX_POINT ( 'NONE', #2565 ) ;
#4960 = ADVANCED_FACE ( 'NONE', ( #4581 ), #2538, .F. ) ;
#4961 = PLANE ( 'NONE',  #2241 ) ;
#4962 = ORIENTED_EDGE ( 'NONE', *, *, #625, .F. ) ;
#4963 = CARTESIAN_POINT ( 'NONE',  ( 37.75000000000000000, -26.00000000000001066, -1.600000000000000755 ) ) ;
#4964 = VERTEX_POINT ( 'NONE', #4066 ) ;
#4965 = VECTOR ( 'NONE', #1000, 1000.000000000000000 ) ;
#4966 = LINE ( 'NONE', #378, #3472 ) ;
#4967 = ORIENTED_EDGE ( 'NONE', *, *, #3171, .T. ) ;
#4968 = EDGE_CURVE ( 'NONE', #5452, #1207, #2729, .T. ) ;
#4969 = VECTOR ( 'NONE', #1856, 1000.000000000000000 ) ;
#4970 = VERTEX_POINT ( 'NONE', #4604 ) ;
#4971 = LINE ( 'NONE', #3998, #6049 ) ;
#4972 = LINE ( 'NONE', #385, #3214 ) ;
#4973 = DIRECTION ( 'NONE',  ( 1.000000000000000000, 0.000000000000000000, 0.000000000000000000 ) ) ;
#4974 = ORIENTED_EDGE ( 'NONE', *, *, #2670, .F. ) ;
#4975 = EDGE_CURVE ( 'NONE', #5851, #4618, #2462, .T. ) ;
#4976 = AXIS2_PLACEMENT_3D ( 'NONE', #5915, #2787, #2390 ) ;
#4977 = VECTOR ( 'NONE', #4404, 1000.000000000000000 ) ;
#4978 = DIRECTION ( 'NONE',  ( -0.000000000000000000, 0.000000000000000000, -1.000000000000000000 ) ) ;
#4979 = EDGE_CURVE ( 'NONE', #6518, #1697, #6628, .T. ) ;
#4980 = DIRECTION ( 'NONE',  ( 0.000000000000000000, 0.000000000000000000, 1.000000000000000000 ) ) ;
#4981 = CARTESIAN_POINT ( 'NONE',  ( 37.75000000000000000, 18.85000000000000142, -2.000000000000000000 ) ) ;
#4982 = AXIS2_PLACEMENT_3D ( 'NONE', #1967, #1475, #3609 ) ;
#4983 = DIRECTION ( 'NONE',  ( 1.000000000000000000, 0.000000000000000000, 0.000000000000000000 ) ) ;
#4984 = VERTEX_POINT ( 'NONE', #3566 ) ;
#4985 = AXIS2_PLACEMENT_3D ( 'NONE', #4732, #1624, #2185 ) ;
#4986 = EDGE_CURVE ( 'NONE', #4145, #5363, #554, .T. ) ;
#4987 = CARTESIAN_POINT ( 'NONE',  ( 39.35000000000000142, -26.00000000000001066, -1.600000000000000755 ) ) ;
#4988 = VERTEX_POINT ( 'NONE', #4511 ) ;
#4989 = EDGE_CURVE ( 'NONE', #5497, #4318, #6059, .T. ) ;
#4990 = CARTESIAN_POINT ( 'NONE',  ( 20.25000000000000000, 3.149999999999999467, -1.600000000000000089 ) ) ;
#4991 = VECTOR ( 'NONE', #4341, 1000.000000000000000 ) ;
#4992 = ORIENTED_EDGE ( 'NONE', *, *, #3014, .F. ) ;
#4993 = EDGE_LOOP ( 'NONE', ( #555, #4785, #5089, #2016, #6215, #5182, #1935, #2238 ) ) ;
#4994 = EDGE_CURVE ( 'NONE', #1100, #6431, #699, .T. ) ;
#4995 = PLANE ( 'NONE',  #1876 ) ;
#4996 = ORIENTED_EDGE ( 'NONE', *, *, #5646, .F. ) ;
#4997 = CARTESIAN_POINT ( 'NONE',  ( 0.000000000000000000, 0.000000000000000000, -3.169999999999999929 ) ) ;
#4998 = AXIS2_PLACEMENT_3D ( 'NONE', #4408, #2891, #6424 ) ;
#4999 = EDGE_LOOP ( 'NONE', ( #2573, #6318, #6269, #3240 ) ) ;
#5000 = CARTESIAN_POINT ( 'NONE',  ( -20.69999999999999574, -11.50000000000000000, -3.169999999999999929 ) ) ;
#5001 = EDGE_LOOP ( 'NONE', ( #3191, #3313, #6619, #361 ) ) ;
#5002 = CARTESIAN_POINT ( 'NONE',  ( 39.35000000000000142, 3.149999999999999911, -1.600000000000000755 ) ) ;
#5003 = EDGE_LOOP ( 'NONE', ( #4747, #6406, #672, #845 ) ) ;
#5004 = CARTESIAN_POINT ( 'NONE',  ( -20.69999999999999574, -10.30000000000000071, -3.169999999999999929 ) ) ;
#5005 = ORIENTED_EDGE ( 'NONE', *, *, #5378, .T. ) ;
#5006 = EDGE_LOOP ( 'NONE', ( #5145, #2548, #2815, #3827 ) ) ;
#5007 = DIRECTION ( 'NONE',  ( -1.000000000000000000, 0.000000000000000000, 0.000000000000000000 ) ) ;
#5008 = DIRECTION ( 'NONE',  ( 0.000000000000000000, -0.000000000000000000, 1.000000000000000000 ) ) ;
#5009 = LINE ( 'NONE', #3057, #3041 ) ;
#5010 = ORIENTED_EDGE ( 'NONE', *, *, #6053, .F. ) ;
#5011 = EDGE_CURVE ( 'NONE', #3465, #527, #2415, .T. ) ;
#5012 = FACE_OUTER_BOUND ( 'NONE', #1250, .T. ) ;
#5013 = CARTESIAN_POINT ( 'NONE',  ( 45.50000000000000000, -14.00000000000000000, -16.39999999999999858 ) ) ;
#5014 = CARTESIAN_POINT ( 'NONE',  ( 38.64498743710662154, 17.25000000000000000, -0.6999999999999999556 ) ) ;
#5015 = PLANE ( 'NONE',  #915 ) ;
#5016 = VERTEX_POINT ( 'NONE', #1958 ) ;
#5017 = DIRECTION ( 'NONE',  ( -0.000000000000000000, -0.7071067811865352493, -0.7071067811865597852 ) ) ;
#5018 = EDGE_LOOP ( 'NONE', ( #5885, #3441, #5891, #4101 ) ) ;
#5019 = CARTESIAN_POINT ( 'NONE',  ( -0.3100000000000040501, 25.28999999999999915, 0.000000000000000000 ) ) ;
#5020 = CARTESIAN_POINT ( 'NONE',  ( 44.99999999999999289, 29.66000000000000369, -15.50000000000000178 ) ) ;
#5021 = ORIENTED_EDGE ( 'NONE', *, *, #4647, .T. ) ;
#5022 = DIRECTION ( 'NONE',  ( 1.000000000000000000, 0.000000000000000000, 0.000000000000000000 ) ) ;
#5023 = ORIENTED_EDGE ( 'NONE', *, *, #4799, .F. ) ;
#5024 = LINE ( 'NONE', #33, #1324 ) ;
#5025 = ORIENTED_EDGE ( 'NONE', *, *, #4677, .T. ) ;
#5026 = CARTESIAN_POINT ( 'NONE',  ( 20.35000000000000142, 4.849999999999998757, -0.6999999999999998446 ) ) ;
#5027 = ORIENTED_EDGE ( 'NONE', *, *, #3915, .F. ) ;
#5028 = DIRECTION ( 'NONE',  ( 0.000000000000000000, 1.000000000000000000, 0.000000000000000000 ) ) ;
#5029 = ORIENTED_EDGE ( 'NONE', *, *, #3681, .F. ) ;
#5030 = LINE ( 'NONE', #4708, #2254 ) ;
#5031 = ORIENTED_EDGE ( 'NONE', *, *, #674, .T. ) ;
#5032 = ORIENTED_EDGE ( 'NONE', *, *, #131, .F. ) ;
#5033 = CYLINDRICAL_SURFACE ( 'NONE', #4222, 1.200000000000000622 ) ;
#5034 = DIRECTION ( 'NONE',  ( 1.000000000000000000, 0.000000000000000000, 0.000000000000000000 ) ) ;
#5035 = VECTOR ( 'NONE', #6304, 1000.000000000000000 ) ;
#5036 = CARTESIAN_POINT ( 'NONE',  ( -47.39999999999999858, -26.00000000000000355, -1.600000000000000755 ) ) ;
#5037 = CARTESIAN_POINT ( 'NONE',  ( -48.00000000000000000, -13.25000000000000000, -2.399999999999999911 ) ) ;
#5038 = DIRECTION ( 'NONE',  ( -1.000000000000000000, 0.000000000000000000, 0.000000000000000000 ) ) ;
#5039 = VECTOR ( 'NONE', #5104, 1000.000000000000000 ) ;
#5040 = DIRECTION ( 'NONE',  ( 1.000000000000000000, 0.000000000000000000, 0.000000000000000000 ) ) ;
#5041 = DIRECTION ( 'NONE',  ( -1.000000000000000000, 0.000000000000000000, 0.000000000000000000 ) ) ;
#5042 = DIRECTION ( 'NONE',  ( 0.000000000000000000, 1.000000000000000000, 0.000000000000000000 ) ) ;
#5043 = ORIENTED_EDGE ( 'NONE', *, *, #6292, .T. ) ;
#5044 = VECTOR ( 'NONE', #6403, 1000.000000000000000 ) ;
#5045 = DIRECTION ( 'NONE',  ( 1.000000000000000000, -0.000000000000000000, 0.000000000000000000 ) ) ;
#5046 = VECTOR ( 'NONE', #2887, 1000.000000000000000 ) ;
#5047 = ORIENTED_EDGE ( 'NONE', *, *, #3786, .T. ) ;
#5048 = DIRECTION ( 'NONE',  ( 0.000000000000000000, 0.000000000000000000, 1.000000000000000000 ) ) ;
#5049 = EDGE_CURVE ( 'NONE', #2872, #461, #2089, .T. ) ;
#5050 = CARTESIAN_POINT ( 'NONE',  ( -47.39999999999999858, 26.00000000000000355, -10.51999999999999957 ) ) ;
#5051 = VECTOR ( 'NONE', #94, 1000.000000000000000 ) ;
#5052 = DIRECTION ( 'NONE',  ( 1.000000000000000000, 0.000000000000000000, 0.000000000000000000 ) ) ;
#5053 = ORIENTED_EDGE ( 'NONE', *, *, #5447, .F. ) ;
#5054 = DIRECTION ( 'NONE',  ( 0.000000000000000000, 1.000000000000000000, 0.000000000000000000 ) ) ;
#5055 = EDGE_CURVE ( 'NONE', #6157, #5495, #6193, .T. ) ;
#5056 = CIRCLE ( 'NONE', #3555, 1.199999999999999734 ) ;
#5057 = EDGE_CURVE ( 'NONE', #832, #886, #6093, .T. ) ;
#5058 = VERTEX_POINT ( 'NONE', #990 ) ;
#5059 = DIRECTION ( 'NONE',  ( 0.000000000000000000, 0.000000000000000000, -1.000000000000000000 ) ) ;
#5060 = ORIENTED_EDGE ( 'NONE', *, *, #3915, .T. ) ;
#5061 = PLANE ( 'NONE',  #2262 ) ;
#5062 = ORIENTED_EDGE ( 'NONE', *, *, #418, .F. ) ;
#5063 = DIRECTION ( 'NONE',  ( 0.000000000000000000, 0.000000000000000000, -1.000000000000000000 ) ) ;
#5064 = ADVANCED_FACE ( 'NONE', ( #5616 ), #3026, .F. ) ;
#5065 = EDGE_CURVE ( 'NONE', #2388, #5452, #147, .T. ) ;
#5066 = ORIENTED_EDGE ( 'NONE', *, *, #4152, .T. ) ;
#5067 = AXIS2_PLACEMENT_3D ( 'NONE', #5321, #5698, #1732 ) ;
#5068 = VERTEX_POINT ( 'NONE', #1182 ) ;
#5069 = LINE ( 'NONE', #2427, #2075 ) ;
#5070 = DIRECTION ( 'NONE',  ( -1.000000000000000000, 0.000000000000000000, 0.000000000000000000 ) ) ;
#5071 = CARTESIAN_POINT ( 'NONE',  ( -50.00000000000000000, 26.00000000000000355, -13.00000000000000178 ) ) ;
#5072 = EDGE_LOOP ( 'NONE', ( #5606, #3925, #3042, #4844 ) ) ;
#5073 = VECTOR ( 'NONE', #3597, 1000.000000000000000 ) ;
#5074 = CARTESIAN_POINT ( 'NONE',  ( -50.00000000000000000, 1.114999999999996660, -7.655000000000000249 ) ) ;
#5075 = AXIS2_PLACEMENT_3D ( 'NONE', #1260, #3231, #657 ) ;
#5076 = DIRECTION ( 'NONE',  ( 0.000000000000000000, 0.000000000000000000, -1.000000000000000000 ) ) ;
#5077 = CYLINDRICAL_SURFACE ( 'NONE', #6237, 2.049999999999999822 ) ;
#5078 = DIRECTION ( 'NONE',  ( 1.000000000000000000, 0.000000000000000000, 0.000000000000000000 ) ) ;
#5079 = VERTEX_POINT ( 'NONE', #1718 ) ;
#5080 = VECTOR ( 'NONE', #2873, 1000.000000000000000 ) ;
#5081 = CONICAL_SURFACE ( 'NONE', #1338, 1.923760430703400193, 0.5235987755982988157 ) ;
#5082 = DIRECTION ( 'NONE',  ( -0.000000000000000000, 0.000000000000000000, -1.000000000000000000 ) ) ;
#5083 = EDGE_LOOP ( 'NONE', ( #3420, #3931, #3135, #6190 ) ) ;
#5084 = CARTESIAN_POINT ( 'NONE',  ( -19.19999999999999574, -8.750000000000000000, -4.969999999999999751 ) ) ;
#5085 = CIRCLE ( 'NONE', #3684, 0.6499999999999995781 ) ;
#5086 = AXIS2_PLACEMENT_3D ( 'NONE', #1526, #4633, #5652 ) ;
#5087 = CARTESIAN_POINT ( 'NONE',  ( -20.69999999999999574, -11.50000000000000000, -1.600000000000000089 ) ) ;
#5088 = CARTESIAN_POINT ( 'NONE',  ( 38.65000000000000568, 17.14999999999999858, -0.6999999999999998446 ) ) ;
#5089 = ORIENTED_EDGE ( 'NONE', *, *, #5093, .F. ) ;
#5090 = CIRCLE ( 'NONE', #2195, 2.000000000000000000 ) ;
#5091 = AXIS2_PLACEMENT_3D ( 'NONE', #4470, #3934, #854 ) ;
#5092 = CARTESIAN_POINT ( 'NONE',  ( -48.65999999999999659, 26.00000000000000355, -13.00000000000000178 ) ) ;
#5093 = EDGE_CURVE ( 'NONE', #3356, #1315, #4200, .T. ) ;
#5094 = ADVANCED_FACE ( 'NONE', ( #3699 ), #6252, .T. ) ;
#5095 = ORIENTED_EDGE ( 'NONE', *, *, #2761, .T. ) ;
#5096 = CARTESIAN_POINT ( 'NONE',  ( -50.00000000000000000, 20.03999999999999559, -8.304999999999999716 ) ) ;
#5097 = AXIS2_PLACEMENT_3D ( 'NONE', #1388, #4437, #4875 ) ;
#5098 = VERTEX_POINT ( 'NONE', #617 ) ;
#5099 = CARTESIAN_POINT ( 'NONE',  ( -50.00000000000000000, 5.289999999999994706, -6.069999999999997620 ) ) ;
#5100 = AXIS2_PLACEMENT_3D ( 'NONE', #3811, #2360, #4839 ) ;
#5101 = ADVANCED_FACE ( 'NONE', ( #80 ), #5685, .T. ) ;
#5102 = VECTOR ( 'NONE', #3459, 1000.000000000000000 ) ;
#5103 = ORIENTED_EDGE ( 'NONE', *, *, #1914, .F. ) ;
#5104 = DIRECTION ( 'NONE',  ( 1.000000000000000000, 0.000000000000000000, 0.000000000000000000 ) ) ;
#5105 = VERTEX_POINT ( 'NONE', #5716 ) ;
#5106 = DIRECTION ( 'NONE',  ( 1.000000000000000000, 0.000000000000000000, 0.000000000000000000 ) ) ;
#5107 = DIRECTION ( 'NONE',  ( 1.000000000000000000, 0.000000000000000000, -0.000000000000000000 ) ) ;
#5108 = FACE_OUTER_BOUND ( 'NONE', #72, .T. ) ;
#5109 = ORIENTED_EDGE ( 'NONE', *, *, #6374, .F. ) ;
#5110 = CARTESIAN_POINT ( 'NONE',  ( -50.00000000000000000, 26.00000000000000355, -2.000000000000000000 ) ) ;
#5111 = EDGE_CURVE ( 'NONE', #5689, #6518, #4160, .T. ) ;
#5112 = CARTESIAN_POINT ( 'NONE',  ( 22.60000000000000142, -12.05000000000000249, -10.65000000000000391 ) ) ;
#5113 = DIRECTION ( 'NONE',  ( 0.000000000000000000, -1.000000000000000000, 0.000000000000000000 ) ) ;
#5114 = PLANE ( 'NONE',  #2841 ) ;
#5115 = ORIENTED_EDGE ( 'NONE', *, *, #522, .F. ) ;
#5116 = CARTESIAN_POINT ( 'NONE',  ( 20.24999999999999645, -26.00000000000001066, -1.600000000000000755 ) ) ;
#5117 = VERTEX_POINT ( 'NONE', #2658 ) ;
#5118 = CARTESIAN_POINT ( 'NONE',  ( 45.00000000000000000, -28.40000000000000213, -1.600000000000000755 ) ) ;
#5119 = CARTESIAN_POINT ( 'NONE',  ( -45.00000000000000711, -26.00000000000001066, -1.600000000000000755 ) ) ;
#5120 = CARTESIAN_POINT ( 'NONE',  ( -44.99999999999999289, -29.91000000000000014, -13.90000000000000036 ) ) ;
#5121 = ORIENTED_EDGE ( 'NONE', *, *, #6552, .T. ) ;
#5122 = CARTESIAN_POINT ( 'NONE',  ( 45.00000000000000000, 26.00000000000000355, -13.90000000000000036 ) ) ;
#5123 = ORIENTED_EDGE ( 'NONE', *, *, #1114, .F. ) ;
#5124 = DIRECTION ( 'NONE',  ( 1.000000000000000000, 0.000000000000000000, 0.000000000000000000 ) ) ;
#5125 = VERTEX_POINT ( 'NONE', #1656 ) ;
#5126 = CYLINDRICAL_SURFACE ( 'NONE', #2047, 5.000000000000004441 ) ;
#5127 = EDGE_CURVE ( 'NONE', #3975, #2645, #3660, .T. ) ;
#5128 = EDGE_CURVE ( 'NONE', #5160, #2542, #3157, .T. ) ;
#5129 = ORIENTED_EDGE ( 'NONE', *, *, #115, .F. ) ;
#5130 = CARTESIAN_POINT ( 'NONE',  ( -48.00000000000000000, -15.90000000000000036, -8.250000000000000000 ) ) ;
#5131 = VERTEX_POINT ( 'NONE', #1687 ) ;
#5132 = DIRECTION ( 'NONE',  ( 1.000000000000000000, 0.000000000000000000, 0.000000000000000000 ) ) ;
#5133 = DIRECTION ( 'NONE',  ( 0.000000000000000000, 0.000000000000000000, -1.000000000000000000 ) ) ;
#5134 = DIRECTION ( 'NONE',  ( 0.000000000000000000, -0.000000000000000000, -1.000000000000000000 ) ) ;
#5135 = CARTESIAN_POINT ( 'NONE',  ( 37.75000000000000000, 4.749999999999999112, -0.6999999999999999556 ) ) ;
#5136 = CARTESIAN_POINT ( 'NONE',  ( -41.42000000000000881, -7.120000000000005436, -7.500000000000000888 ) ) ;
#5137 = EDGE_CURVE ( 'NONE', #1161, #2872, #806, .T. ) ;
#5138 = VECTOR ( 'NONE', #3209, 1000.000000000000000 ) ;
#5139 = ORIENTED_EDGE ( 'NONE', *, *, #2252, .F. ) ;
#5140 = LINE ( 'NONE', #4475, #798 ) ;
#5141 = CARTESIAN_POINT ( 'NONE',  ( 50.00000000000000000, -26.00000000000000355, -12.60000000000001741 ) ) ;
#5142 = CARTESIAN_POINT ( 'NONE',  ( -19.19999999999999574, -8.750000000000000000, -4.969999999999999751 ) ) ;
#5143 = ORIENTED_EDGE ( 'NONE', *, *, #4055, .F. ) ;
#5144 = CARTESIAN_POINT ( 'NONE',  ( -43.19999999999999574, -8.750000000000000000, -4.969999999999999751 ) ) ;
#5145 = ORIENTED_EDGE ( 'NONE', *, *, #2431, .F. ) ;
#5146 = AXIS2_PLACEMENT_3D ( 'NONE', #1249, #4333, #1275 ) ;
#5147 = ADVANCED_FACE ( 'NONE', ( #5177 ), #2725, .T. ) ;
#5148 = DIRECTION ( 'NONE',  ( 1.000000000000000000, 0.000000000000000000, 0.000000000000000000 ) ) ;
#5149 = EDGE_CURVE ( 'NONE', #6219, #633, #5240, .T. ) ;
#5150 = PLANE ( 'NONE',  #1878 ) ;
#5151 = VECTOR ( 'NONE', #3029, 1000.000000000000000 ) ;
#5152 = CARTESIAN_POINT ( 'NONE',  ( 2.499999999999997335, -3.920000000000005258, -7.500000000000000888 ) ) ;
#5153 = ORIENTED_EDGE ( 'NONE', *, *, #2486, .F. ) ;
#5154 = AXIS2_PLACEMENT_3D ( 'NONE', #4151, #2174, #4692 ) ;
#5155 = DIRECTION ( 'NONE',  ( 0.000000000000000000, 0.000000000000000000, 1.000000000000000000 ) ) ;
#5156 = ADVANCED_FACE ( 'NONE', ( #4670 ), #648, .T. ) ;
#5157 = AXIS2_PLACEMENT_3D ( 'NONE', #5099, #1007, #374 ) ;
#5158 = ORIENTED_EDGE ( 'NONE', *, *, #1931, .T. ) ;
#5159 = CYLINDRICAL_SURFACE ( 'NONE', #4707, 2.250000000000000444 ) ;
#5160 = VERTEX_POINT ( 'NONE', #6313 ) ;
#5161 = CARTESIAN_POINT ( 'NONE',  ( 50.00000000000000000, -26.00000000000000355, -12.60000000000001741 ) ) ;
#5162 = VECTOR ( 'NONE', #5274, 1000.000000000000000 ) ;
#5163 = EDGE_CURVE ( 'NONE', #6397, #66, #1220, .T. ) ;
#5164 = EDGE_CURVE ( 'NONE', #3547, #6078, #1029, .T. ) ;
#5165 = ORIENTED_EDGE ( 'NONE', *, *, #4277, .T. ) ;
#5166 = LINE ( 'NONE', #2619, #2785 ) ;
#5167 = ORIENTED_EDGE ( 'NONE', *, *, #4752, .F. ) ;
#5168 = CARTESIAN_POINT ( 'NONE',  ( 48.65999999999999659, 26.00000000000000355, -15.50000000000000178 ) ) ;
#5169 = LINE ( 'NONE', #2143, #3253 ) ;
#5170 = PLANE ( 'NONE',  #3354 ) ;
#5171 = DIRECTION ( 'NONE',  ( 0.000000000000000000, 0.000000000000000000, 1.000000000000000000 ) ) ;
#5172 = EDGE_CURVE ( 'NONE', #2401, #373, #2091, .T. ) ;
#5173 = EDGE_CURVE ( 'NONE', #2942, #5869, #2694, .T. ) ;
#5174 = ORIENTED_EDGE ( 'NONE', *, *, #5425, .F. ) ;
#5175 = LINE ( 'NONE', #3188, #3585 ) ;
#5176 = DIRECTION ( 'NONE',  ( 0.000000000000000000, 1.000000000000000000, 0.000000000000000000 ) ) ;
#5177 = FACE_OUTER_BOUND ( 'NONE', #604, .T. ) ;
#5178 = ORIENTED_EDGE ( 'NONE', *, *, #1871, .T. ) ;
#5179 = ADVANCED_FACE ( 'NONE', ( #4834 ), #5917, .F. ) ;
#5180 = VECTOR ( 'NONE', #862, 1000.000000000000114 ) ;
#5181 = CARTESIAN_POINT ( 'NONE',  ( -50.00000000000000000, -26.00000000000000355, -13.00000000000000178 ) ) ;
#5182 = ORIENTED_EDGE ( 'NONE', *, *, #3792, .F. ) ;
#5183 = ADVANCED_FACE ( 'NONE', ( #1818 ), #323, .F. ) ;
#5184 = CARTESIAN_POINT ( 'NONE',  ( 0.000000000000000000, 0.000000000000000000, -2.000000000000000000 ) ) ;
#5185 = LINE ( 'NONE', #3167, #4545 ) ;
#5186 = CIRCLE ( 'NONE', #4010, 0.9999999999999870104 ) ;
#5187 = PLANE ( 'NONE',  #5414 ) ;
#5188 = VERTEX_POINT ( 'NONE', #2825 ) ;
#5189 = EDGE_CURVE ( 'NONE', #5131, #3975, #5412, .T. ) ;
#5190 = ADVANCED_FACE ( 'NONE', ( #4874 ), #4910, .F. ) ;
#5191 = DIRECTION ( 'NONE',  ( 1.000000000000000000, 0.000000000000000000, 0.000000000000000000 ) ) ;
#5192 = LINE ( 'NONE', #1136, #6471 ) ;
#5193 = AXIS2_PLACEMENT_3D ( 'NONE', #958, #2987, #1524 ) ;
#5194 = AXIS2_PLACEMENT_3D ( 'NONE', #2429, #6456, #1853 ) ;
#5195 = EDGE_CURVE ( 'NONE', #5864, #5188, #4403, .T. ) ;
#5196 = EDGE_LOOP ( 'NONE', ( #288, #3030, #6562, #3766 ) ) ;
#5197 = VERTEX_POINT ( 'NONE', #1319 ) ;
#5198 = DIRECTION ( 'NONE',  ( 0.000000000000000000, 0.000000000000000000, -1.000000000000000000 ) ) ;
#5199 = AXIS2_PLACEMENT_3D ( 'NONE', #5997, #4488, #5492 ) ;
#5200 = AXIS2_PLACEMENT_3D ( 'NONE', #2631, #184, #1084 ) ;
#5201 = VECTOR ( 'NONE', #938, 1000.000000000000000 ) ;
#5202 = ORIENTED_EDGE ( 'NONE', *, *, #3014, .T. ) ;
#5203 = CARTESIAN_POINT ( 'NONE',  ( -10.59999999999999964, -12.05000000000000249, -1.600000000000000089 ) ) ;
#5204 = ORIENTED_EDGE ( 'NONE', *, *, #6179, .F. ) ;
#5205 = AXIS2_PLACEMENT_3D ( 'NONE', #756, #5921, #727 ) ;
#5206 = PLANE ( 'NONE',  #5367 ) ;
#5207 = DIRECTION ( 'NONE',  ( 0.000000000000000000, 1.000000000000000000, 0.000000000000000000 ) ) ;
#5208 = DIRECTION ( 'NONE',  ( 0.000000000000000000, 0.000000000000000000, 1.000000000000000000 ) ) ;
#5209 = VECTOR ( 'NONE', #985, 1000.000000000000000 ) ;
#5210 = DIRECTION ( 'NONE',  ( 0.000000000000000000, 0.000000000000000000, 1.000000000000000000 ) ) ;
#5211 = ORIENTED_EDGE ( 'NONE', *, *, #4173, .T. ) ;
#5212 = PLANE ( 'NONE',  #1659 ) ;
#5213 = LINE ( 'NONE', #2184, #3017 ) ;
#5214 = DIRECTION ( 'NONE',  ( 0.000000000000000000, 0.000000000000000000, 1.000000000000000000 ) ) ;
#5215 = ORIENTED_EDGE ( 'NONE', *, *, #6240, .F. ) ;
#5216 = DIRECTION ( 'NONE',  ( 0.000000000000000000, 0.000000000000000000, 1.000000000000000000 ) ) ;
#5217 = EDGE_CURVE ( 'NONE', #399, #1412, #5883, .T. ) ;
#5218 = DIRECTION ( 'NONE',  ( 1.000000000000000000, 0.000000000000000000, 0.000000000000000000 ) ) ;
#5219 = ORIENTED_EDGE ( 'NONE', *, *, #484, .T. ) ;
#5220 = CARTESIAN_POINT ( 'NONE',  ( 19.00000000000000000, 28.39999999999999858, -15.10000000000000142 ) ) ;
#5221 = DIRECTION ( 'NONE',  ( 0.000000000000000000, -1.000000000000000000, -0.000000000000000000 ) ) ;
#5222 = DIRECTION ( 'NONE',  ( 1.000000000000000000, 1.156482317317871725E-15, 0.000000000000000000 ) ) ;
#5223 = ORIENTED_EDGE ( 'NONE', *, *, #2405, .T. ) ;
#5224 = CARTESIAN_POINT ( 'NONE',  ( -48.65999999999999659, -26.00000000000000355, -15.00000000000000178 ) ) ;
#5225 = CARTESIAN_POINT ( 'NONE',  ( 32.00000000000000711, 5.999999999999993783, 0.000000000000000000 ) ) ;
#5226 = ORIENTED_EDGE ( 'NONE', *, *, #4191, .T. ) ;
#5227 = ORIENTED_EDGE ( 'NONE', *, *, #6203, .T. ) ;
#5228 = CARTESIAN_POINT ( 'NONE',  ( -20.69999999999999574, -10.30000000000000071, -3.169999999999999929 ) ) ;
#5229 = ORIENTED_EDGE ( 'NONE', *, *, #888, .T. ) ;
#5230 = DIRECTION ( 'NONE',  ( 0.000000000000000000, 0.000000000000000000, 1.000000000000000000 ) ) ;
#5231 = ORIENTED_EDGE ( 'NONE', *, *, #354, .F. ) ;
#5232 = CYLINDRICAL_SURFACE ( 'NONE', #6549, 1.000000000000007772 ) ;
#5233 = CARTESIAN_POINT ( 'NONE',  ( 44.99999999999999289, -29.91000000000000014, -13.90000000000000036 ) ) ;
#5234 = DIRECTION ( 'NONE',  ( 0.000000000000000000, 0.000000000000000000, 1.000000000000000000 ) ) ;
#5235 = LINE ( 'NONE', #5136, #3491 ) ;
#5236 = ADVANCED_FACE ( 'NONE', ( #752 ), #292, .T. ) ;
#5237 = ORIENTED_EDGE ( 'NONE', *, *, #4606, .T. ) ;
#5238 = CARTESIAN_POINT ( 'NONE',  ( 38.64498743710662154, 4.749999999999999112, -1.599999999999999867 ) ) ;
#5239 = DIRECTION ( 'NONE',  ( 0.000000000000000000, 0.000000000000000000, 1.000000000000000000 ) ) ;
#5240 = LINE ( 'NONE', #1749, #6385 ) ;
#5241 = EDGE_LOOP ( 'NONE', ( #1298, #5977, #944, #3516, #1653, #4089, #6607, #1691 ) ) ;
#5242 = LINE ( 'NONE', #2790, #6491 ) ;
#5243 = DIRECTION ( 'NONE',  ( 0.000000000000000000, 0.000000000000000000, 1.000000000000000000 ) ) ;
#5244 = ORIENTED_EDGE ( 'NONE', *, *, #324, .F. ) ;
#5245 = LINE ( 'NONE', #1723, #1773 ) ;
#5246 = EDGE_CURVE ( 'NONE', #4964, #2250, #4373, .T. ) ;
#5247 = DIRECTION ( 'NONE',  ( 0.000000000000000000, 1.000000000000000000, -0.000000000000000000 ) ) ;
#5248 = DIRECTION ( 'NONE',  ( 0.000000000000000000, 1.000000000000000000, 0.000000000000000000 ) ) ;
#5249 = EDGE_LOOP ( 'NONE', ( #5682, #4700, #867, #4696, #1469, #6161, #4815, #4484, #2518, #3325, #1719, #5933, #2880, #6610, #4759, #4301, #5982, #5998, #738, #2140 ) ) ;
#5250 = DIRECTION ( 'NONE',  ( -0.000000000000000000, -0.000000000000000000, 1.000000000000000000 ) ) ;
#5251 = CARTESIAN_POINT ( 'NONE',  ( 45.00000000000000000, 28.99999999999999645, 0.000000000000000000 ) ) ;
#5252 = EDGE_CURVE ( 'NONE', #3523, #3875, #5375, .T. ) ;
#5253 = ORIENTED_EDGE ( 'NONE', *, *, #3786, .F. ) ;
#5254 = CONICAL_SURFACE ( 'NONE', #339, 5.000000000000004441, 0.7853981633974657095 ) ;
#5255 = PLANE ( 'NONE',  #3267 ) ;
#5256 = ORIENTED_EDGE ( 'NONE', *, *, #889, .T. ) ;
#5257 = CARTESIAN_POINT ( 'NONE',  ( 47.39999999999999858, 26.00000000000000355, -1.600000000000000755 ) ) ;
#5258 = VECTOR ( 'NONE', #1396, 1000.000000000000000 ) ;
#5259 = EDGE_CURVE ( 'NONE', #948, #979, #5850, .T. ) ;
#5260 = EDGE_CURVE ( 'NONE', #4901, #3356, #5338, .T. ) ;
#5261 = EDGE_LOOP ( 'NONE', ( #5115, #939, #4714, #5431 ) ) ;
#5262 = CARTESIAN_POINT ( 'NONE',  ( 31.99999999999999289, 9.000000000000010658, 0.000000000000000000 ) ) ;
#5263 = ORIENTED_EDGE ( 'NONE', *, *, #4836, .F. ) ;
#5264 = LINE ( 'NONE', #5168, #1619 ) ;
#5265 = VECTOR ( 'NONE', #1342, 1000.000000000000000 ) ;
#5266 = ADVANCED_FACE ( 'NONE', ( #965 ), #997, .T. ) ;
#5267 = CARTESIAN_POINT ( 'NONE',  ( 50.00000000000000000, -26.00000000000000355, -13.00000000000000178 ) ) ;
#5268 = EDGE_CURVE ( 'NONE', #2261, #6402, #2544, .T. ) ;
#5269 = FACE_OUTER_BOUND ( 'NONE', #4356, .T. ) ;
#5270 = DIRECTION ( 'NONE',  ( 1.000000000000000000, 0.000000000000000000, -0.000000000000000000 ) ) ;
#5271 = VECTOR ( 'NONE', #1025, 1000.000000000000000 ) ;
#5272 = ORIENTED_EDGE ( 'NONE', *, *, #5675, .F. ) ;
#5273 = DIRECTION ( 'NONE',  ( 0.000000000000000000, 0.000000000000000000, 1.000000000000000000 ) ) ;
#5274 = DIRECTION ( 'NONE',  ( -0.000000000000000000, -1.000000000000000000, 0.000000000000000000 ) ) ;
#5275 = DIRECTION ( 'NONE',  ( 0.000000000000000000, 0.000000000000000000, 1.000000000000000000 ) ) ;
#5276 = EDGE_LOOP ( 'NONE', ( #4526, #5103, #542, #3960 ) ) ;
#5277 = DIRECTION ( 'NONE',  ( -1.000000000000000000, 0.000000000000000000, 0.000000000000000000 ) ) ;
#5278 = VERTEX_POINT ( 'NONE', #6198 ) ;
#5279 = CARTESIAN_POINT ( 'NONE',  ( -50.00000000000000000, 20.03999999999999559, -8.304999999999999716 ) ) ;
#5280 = CARTESIAN_POINT ( 'NONE',  ( -43.19999999999999574, -27.35000000000000142, -4.969999999999999751 ) ) ;
#5281 = DIRECTION ( 'NONE',  ( 0.000000000000000000, 0.000000000000000000, -1.000000000000000000 ) ) ;
#5282 = LINE ( 'NONE', #3815, #1861 ) ;
#5283 = VECTOR ( 'NONE', #5964, 1000.000000000000000 ) ;
#5284 = VERTEX_POINT ( 'NONE', #1965 ) ;
#5285 = CARTESIAN_POINT ( 'NONE',  ( -48.90999999999999659, 26.00000000000000355, -13.90000000000000036 ) ) ;
#5286 = CARTESIAN_POINT ( 'NONE',  ( 17.44999999999999929, 20.05000000000000071, -1.600000000000000089 ) ) ;
#5287 = AXIS2_PLACEMENT_3D ( 'NONE', #745, #3353, #4828 ) ;
#5288 = VECTOR ( 'NONE', #225, 1000.000000000000227 ) ;
#5289 = ORIENTED_EDGE ( 'NONE', *, *, #836, .T. ) ;
#5290 = DIRECTION ( 'NONE',  ( -1.000000000000000000, 0.000000000000000000, 0.000000000000000000 ) ) ;
#5291 = ORIENTED_EDGE ( 'NONE', *, *, #3744, .T. ) ;
#5292 = CARTESIAN_POINT ( 'NONE',  ( 2.499999999999997335, -3.920000000000005258, -1.600000000000000089 ) ) ;
#5293 = EDGE_CURVE ( 'NONE', #586, #2008, #4015, .T. ) ;
#5294 = VECTOR ( 'NONE', #1725, 1000.000000000000000 ) ;
#5295 = CIRCLE ( 'NONE', #5194, 1.000000000000007772 ) ;
#5296 = ORIENTED_EDGE ( 'NONE', *, *, #425, .T. ) ;
#5297 = VECTOR ( 'NONE', #4234, 1000.000000000000000 ) ;
#5298 = DIRECTION ( 'NONE',  ( -0.000000000000000000, -0.000000000000000000, 1.000000000000000000 ) ) ;
#5299 = CIRCLE ( 'NONE', #1022, 4.600000000000006750 ) ;
#5300 = ORIENTED_EDGE ( 'NONE', *, *, #1994, .T. ) ;
#5301 = DIRECTION ( 'NONE',  ( -8.594668476655629877E-16, 0.4999999999999999445, 0.8660254037844385966 ) ) ;
#5302 = CARTESIAN_POINT ( 'NONE',  ( -45.00000000000000000, -25.99999999999999645, -13.00000000000000178 ) ) ;
#5303 = LINE ( 'NONE', #3830, #3674 ) ;
#5304 = VECTOR ( 'NONE', #2708, 1000.000000000000000 ) ;
#5305 = AXIS2_PLACEMENT_3D ( 'NONE', #256, #1281, #5952 ) ;
#5306 = LINE ( 'NONE', #6274, #1075 ) ;
#5307 = ORIENTED_EDGE ( 'NONE', *, *, #2281, .T. ) ;
#5308 = FACE_OUTER_BOUND ( 'NONE', #1973, .T. ) ;
#5309 = DIRECTION ( 'NONE',  ( 1.000000000000000000, 0.000000000000000000, 0.000000000000000000 ) ) ;
#5310 = CARTESIAN_POINT ( 'NONE',  ( 44.99999999999999289, 29.16000000000000014, -15.50000000000000178 ) ) ;
#5311 = ORIENTED_EDGE ( 'NONE', *, *, #203, .T. ) ;
#5312 = FACE_OUTER_BOUND ( 'NONE', #2948, .T. ) ;
#5313 = CIRCLE ( 'NONE', #4664, 1.199999999999999734 ) ;
#5314 = ORIENTED_EDGE ( 'NONE', *, *, #3986, .T. ) ;
#5315 = CARTESIAN_POINT ( 'NONE',  ( -48.00000000000000000, 17.08999999999999631, -6.070000000000000284 ) ) ;
#5316 = FACE_OUTER_BOUND ( 'NONE', #4921, .T. ) ;
#5317 = LINE ( 'NONE', #2577, #4525 ) ;
#5318 = CARTESIAN_POINT ( 'NONE',  ( 39.34999999999999432, 4.749999999999999112, -2.000000000000000000 ) ) ;
#5319 = ORIENTED_EDGE ( 'NONE', *, *, #4405, .F. ) ;
#5320 = CARTESIAN_POINT ( 'NONE',  ( 8.599999999999999645, -12.05000000000000249, -10.65000000000000391 ) ) ;
#5321 = CARTESIAN_POINT ( 'NONE',  ( -48.00000000000000000, -26.00000000000000000, -2.000000000000000000 ) ) ;
#5322 = ORIENTED_EDGE ( 'NONE', *, *, #324, .T. ) ;
#5323 = CARTESIAN_POINT ( 'NONE',  ( -19.19999999999999574, -8.750000000000000000, -1.600000000000000089 ) ) ;
#5324 = EDGE_LOOP ( 'NONE', ( #4047, #3553, #1150, #5158 ) ) ;
#5325 = PLANE ( 'NONE',  #1523 ) ;
#5326 = VERTEX_POINT ( 'NONE', #6100 ) ;
#5327 = ADVANCED_FACE ( 'NONE', ( #1501 ), #5658, .T. ) ;
#5328 = CARTESIAN_POINT ( 'NONE',  ( 48.15999999999998948, -26.00000000000000355, -15.50000000000000178 ) ) ;
#5329 = VERTEX_POINT ( 'NONE', #5554 ) ;
#5330 = CARTESIAN_POINT ( 'NONE',  ( -47.39999999999999858, 26.00000000000000355, -1.600000000000000755 ) ) ;
#5331 = CARTESIAN_POINT ( 'NONE',  ( -45.00000000000000000, 26.00000000000000355, -14.69999999999999929 ) ) ;
#5332 = CARTESIAN_POINT ( 'NONE',  ( -45.00000000000000000, -28.39999999999999858, -1.600000000000000755 ) ) ;
#5333 = CARTESIAN_POINT ( 'NONE',  ( -44.99999999999999289, -29.66000000000000725, -15.00000000000000178 ) ) ;
#5334 = EDGE_LOOP ( 'NONE', ( #3801, #5377, #5765, #3409, #1932 ) ) ;
#5335 = ORIENTED_EDGE ( 'NONE', *, *, #203, .F. ) ;
#5336 = CARTESIAN_POINT ( 'NONE',  ( 0.7999999999999972689, -7.120000000000005436, -7.500000000000000888 ) ) ;
#5337 = LINE ( 'NONE', #4833, #2368 ) ;
#5338 = LINE ( 'NONE', #560, #5201 ) ;
#5339 = DIRECTION ( 'NONE',  ( -1.000000000000000000, 0.000000000000000000, 0.000000000000000000 ) ) ;
#5340 = CARTESIAN_POINT ( 'NONE',  ( 0.000000000000000000, 0.000000000000000000, 0.000000000000000000 ) ) ;
#5341 = ORIENTED_EDGE ( 'NONE', *, *, #1607, .F. ) ;
#5342 = EDGE_CURVE ( 'NONE', #5438, #5495, #3538, .T. ) ;
#5343 = CARTESIAN_POINT ( 'NONE',  ( 45.00000000000000000, 31.00000000000000000, -2.000000000000000000 ) ) ;
#5344 = FACE_OUTER_BOUND ( 'NONE', #3453, .T. ) ;
#5345 = CARTESIAN_POINT ( 'NONE',  ( -17.89999999999999503, -26.20000000000000284, -4.969999999999999751 ) ) ;
#5346 = DIRECTION ( 'NONE',  ( 0.000000000000000000, -0.000000000000000000, -1.000000000000000000 ) ) ;
#5347 = ORIENTED_EDGE ( 'NONE', *, *, #2795, .F. ) ;
#5348 = EDGE_CURVE ( 'NONE', #2585, #1161, #5590, .T. ) ;
#5349 = DIRECTION ( 'NONE',  ( 0.000000000000000000, -1.000000000000000000, 0.000000000000000000 ) ) ;
#5350 = EDGE_CURVE ( 'NONE', #2843, #5855, #1061, .T. ) ;
#5351 = DIRECTION ( 'NONE',  ( -1.000000000000000000, 0.000000000000000000, 0.000000000000000000 ) ) ;
#5352 = ORIENTED_EDGE ( 'NONE', *, *, #2181, .F. ) ;
#5353 = VERTEX_POINT ( 'NONE', #6066 ) ;
#5354 = AXIS2_PLACEMENT_3D ( 'NONE', #3244, #4392, #172 ) ;
#5355 = CARTESIAN_POINT ( 'NONE',  ( -45.00000000000000000, 25.99999999999999289, -12.60000000000001741 ) ) ;
#5356 = ORIENTED_EDGE ( 'NONE', *, *, #3871, .F. ) ;
#5357 = DIRECTION ( 'NONE',  ( 0.000000000000000000, 0.000000000000000000, -1.000000000000000000 ) ) ;
#5358 = ADVANCED_FACE ( 'NONE', ( #3473 ), #5150, .T. ) ;
#5359 = VECTOR ( 'NONE', #135, 1000.000000000000000 ) ;
#5360 = EDGE_CURVE ( 'NONE', #1882, #1053, #5523, .T. ) ;
#5361 = ORIENTED_EDGE ( 'NONE', *, *, #2998, .F. ) ;
#5362 = CARTESIAN_POINT ( 'NONE',  ( 20.25000000000000000, 4.749999999999999112, -0.6999999999999999556 ) ) ;
#5363 = VERTEX_POINT ( 'NONE', #464 ) ;
#5364 = VECTOR ( 'NONE', #1945, 1000.000000000000000 ) ;
#5365 = LINE ( 'NONE', #283, #4617 ) ;
#5366 = LINE ( 'NONE', #1776, #6050 ) ;
#5367 = AXIS2_PLACEMENT_3D ( 'NONE', #673, #1049, #2680 ) ;
#5368 = EDGE_CURVE ( 'NONE', #563, #2500, #3608, .T. ) ;
#5369 = LINE ( 'NONE', #1743, #6255 ) ;
#5370 = AXIS2_PLACEMENT_3D ( 'NONE', #151, #1223, #5218 ) ;
#5371 = CIRCLE ( 'NONE', #127, 2.250000000000000444 ) ;
#5372 = EDGE_LOOP ( 'NONE', ( #5902, #3068, #4187, #1165 ) ) ;
#5373 = DIRECTION ( 'NONE',  ( -1.000000000000000000, -0.000000000000000000, -0.000000000000000000 ) ) ;
#5374 = FACE_OUTER_BOUND ( 'NONE', #5830, .T. ) ;
#5375 = LINE ( 'NONE', #3297, #4346 ) ;
#5376 = LINE ( 'NONE', #1320, #4238 ) ;
#5377 = ORIENTED_EDGE ( 'NONE', *, *, #1690, .T. ) ;
#5378 = EDGE_CURVE ( 'NONE', #886, #5016, #6565, .T. ) ;
#5379 = EDGE_CURVE ( 'NONE', #5105, #4659, #4550, .T. ) ;
#5380 = DIRECTION ( 'NONE',  ( 1.000000000000000000, -0.000000000000000000, -0.000000000000000000 ) ) ;
#5381 = LINE ( 'NONE', #5958, #1337 ) ;
#5382 = DIRECTION ( 'NONE',  ( -1.000000000000000000, 0.000000000000000000, 0.000000000000000000 ) ) ;
#5383 = DIRECTION ( 'NONE',  ( -1.000000000000000000, 0.000000000000000000, 0.000000000000000000 ) ) ;
#5384 = ORIENTED_EDGE ( 'NONE', *, *, #5594, .F. ) ;
#5385 = EDGE_CURVE ( 'NONE', #1170, #5931, #4586, .T. ) ;
#5386 = DIRECTION ( 'NONE',  ( 1.000000000000000000, 0.000000000000000000, 0.000000000000000000 ) ) ;
#5387 = EDGE_CURVE ( 'NONE', #2291, #1415, #1462, .T. ) ;
#5388 = PLANE ( 'NONE',  #4103 ) ;
#5389 = VERTEX_POINT ( 'NONE', #28 ) ;
#5390 = AXIS2_PLACEMENT_3D ( 'NONE', #4744, #198, #3637 ) ;
#5391 = ORIENTED_EDGE ( 'NONE', *, *, #1613, .T. ) ;
#5392 = DIRECTION ( 'NONE',  ( 0.000000000000000000, 0.000000000000000000, 1.000000000000000000 ) ) ;
#5393 = VERTEX_POINT ( 'NONE', #1034 ) ;
#5394 = ADVANCED_FACE ( 'NONE', ( #6165 ), #4045, .T. ) ;
#5395 = LINE ( 'NONE', #308, #6126 ) ;
#5396 = CIRCLE ( 'NONE', #1964, 1.799999999999999600 ) ;
#5397 = EDGE_CURVE ( 'NONE', #5737, #2232, #3916, .T. ) ;
#5398 = ORIENTED_EDGE ( 'NONE', *, *, #1583, .T. ) ;
#5399 = CARTESIAN_POINT ( 'NONE',  ( -48.90999999999999659, 26.00000000000000355, -13.90000000000000036 ) ) ;
#5400 = VERTEX_POINT ( 'NONE', #4701 ) ;
#5401 = CARTESIAN_POINT ( 'NONE',  ( 18.64999999999999858, 17.25000000000000000, -2.000000000000000000 ) ) ;
#5402 = VECTOR ( 'NONE', #6556, 1000.000000000000000 ) ;
#5403 = VECTOR ( 'NONE', #5572, 1000.000000000000000 ) ;
#5404 = DIRECTION ( 'NONE',  ( 0.000000000000000000, -1.000000000000000000, 0.000000000000000000 ) ) ;
#5405 = LINE ( 'NONE', #1846, #260 ) ;
#5406 = CONICAL_SURFACE ( 'NONE', #1554, 3.909999999999996589, 0.3028848683749718051 ) ;
#5407 = AXIS2_PLACEMENT_3D ( 'NONE', #2756, #5275, #683 ) ;
#5408 = EDGE_LOOP ( 'NONE', ( #1767, #1209, #1242, #6575, #1750, #5391, #5929, #3810 ) ) ;
#5409 = ORIENTED_EDGE ( 'NONE', *, *, #2006, .F. ) ;
#5410 = DIRECTION ( 'NONE',  ( 0.000000000000000000, 0.000000000000000000, 1.000000000000000000 ) ) ;
#5411 = FACE_OUTER_BOUND ( 'NONE', #5828, .T. ) ;
#5412 = LINE ( 'NONE', #2330, #4764 ) ;
#5413 = DIRECTION ( 'NONE',  ( -0.000000000000000000, 1.000000000000000000, 0.000000000000000000 ) ) ;
#5414 = AXIS2_PLACEMENT_3D ( 'NONE', #6133, #3102, #5627 ) ;
#5415 = VECTOR ( 'NONE', #4639, 1000.000000000000000 ) ;
#5416 = ORIENTED_EDGE ( 'NONE', *, *, #2512, .F. ) ;
#5417 = FACE_OUTER_BOUND ( 'NONE', #694, .T. ) ;
#5418 = AXIS2_PLACEMENT_3D ( 'NONE', #2392, #784, #2952 ) ;
#5419 = DIRECTION ( 'NONE',  ( 0.000000000000000000, -0.000000000000000000, 1.000000000000000000 ) ) ;
#5420 = CARTESIAN_POINT ( 'NONE',  ( 39.34999999999999432, 4.749999999999999112, -0.6999999999999999556 ) ) ;
#5421 = EDGE_CURVE ( 'NONE', #4076, #1842, #6220, .T. ) ;
#5422 = CARTESIAN_POINT ( 'NONE',  ( -20.69999999999999574, -10.30000000000000071, -1.600000000000000089 ) ) ;
#5423 = ORIENTED_EDGE ( 'NONE', *, *, #747, .T. ) ;
#5424 = DIRECTION ( 'NONE',  ( 0.000000000000000000, 1.000000000000000000, 0.000000000000000000 ) ) ;
#5425 = EDGE_CURVE ( 'NONE', #2939, #5689, #2733, .T. ) ;
#5426 = DIRECTION ( 'NONE',  ( 1.000000000000000000, 0.000000000000000000, 0.000000000000000000 ) ) ;
#5427 = AXIS2_PLACEMENT_3D ( 'NONE', #2021, #887, #4063 ) ;
#5428 = ORIENTED_EDGE ( 'NONE', *, *, #410, .T. ) ;
#5429 = VERTEX_POINT ( 'NONE', #685 ) ;
#5430 = PLANE ( 'NONE',  #380 ) ;
#5431 = ORIENTED_EDGE ( 'NONE', *, *, #3588, .T. ) ;
#5432 = FACE_OUTER_BOUND ( 'NONE', #3851, .T. ) ;
#5433 = EDGE_CURVE ( 'NONE', #4860, #2848, #4835, .T. ) ;
#5434 = ORIENTED_EDGE ( 'NONE', *, *, #5603, .T. ) ;
#5435 = CARTESIAN_POINT ( 'NONE',  ( 18.64999999999999858, 3.149999999999999467, -2.000000000000000000 ) ) ;
#5436 = ORIENTED_EDGE ( 'NONE', *, *, #4979, .T. ) ;
#5437 = LINE ( 'NONE', #313, #5913 ) ;
#5438 = VERTEX_POINT ( 'NONE', #4309 ) ;
#5439 = CARTESIAN_POINT ( 'NONE',  ( -48.65999999999999659, -26.00000000000000355, -14.69999999999999929 ) ) ;
#5440 = EDGE_CURVE ( 'NONE', #6531, #4215, #6352, .T. ) ;
#5441 = VERTEX_POINT ( 'NONE', #2727 ) ;
#5442 = EDGE_LOOP ( 'NONE', ( #1485, #4233, #6295, #5801 ) ) ;
#5443 = DIRECTION ( 'NONE',  ( 0.000000000000000000, 0.000000000000000000, 1.000000000000000000 ) ) ;
#5444 = DIRECTION ( 'NONE',  ( 0.000000000000000000, 0.000000000000000000, 1.000000000000000000 ) ) ;
#5445 = DIRECTION ( 'NONE',  ( 1.000000000000000000, 0.000000000000000000, 0.000000000000000000 ) ) ;
#5446 = ORIENTED_EDGE ( 'NONE', *, *, #2166, .T. ) ;
#5447 = EDGE_CURVE ( 'NONE', #3075, #1028, #5242, .T. ) ;
#5448 = CARTESIAN_POINT ( 'NONE',  ( -18.89999999999999503, -10.89999999999999858, -4.969999999999999751 ) ) ;
#5449 = LINE ( 'NONE', #2831, #1651 ) ;
#5450 = DIRECTION ( 'NONE',  ( -1.000000000000000000, 0.000000000000000000, 0.000000000000000000 ) ) ;
#5451 = CARTESIAN_POINT ( 'NONE',  ( -50.00000000000000000, -23.85000000000000142, -8.399999999999996803 ) ) ;
#5452 = VERTEX_POINT ( 'NONE', #4162 ) ;
#5453 = DIRECTION ( 'NONE',  ( -0.000000000000000000, 1.000000000000000000, 0.000000000000000000 ) ) ;
#5454 = CARTESIAN_POINT ( 'NONE',  ( 37.64999999999999858, 18.14999999999999858, -0.6999999999999998446 ) ) ;
#5455 = EDGE_CURVE ( 'NONE', #2430, #6573, #1240, .T. ) ;
#5456 = VERTEX_POINT ( 'NONE', #5816 ) ;
#5457 = EDGE_LOOP ( 'NONE', ( #4129, #1865, #2379, #3027 ) ) ;
#5458 = FACE_OUTER_BOUND ( 'NONE', #667, .T. ) ;
#5459 = ORIENTED_EDGE ( 'NONE', *, *, #2405, .F. ) ;
#5460 = DIRECTION ( 'NONE',  ( 1.000000000000000000, 0.000000000000000000, 0.000000000000000000 ) ) ;
#5461 = ORIENTED_EDGE ( 'NONE', *, *, #6052, .T. ) ;
#5462 = CARTESIAN_POINT ( 'NONE',  ( -48.00000000000000000, 13.43999999999999773, -8.470000000000000639 ) ) ;
#5463 = ORIENTED_EDGE ( 'NONE', *, *, #91, .T. ) ;
#5464 = DIRECTION ( 'NONE',  ( 1.000000000000000000, 0.000000000000000000, 0.000000000000000000 ) ) ;
#5465 = EDGE_CURVE ( 'NONE', #6450, #4497, #2153, .T. ) ;
#5466 = ORIENTED_EDGE ( 'NONE', *, *, #1504, .F. ) ;
#5467 = CARTESIAN_POINT ( 'NONE',  ( 45.50000000000000000, -22.00000000000000000, -16.39999999999999858 ) ) ;
#5468 = EDGE_CURVE ( 'NONE', #229, #1183, #650, .T. ) ;
#5469 = VECTOR ( 'NONE', #4424, 1000.000000000000000 ) ;
#5470 = VERTEX_POINT ( 'NONE', #4773 ) ;
#5471 = VECTOR ( 'NONE', #3942, 1000.000000000000000 ) ;
#5473 = ORIENTED_EDGE ( 'NONE', *, *, #432, .F. ) ;
#5472 = EDGE_CURVE ( 'NONE', #1063, #2753, #3050, .T. ) ;
#5474 = DIRECTION ( 'NONE',  ( -0.000000000000000000, 0.000000000000000000, 1.000000000000000000 ) ) ;
#5475 = DIRECTION ( 'NONE',  ( -0.000000000000000000, -0.000000000000000000, -1.000000000000000000 ) ) ;
#5476 = EDGE_CURVE ( 'NONE', #1389, #3075, #219, .T. ) ;
#5477 = LINE ( 'NONE', #5884, #501 ) ;
#5478 = VERTEX_POINT ( 'NONE', #1626 ) ;
#5479 = PLANE ( 'NONE',  #826 ) ;
#5480 = ADVANCED_FACE ( 'NONE', ( #3662 ), #4734, .T. ) ;
#5481 = VECTOR ( 'NONE', #5839, 1000.000000000000000 ) ;
#5482 = DIRECTION ( 'NONE',  ( 0.000000000000000000, 0.000000000000000000, 1.000000000000000000 ) ) ;
#5483 = CARTESIAN_POINT ( 'NONE',  ( 49.60000000000000853, -26.00000000000000355, -13.00000000000000178 ) ) ;
#5484 = DIRECTION ( 'NONE',  ( 0.000000000000000000, 0.000000000000000000, -1.000000000000000000 ) ) ;
#5485 = ORIENTED_EDGE ( 'NONE', *, *, #6564, .T. ) ;
#5486 = AXIS2_PLACEMENT_3D ( 'NONE', #2724, #3698, #580 ) ;
#5487 = CARTESIAN_POINT ( 'NONE',  ( -44.99999999999999289, -29.66000000000000369, -15.50000000000000178 ) ) ;
#5488 = VERTEX_POINT ( 'NONE', #1658 ) ;
#5489 = DIRECTION ( 'NONE',  ( 0.000000000000000000, 0.000000000000000000, 1.000000000000000000 ) ) ;
#5490 = ORIENTED_EDGE ( 'NONE', *, *, #395, .F. ) ;
#5491 = ORIENTED_EDGE ( 'NONE', *, *, #5688, .F. ) ;
#5492 = DIRECTION ( 'NONE',  ( -1.000000000000000000, 0.000000000000000000, 0.000000000000000000 ) ) ;
#5493 = ORIENTED_EDGE ( 'NONE', *, *, #5189, .T. ) ;
#5494 = LINE ( 'NONE', #841, #5080 ) ;
#5495 = VERTEX_POINT ( 'NONE', #723 ) ;
#5496 = FACE_OUTER_BOUND ( 'NONE', #3227, .T. ) ;
#5497 = VERTEX_POINT ( 'NONE', #753 ) ;
#5498 = DIRECTION ( 'NONE',  ( 1.734723475976805319E-15, -1.000000000000000000, 1.734723475976806897E-15 ) ) ;
#5499 = EDGE_CURVE ( 'NONE', #434, #5581, #1122, .T. ) ;
#5500 = ORIENTED_EDGE ( 'NONE', *, *, #2888, .F. ) ;
#5501 = VECTOR ( 'NONE', #5155, 1000.000000000000000 ) ;
#5502 = CARTESIAN_POINT ( 'NONE',  ( -10.59999999999999964, -12.05000000000000249, -10.65000000000000391 ) ) ;
#5503 = VERTEX_POINT ( 'NONE', #3160 ) ;
#5504 = CIRCLE ( 'NONE', #5827, 2.250000000000000444 ) ;
#5505 = VERTEX_POINT ( 'NONE', #1222 ) ;
#5506 = DIRECTION ( 'NONE',  ( 0.000000000000000000, 0.000000000000000000, 1.000000000000000000 ) ) ;
#5507 = FACE_OUTER_BOUND ( 'NONE', #5241, .T. ) ;
#5508 = DIRECTION ( 'NONE',  ( -1.000000000000000000, 0.000000000000000000, 0.000000000000000000 ) ) ;
#5509 = ORIENTED_EDGE ( 'NONE', *, *, #4491, .T. ) ;
#5510 = AXIS2_PLACEMENT_3D ( 'NONE', #2914, #1883, #2322 ) ;
#5511 = CARTESIAN_POINT ( 'NONE',  ( -44.99999999999999289, 29.66000000000000369, -15.00000000000000178 ) ) ;
#5512 = FACE_OUTER_BOUND ( 'NONE', #3630, .T. ) ;
#5513 = FACE_OUTER_BOUND ( 'NONE', #4993, .T. ) ;
#5514 = AXIS2_PLACEMENT_3D ( 'NONE', #6434, #1441, #839 ) ;
#5515 = CARTESIAN_POINT ( 'NONE',  ( 44.99999999999999289, 29.91000000000000014, -13.90000000000000036 ) ) ;
#5516 = ORIENTED_EDGE ( 'NONE', *, *, #379, .F. ) ;
#5517 = CIRCLE ( 'NONE', #3808, 1.199999999999999734 ) ;
#5518 = CARTESIAN_POINT ( 'NONE',  ( -45.00000000000000000, -25.99999999999999645, -13.00000000000000178 ) ) ;
#5519 = VERTEX_POINT ( 'NONE', #1155 ) ;
#5520 = CARTESIAN_POINT ( 'NONE',  ( -9.400000000000000355, -24.05000000000000071, -10.65000000000000391 ) ) ;
#5521 = VECTOR ( 'NONE', #2963, 1000.000000000000000 ) ;
#5522 = CONICAL_SURFACE ( 'NONE', #597, 2.000000000000008882, 0.7853981633974447263 ) ;
#5523 = LINE ( 'NONE', #3511, #387 ) ;
#5524 = ORIENTED_EDGE ( 'NONE', *, *, #4068, .F. ) ;
#5525 = LINE ( 'NONE', #941, #476 ) ;
#5526 = VERTEX_POINT ( 'NONE', #4805 ) ;
#5527 = CARTESIAN_POINT ( 'NONE',  ( 20.25000000000000000, 17.25000000000000000, -2.000000000000000000 ) ) ;
#5528 = CIRCLE ( 'NONE', #3922, 1.799999999999999600 ) ;
#5529 = CARTESIAN_POINT ( 'NONE',  ( -50.00000000000000000, -26.00000000000000355, -2.000000000000000000 ) ) ;
#5530 = VERTEX_POINT ( 'NONE', #3192 ) ;
#5531 = DIRECTION ( 'NONE',  ( 0.000000000000000000, 0.000000000000000000, -1.000000000000000000 ) ) ;
#5532 = ORIENTED_EDGE ( 'NONE', *, *, #5942, .T. ) ;
#5533 = CARTESIAN_POINT ( 'NONE',  ( 19.00000000000000000, 28.39999999999999858, -1.600000000000000089 ) ) ;
#5534 = ORIENTED_EDGE ( 'NONE', *, *, #1698, .T. ) ;
#5535 = DIRECTION ( 'NONE',  ( -0.000000000000000000, -0.000000000000000000, -1.000000000000000000 ) ) ;
#5536 = PRODUCT_RELATED_PRODUCT_CATEGORY ( 'part', '', ( #4551 ) ) ;
#5537 = ORIENTED_EDGE ( 'NONE', *, *, #4857, .F. ) ;
#5538 = ORIENTED_EDGE ( 'NONE', *, *, #3681, .T. ) ;
#5539 = PLANE ( 'NONE',  #3914 ) ;
#5540 = CARTESIAN_POINT ( 'NONE',  ( 13.00000000000000178, 27.19999999999999574, -1.600000000000000089 ) ) ;
#5541 = DIRECTION ( 'NONE',  ( 0.000000000000000000, 1.000000000000000000, -0.000000000000000000 ) ) ;
#5542 = FACE_OUTER_BOUND ( 'NONE', #5739, .T. ) ;
#5543 = EDGE_CURVE ( 'NONE', #4497, #5979, #2696, .T. ) ;
#5544 = CARTESIAN_POINT ( 'NONE',  ( 45.00000000000000711, 26.00000000000002132, -15.50000000000000178 ) ) ;
#5545 = CARTESIAN_POINT ( 'NONE',  ( -45.00000000000000000, 25.99999999999999289, -13.00000000000000178 ) ) ;
#5546 = CARTESIAN_POINT ( 'NONE',  ( -48.00000000000000000, 5.289999999999994706, -6.069999999999997620 ) ) ;
#5547 = LINE ( 'NONE', #3505, #488 ) ;
#5548 = VERTEX_POINT ( 'NONE', #1689 ) ;
#5549 = ADVANCED_FACE ( 'NONE', ( #5312, #2251 ), #1751, .F. ) ;
#5550 = LINE ( 'NONE', #1471, #5258 ) ;
#5551 = ORIENTED_EDGE ( 'NONE', *, *, #4687, .F. ) ;
#5552 = EDGE_CURVE ( 'NONE', #6402, #6010, #4882, .T. ) ;
#5553 = CYLINDRICAL_SURFACE ( 'NONE', #2947, 3.659999999999989484 ) ;
#5554 = CARTESIAN_POINT ( 'NONE',  ( 13.00000000000000178, 28.39999999999999858, -1.600000000000000089 ) ) ;
#5555 = DIRECTION ( 'NONE',  ( -0.000000000000000000, -0.000000000000000000, 1.000000000000000000 ) ) ;
#5556 = EDGE_LOOP ( 'NONE', ( #897, #383, #2994, #2709 ) ) ;
#5557 = EDGE_CURVE ( 'NONE', #5079, #3001, #4939, .T. ) ;
#5558 = EDGE_CURVE ( 'NONE', #1472, #2978, #5953, .T. ) ;
#5559 = LINE ( 'NONE', #4080, #3996 ) ;
#5560 = ORIENTED_EDGE ( 'NONE', *, *, #2602, .T. ) ;
#5561 = LINE ( 'NONE', #407, #1928 ) ;
#5562 = ORIENTED_EDGE ( 'NONE', *, *, #590, .T. ) ;
#5563 = CARTESIAN_POINT ( 'NONE',  ( -48.00000000000000000, 17.08999999999999631, -10.86999999999999744 ) ) ;
#5564 = VERTEX_POINT ( 'NONE', #3456 ) ;
#5565 = LINE ( 'NONE', #2484, #4868 ) ;
#5566 = EDGE_CURVE ( 'NONE', #2748, #569, #3360, .T. ) ;
#5567 = ORIENTED_EDGE ( 'NONE', *, *, #2394, .T. ) ;
#5568 = ORIENTED_EDGE ( 'NONE', *, *, #888, .F. ) ;
#5569 = CARTESIAN_POINT ( 'NONE',  ( -48.90999999999999659, 26.00000000000000355, -13.90000000000000036 ) ) ;
#5570 = CARTESIAN_POINT ( 'NONE',  ( -45.00000000000000000, -25.99999999999999645, -12.60000000000001741 ) ) ;
#5571 = VECTOR ( 'NONE', #1540, 1000.000000000000000 ) ;
#5572 = DIRECTION ( 'NONE',  ( 0.000000000000000000, -1.000000000000000000, 0.000000000000000000 ) ) ;
#5573 = EDGE_CURVE ( 'NONE', #725, #6577, #6599, .T. ) ;
#5574 = ORIENTED_EDGE ( 'NONE', *, *, #1368, .F. ) ;
#5575 = DIRECTION ( 'NONE',  ( 0.000000000000000000, 0.000000000000000000, 1.000000000000000000 ) ) ;
#5576 = CIRCLE ( 'NONE', #3540, 0.9999999999999870104 ) ;
#5577 = VECTOR ( 'NONE', #2799, 1000.000000000000227 ) ;
#5578 = PLANE ( 'NONE',  #5946 ) ;
#5579 = LINE ( 'NONE', #3531, #3232 ) ;
#5580 = CARTESIAN_POINT ( 'NONE',  ( 45.00000000000000000, -26.00000000000000355, -13.90000000000000036 ) ) ;
#5581 = VERTEX_POINT ( 'NONE', #3836 ) ;
#5582 = CIRCLE ( 'NONE', #3217, 3.659999999999989484 ) ;
#5583 = EDGE_CURVE ( 'NONE', #199, #967, #2859, .T. ) ;
#5584 = EDGE_CURVE ( 'NONE', #5393, #461, #1353, .T. ) ;
#5585 = CARTESIAN_POINT ( 'NONE',  ( 20.25000000000000000, 4.749999999999999112, -2.000000000000000000 ) ) ;
#5586 = VECTOR ( 'NONE', #2141, 1000.000000000000000 ) ;
#5587 = ORIENTED_EDGE ( 'NONE', *, *, #3098, .F. ) ;
#5588 = CARTESIAN_POINT ( 'NONE',  ( -47.39999999999999858, 26.00000000000000355, -15.50000000000000178 ) ) ;
#5589 = VECTOR ( 'NONE', #333, 1000.000000000000000 ) ;
#5590 = LINE ( 'NONE', #2061, #5415 ) ;
#5591 = AXIS2_PLACEMENT_3D ( 'NONE', #5601, #3045, #3954 ) ;
#5592 = CARTESIAN_POINT ( 'NONE',  ( 37.35000000000000142, 3.149999999999999467, -4.200000000000000178 ) ) ;
#5593 = ORIENTED_EDGE ( 'NONE', *, *, #2746, .F. ) ;
#5594 = EDGE_CURVE ( 'NONE', #3411, #780, #2531, .T. ) ;
#5595 = ADVANCED_FACE ( 'NONE', ( #3964 ), #6422, .F. ) ;
#5596 = CARTESIAN_POINT ( 'NONE',  ( -48.00000000000000000, -13.25000000000000000, -2.399999999999999911 ) ) ;
#5597 = VECTOR ( 'NONE', #1290, 1000.000000000000000 ) ;
#5598 = ORIENTED_EDGE ( 'NONE', *, *, #2171, .T. ) ;
#5599 = DIRECTION ( 'NONE',  ( 0.000000000000000000, 0.000000000000000000, 1.000000000000000000 ) ) ;
#5600 = ORIENTED_EDGE ( 'NONE', *, *, #598, .F. ) ;
#5601 = CARTESIAN_POINT ( 'NONE',  ( 42.00000000000000000, -29.80000000000000071, -13.00000000000000178 ) ) ;
#5602 = VERTEX_POINT ( 'NONE', #6014 ) ;
#5603 = EDGE_CURVE ( 'NONE', #2905, #847, #2358, .T. ) ;
#5604 = ORIENTED_EDGE ( 'NONE', *, *, #1382, .F. ) ;
#5605 = VECTOR ( 'NONE', #4644, 1000.000000000000000 ) ;
#5606 = ORIENTED_EDGE ( 'NONE', *, *, #4456, .F. ) ;
#5607 = DIRECTION ( 'NONE',  ( -1.000000000000000000, 0.000000000000000000, 0.000000000000000000 ) ) ;
#5608 = DIRECTION ( 'NONE',  ( 0.000000000000000000, 0.000000000000000000, 1.000000000000000000 ) ) ;
#5609 = FACE_BOUND ( 'NONE', #5991, .T. ) ;
#5610 = ORIENTED_EDGE ( 'NONE', *, *, #3086, .T. ) ;
#5611 = VECTOR ( 'NONE', #2783, 1000.000000000000000 ) ;
#5612 = CARTESIAN_POINT ( 'NONE',  ( -48.00000000000000000, -23.84999999999999787, -3.600000000000005862 ) ) ;
#5613 = VECTOR ( 'NONE', #1665, 1000.000000000000000 ) ;
#5614 = FACE_OUTER_BOUND ( 'NONE', #3722, .T. ) ;
#5615 = LINE ( 'NONE', #3062, #4090 ) ;
#5616 = FACE_OUTER_BOUND ( 'NONE', #2012, .T. ) ;
#5617 = ORIENTED_EDGE ( 'NONE', *, *, #3032, .F. ) ;
#5618 = VECTOR ( 'NONE', #4541, 1000.000000000000000 ) ;
#5619 = VECTOR ( 'NONE', #442, 1000.000000000000000 ) ;
#5620 = DIRECTION ( 'NONE',  ( 1.000000000000000000, 0.000000000000000000, -0.000000000000000000 ) ) ;
#5621 = ORIENTED_EDGE ( 'NONE', *, *, #1762, .T. ) ;
#5622 = CARTESIAN_POINT ( 'NONE',  ( -50.00000000000000000, 5.289999999999996483, -10.86999999999999922 ) ) ;
#5623 = ADVANCED_FACE ( 'NONE', ( #6490 ), #1819, .T. ) ;
#5624 = AXIS2_PLACEMENT_3D ( 'NONE', #6112, #5474, #3019 ) ;
#5625 = VECTOR ( 'NONE', #4040, 1000.000000000000000 ) ;
#5626 = CARTESIAN_POINT ( 'NONE',  ( -45.00000000000000000, -30.60000000000000142, -13.00000000000000178 ) ) ;
#5627 = DIRECTION ( 'NONE',  ( 1.000000000000000000, -0.000000000000000000, 0.000000000000000000 ) ) ;
#5628 = ORIENTED_EDGE ( 'NONE', *, *, #2967, .T. ) ;
#5629 = EDGE_CURVE ( 'NONE', #2232, #6413, #5477, .T. ) ;
#5630 = VECTOR ( 'NONE', #1035, 1000.000000000000000 ) ;
#5631 = AXIS2_PLACEMENT_3D ( 'NONE', #3070, #6634, #4074 ) ;
#5632 = CARTESIAN_POINT ( 'NONE',  ( 19.00000000000000000, 27.19999999999999574, -15.10000000000000142 ) ) ;
#5633 = ORIENTED_EDGE ( 'NONE', *, *, #4390, .F. ) ;
#5634 = FACE_OUTER_BOUND ( 'NONE', #2741, .T. ) ;
#5635 = ORIENTED_EDGE ( 'NONE', *, *, #2316, .F. ) ;
#5636 = FACE_OUTER_BOUND ( 'NONE', #6405, .T. ) ;
#5637 = AXIS2_PLACEMENT_3D ( 'NONE', #5184, #6224, #4244 ) ;
#5638 = EDGE_CURVE ( 'NONE', #5329, #725, #2289, .T. ) ;
#5639 = EDGE_LOOP ( 'NONE', ( #4772, #3593, #5322, #4381 ) ) ;
#5640 = LINE ( 'NONE', #2649, #6541 ) ;
#5641 = ORIENTED_EDGE ( 'NONE', *, *, #4190, .T. ) ;
#5642 = CARTESIAN_POINT ( 'NONE',  ( 45.00000000000000711, -26.00000000000002132, -13.90000000000000036 ) ) ;
#5643 = LINE ( 'NONE', #73, #2040 ) ;
#5644 = ADVANCED_FACE ( 'NONE', ( #1786 ), #5918, .F. ) ;
#5645 = FACE_OUTER_BOUND ( 'NONE', #3486, .T. ) ;
#5646 = EDGE_CURVE ( 'NONE', #840, #6076, #5376, .T. ) ;
#5647 = LINE ( 'NONE', #46, #1108 ) ;
#5648 = CARTESIAN_POINT ( 'NONE',  ( 20.35000000000000497, 3.849999999999999645, -1.600000000000000089 ) ) ;
#5649 = ORIENTED_EDGE ( 'NONE', *, *, #4683, .F. ) ;
#5650 = LINE ( 'NONE', #3093, #5402 ) ;
#5651 = DIRECTION ( 'NONE',  ( -0.7071067811865473507, 0.000000000000000000, 0.7071067811865477948 ) ) ;
#5652 = DIRECTION ( 'NONE',  ( 1.000000000000000000, 0.000000000000000000, 0.000000000000000000 ) ) ;
#5653 = ORIENTED_EDGE ( 'NONE', *, *, #2326, .T. ) ;
#5654 = EDGE_CURVE ( 'NONE', #6083, #1264, #825, .T. ) ;
#5655 = LINE ( 'NONE', #5144, #549 ) ;
#5656 = ORIENTED_EDGE ( 'NONE', *, *, #5758, .T. ) ;
#5657 = DIRECTION ( 'NONE',  ( 0.000000000000000000, 1.000000000000000000, -0.000000000000000000 ) ) ;
#5658 = PLANE ( 'NONE',  #286 ) ;
#5659 = DIRECTION ( 'NONE',  ( 0.7071067811865597852, 0.000000000000000000, -0.7071067811865352493 ) ) ;
#5660 = ORIENTED_EDGE ( 'NONE', *, *, #881, .F. ) ;
#5661 = EDGE_CURVE ( 'NONE', #863, #1031, #5295, .T. ) ;
#5662 = ADVANCED_FACE ( 'NONE', ( #3899 ), #3146, .F. ) ;
#5663 = CARTESIAN_POINT ( 'NONE',  ( -10.59999999999999964, -24.05000000000000071, -10.65000000000000391 ) ) ;
#5664 = ORIENTED_EDGE ( 'NONE', *, *, #4651, .T. ) ;
#5665 = CARTESIAN_POINT ( 'NONE',  ( -0.3100000000000048828, -4.110000000000004761, 0.000000000000000000 ) ) ;
#5666 = ORIENTED_EDGE ( 'NONE', *, *, #5967, .F. ) ;
#5667 = CARTESIAN_POINT ( 'NONE',  ( -19.19999999999999574, -8.750000000000000000, -1.600000000000000089 ) ) ;
#5668 = ADVANCED_FACE ( 'NONE', ( #5645, #3621, #5609, #6187, #1488, #519, #1076, #1019, #3526, #2081, #546, #3498, #2456 ), #3087, .F. ) ;
#5669 = ADVANCED_FACE ( 'NONE', ( #6148 ), #4574, .T. ) ;
#5670 = ORIENTED_EDGE ( 'NONE', *, *, #2171, .F. ) ;
#5671 = EDGE_CURVE ( 'NONE', #366, #2270, #5009, .T. ) ;
#5672 = DIRECTION ( 'NONE',  ( 0.000000000000000000, -1.000000000000000000, 0.000000000000000000 ) ) ;
#5673 = EDGE_LOOP ( 'NONE', ( #6137, #2813, #173, #4467 ) ) ;
#5674 = DIRECTION ( 'NONE',  ( 0.000000000000000000, 0.4999999999999999445, -0.8660254037844385966 ) ) ;
#5675 = EDGE_CURVE ( 'NONE', #5456, #832, #2559, .T. ) ;
#5676 = DIRECTION ( 'NONE',  ( 0.000000000000000000, 0.000000000000000000, 1.000000000000000000 ) ) ;
#5677 = CARTESIAN_POINT ( 'NONE',  ( -45.00000000000000711, -26.00000000000002132, -13.90000000000000036 ) ) ;
#5678 = CARTESIAN_POINT ( 'NONE',  ( -46.80000000000000426, -15.90000000000000036, -3.750000000000000000 ) ) ;
#5679 = ADVANCED_FACE ( 'NONE', ( #5108 ), #2589, .T. ) ;
#5680 = VECTOR ( 'NONE', #6536, 1000.000000000000000 ) ;
#5682 = ORIENTED_EDGE ( 'NONE', *, *, #1296, .F. ) ;
#5681 = ADVANCED_FACE ( 'NONE', ( #12 ), #2048, .T. ) ;
#5683 = DIRECTION ( 'NONE',  ( 0.000000000000000000, 0.000000000000000000, -1.000000000000000000 ) ) ;
#5684 = DIRECTION ( 'NONE',  ( 0.7071067811865474617, 4.906538933386793298E-15, -0.7071067811865474617 ) ) ;
#5685 = PLANE ( 'NONE',  #5200 ) ;
#5686 = ORIENTED_EDGE ( 'NONE', *, *, #3287, .T. ) ;
#5687 = CARTESIAN_POINT ( 'NONE',  ( -48.00000000000000000, 4.089999999999996305, -6.070000000000000284 ) ) ;
#5688 = EDGE_CURVE ( 'NONE', #6268, #6008, #954, .T. ) ;
#5689 = VERTEX_POINT ( 'NONE', #2019 ) ;
#5690 = AXIS2_PLACEMENT_3D ( 'NONE', #2584, #5230, #4121 ) ;
#5691 = CARTESIAN_POINT ( 'NONE',  ( 44.99999999999999289, 29.91000000000000014, -13.90000000000000036 ) ) ;
#5692 = FACE_OUTER_BOUND ( 'NONE', #6139, .T. ) ;
#5693 = VECTOR ( 'NONE', #3136, 1000.000000000000000 ) ;
#5694 = FACE_OUTER_BOUND ( 'NONE', #6134, .T. ) ;
#5695 = EDGE_LOOP ( 'NONE', ( #3176, #144, #5610, #2217 ) ) ;
#5696 = CIRCLE ( 'NONE', #6438, 0.9999999999999974465 ) ;
#5697 = CARTESIAN_POINT ( 'NONE',  ( -48.00000000000000000, 5.289999999999996483, -10.86999999999999922 ) ) ;
#5698 = DIRECTION ( 'NONE',  ( 1.734723475976805319E-15, -1.000000000000000000, 0.000000000000000000 ) ) ;
#5699 = VECTOR ( 'NONE', #2744, 1000.000000000000000 ) ;
#5700 = ORIENTED_EDGE ( 'NONE', *, *, #4668, .T. ) ;
#5701 = ORIENTED_EDGE ( 'NONE', *, *, #5440, .T. ) ;
#5702 = CARTESIAN_POINT ( 'NONE',  ( -50.00000000000000000, 1.114999999999996660, -8.304999999999999716 ) ) ;
#5703 = VECTOR ( 'NONE', #4884, 1000.000000000000000 ) ;
#5704 = ORIENTED_EDGE ( 'NONE', *, *, #54, .F. ) ;
#5705 = ADVANCED_FACE ( 'NONE', ( #4095 ), #4505, .T. ) ;
#5706 = DIRECTION ( 'NONE',  ( -1.000000000000000000, 0.000000000000000000, 0.000000000000000000 ) ) ;
#5707 = ORIENTED_EDGE ( 'NONE', *, *, #4986, .F. ) ;
#5708 = LINE ( 'NONE', #6242, #1409 ) ;
#5709 = CARTESIAN_POINT ( 'NONE',  ( 20.24999999999999645, -26.00000000000001066, -1.600000000000000755 ) ) ;
#5710 = DIRECTION ( 'NONE',  ( -1.000000000000000000, -0.000000000000000000, -0.000000000000000000 ) ) ;
#5711 = LINE ( 'NONE', #2177, #976 ) ;
#5712 = VECTOR ( 'NONE', #161, 1000.000000000000000 ) ;
#5713 = EDGE_LOOP ( 'NONE', ( #6339, #3377, #5461, #6474 ) ) ;
#5714 = CARTESIAN_POINT ( 'NONE',  ( -47.39999999999999858, 1.114999999999996660, -8.304999999999999716 ) ) ;
#5715 = DIRECTION ( 'NONE',  ( 0.000000000000000000, 0.000000000000000000, -1.000000000000000000 ) ) ;
#5716 = CARTESIAN_POINT ( 'NONE',  ( 34.00000000000000000, -31.00000000000000000, -12.60000000000001741 ) ) ;
#5717 = ORIENTED_EDGE ( 'NONE', *, *, #5476, .F. ) ;
#5718 = DIRECTION ( 'NONE',  ( 1.000000000000000000, 0.000000000000000000, 0.000000000000000000 ) ) ;
#5719 = AXIS2_PLACEMENT_3D ( 'NONE', #4627, #3690, #5743 ) ;
#5720 = DIRECTION ( 'NONE',  ( 0.000000000000000000, 0.000000000000000000, 1.000000000000000000 ) ) ;
#5721 = VERTEX_POINT ( 'NONE', #451 ) ;
#5722 = LINE ( 'NONE', #5220, #3489 ) ;
#5723 = CARTESIAN_POINT ( 'NONE',  ( -44.99999999999999289, 29.91000000000000014, -13.90000000000000036 ) ) ;
#5724 = AXIS2_PLACEMENT_3D ( 'NONE', #1824, #1289, #5419 ) ;
#5725 = CARTESIAN_POINT ( 'NONE',  ( -19.19999999999999574, -28.39999999999999858, -1.600000000000000089 ) ) ;
#5726 = ORIENTED_EDGE ( 'NONE', *, *, #4196, .F. ) ;
#5727 = AXIS2_PLACEMENT_3D ( 'NONE', #5071, #485, #6622 ) ;
#5728 = DIRECTION ( 'NONE',  ( 0.000000000000000000, 0.000000000000000000, 1.000000000000000000 ) ) ;
#5729 = FACE_OUTER_BOUND ( 'NONE', #2949, .T. ) ;
#5730 = CIRCLE ( 'NONE', #805, 2.000000000000000000 ) ;
#5731 = VECTOR ( 'NONE', #3532, 1000.000000000000114 ) ;
#5732 = ORIENTED_EDGE ( 'NONE', *, *, #3656, .F. ) ;
#5733 = VERTEX_POINT ( 'NONE', #4001 ) ;
#5734 = CARTESIAN_POINT ( 'NONE',  ( -46.80000000000000426, 1.114999999999996660, -7.655000000000000249 ) ) ;
#5735 = AXIS2_PLACEMENT_3D ( 'NONE', #516, #2557, #6184 ) ;
#5736 = AXIS2_PLACEMENT_3D ( 'NONE', #1365, #4916, #5960 ) ;
#5737 = VERTEX_POINT ( 'NONE', #5036 ) ;
#5738 = PLANE ( 'NONE',  #114 ) ;
#5739 = EDGE_LOOP ( 'NONE', ( #1040, #3718, #3077, #2944 ) ) ;
#5740 = AXIS2_PLACEMENT_3D ( 'NONE', #787, #1257, #2293 ) ;
#5741 = CARTESIAN_POINT ( 'NONE',  ( -44.99999999999999289, -29.66000000000000369, -15.00000000000000178 ) ) ;
#5742 = DIRECTION ( 'NONE',  ( 0.000000000000000000, 0.000000000000000000, 1.000000000000000000 ) ) ;
#5743 = DIRECTION ( 'NONE',  ( 1.000000000000000000, 0.000000000000000000, 0.000000000000000000 ) ) ;
#5744 = ADVANCED_FACE ( 'NONE', ( #2493, #6588, #4035, #1988, #6086 ), #983, .T. ) ;
#5745 = VECTOR ( 'NONE', #3967, 1000.000000000000000 ) ;
#5746 = CARTESIAN_POINT ( 'NONE',  ( 45.00000000000000000, -31.00000000000000000, -12.60000000000001741 ) ) ;
#5747 = ORIENTED_EDGE ( 'NONE', *, *, #5195, .F. ) ;
#5748 = PLANE ( 'NONE',  #2521 ) ;
#5749 = CARTESIAN_POINT ( 'NONE',  ( -47.39999999999999858, 26.00000000000000355, -1.600000000000000755 ) ) ;
#5750 = DIRECTION ( 'NONE',  ( 0.000000000000000000, 0.000000000000000000, 1.000000000000000000 ) ) ;
#5751 = EDGE_LOOP ( 'NONE', ( #835, #680, #3012, #4582, #1405, #3664 ) ) ;
#5752 = CARTESIAN_POINT ( 'NONE',  ( 8.599999999999999645, -12.05000000000000249, -10.65000000000000391 ) ) ;
#5753 = EDGE_CURVE ( 'NONE', #1302, #4052, #4060, .T. ) ;
#5754 = CARTESIAN_POINT ( 'NONE',  ( 8.599999999999999645, -24.05000000000000071, -10.65000000000000391 ) ) ;
#5755 = ORIENTED_EDGE ( 'NONE', *, *, #1099, .T. ) ;
#5756 = CARTESIAN_POINT ( 'NONE',  ( 45.50000000000000000, -14.00000000000000000, -16.39999999999999858 ) ) ;
#5757 = CARTESIAN_POINT ( 'NONE',  ( 37.75000000000000000, 3.855012562893381567, -1.600000000000000089 ) ) ;
#5758 = EDGE_CURVE ( 'NONE', #2594, #1065, #610, .T. ) ;
#5759 = CARTESIAN_POINT ( 'NONE',  ( 34.00000000000000000, -31.00000000000000000, -11.19999999999999929 ) ) ;
#5760 = ORIENTED_EDGE ( 'NONE', *, *, #5350, .F. ) ;
#5761 = EDGE_CURVE ( 'NONE', #6354, #6157, #4693, .T. ) ;
#5762 = LINE ( 'NONE', #3713, #2146 ) ;
#5763 = CARTESIAN_POINT ( 'NONE',  ( 37.65000000000001279, 4.849999999999993427, -0.6999999999999998446 ) ) ;
#5764 = EDGE_CURVE ( 'NONE', #4878, #3143, #3119, .T. ) ;
#5765 = ORIENTED_EDGE ( 'NONE', *, *, #1536, .T. ) ;
#5766 = CARTESIAN_POINT ( 'NONE',  ( -46.80000000000000426, -21.20000000000000284, -8.250000000000000000 ) ) ;
#5767 = VERTEX_POINT ( 'NONE', #2750 ) ;
#5768 = EDGE_CURVE ( 'NONE', #1161, #5393, #5841, .T. ) ;
#5769 = DIRECTION ( 'NONE',  ( 0.000000000000000000, 0.000000000000000000, 1.000000000000000000 ) ) ;
#5770 = ORIENTED_EDGE ( 'NONE', *, *, #3577, .F. ) ;
#5771 = DIRECTION ( 'NONE',  ( 0.000000000000000000, -1.000000000000000000, 0.000000000000000000 ) ) ;
#5772 = ORIENTED_EDGE ( 'NONE', *, *, #3370, .T. ) ;
#5773 = PLANE ( 'NONE',  #237 ) ;
#5774 = DIRECTION ( 'NONE',  ( 0.000000000000000000, 0.000000000000000000, 1.000000000000000000 ) ) ;
#5775 = DIRECTION ( 'NONE',  ( 0.000000000000000000, 0.000000000000000000, -1.000000000000000000 ) ) ;
#5776 = FACE_BOUND ( 'NONE', #2726, .T. ) ;
#5777 = ORIENTED_EDGE ( 'NONE', *, *, #4676, .T. ) ;
#5778 = DIRECTION ( 'NONE',  ( 0.000000000000000000, 0.000000000000000000, 1.000000000000000000 ) ) ;
#5779 = FACE_OUTER_BOUND ( 'NONE', #6509, .T. ) ;
#5780 = DIRECTION ( 'NONE',  ( -0.000000000000000000, 1.000000000000000000, -0.000000000000000000 ) ) ;
#5781 = EDGE_LOOP ( 'NONE', ( #375, #864, #618, #6598, #2283, #4905 ) ) ;
#5782 = DIRECTION ( 'NONE',  ( 1.000000000000000000, 0.000000000000000000, 0.000000000000000000 ) ) ;
#5783 = SHAPE_DEFINITION_REPRESENTATION ( #490, #4780 ) ;
#5784 = ORIENTED_EDGE ( 'NONE', *, *, #5189, .F. ) ;
#5785 = LINE ( 'NONE', #5756, #818 ) ;
#5786 = LINE ( 'NONE', #4275, #271 ) ;
#5787 = CARTESIAN_POINT ( 'NONE',  ( -45.00000000000000000, 31.00000000000000000, -12.60000000000001741 ) ) ;
#5788 = EDGE_CURVE ( 'NONE', #466, #1611, #5169, .T. ) ;
#5789 = DIRECTION ( 'NONE',  ( 0.000000000000000000, 0.000000000000000000, 1.000000000000000000 ) ) ;
#5790 = ORIENTED_EDGE ( 'NONE', *, *, #2178, .T. ) ;
#5791 = VECTOR ( 'NONE', #5124, 1000.000000000000000 ) ;
#5792 = DIRECTION ( 'NONE',  ( -0.000000000000000000, 0.000000000000000000, 1.000000000000000000 ) ) ;
#5793 = LINE ( 'NONE', #4251, #143 ) ;
#5794 = VERTEX_POINT ( 'NONE', #2175 ) ;
#5795 = VECTOR ( 'NONE', #2857, 1000.000000000000000 ) ;
#5796 = CARTESIAN_POINT ( 'NONE',  ( -48.00000000000000000, -13.25000000000000178, -3.599999999999998312 ) ) ;
#5797 = EDGE_LOOP ( 'NONE', ( #1457, #3930, #2773, #411 ) ) ;
#5798 = CARTESIAN_POINT ( 'NONE',  ( -45.00000000000000711, 26.00000000000001066, -1.600000000000000755 ) ) ;
#5799 = ADVANCED_FACE ( 'NONE', ( #2683 ), #4227, .T. ) ;
#5800 = AXIS2_PLACEMENT_3D ( 'NONE', #6004, #4496, #3448 ) ;
#5801 = ORIENTED_EDGE ( 'NONE', *, *, #4986, .T. ) ;
#5802 = AXIS2_PLACEMENT_3D ( 'NONE', #3768, #3837, #258 ) ;
#5803 = CARTESIAN_POINT ( 'NONE',  ( 37.75000000000000000, 3.855012562893381567, -0.6999999999999998446 ) ) ;
#5804 = VERTEX_POINT ( 'NONE', #2240 ) ;
#5805 = CARTESIAN_POINT ( 'NONE',  ( -45.00000000000000000, 31.00000000000000000, -2.000000000000000000 ) ) ;
#5806 = CIRCLE ( 'NONE', #2378, 1.200000000000000622 ) ;
#5807 = DIRECTION ( 'NONE',  ( 1.000000000000000000, 0.000000000000000000, 0.000000000000000000 ) ) ;
#5808 = DIRECTION ( 'NONE',  ( 0.000000000000000000, 1.000000000000000000, -0.000000000000000000 ) ) ;
#5809 = PLANE ( 'NONE',  #3106 ) ;
#5810 = VECTOR ( 'NONE', #553, 1000.000000000000000 ) ;
#5811 = ORIENTED_EDGE ( 'NONE', *, *, #4463, .T. ) ;
#5812 = LINE ( 'NONE', #646, #6372 ) ;
#5813 = LINE ( 'NONE', #1219, #992 ) ;
#5814 = DIRECTION ( 'NONE',  ( 0.000000000000000000, -1.000000000000000000, 0.000000000000000000 ) ) ;
#5815 = EDGE_LOOP ( 'NONE', ( #535, #346, #4056, #2801 ) ) ;
#5816 = CARTESIAN_POINT ( 'NONE',  ( 7.400000000000000355, -12.05000000000000249, -10.65000000000000391 ) ) ;
#5817 = VERTEX_POINT ( 'NONE', #2652 ) ;
#5818 = DIRECTION ( 'NONE',  ( 1.000000000000000000, 0.000000000000000000, 0.000000000000000000 ) ) ;
#5819 = FACE_OUTER_BOUND ( 'NONE', #893, .T. ) ;
#5820 = CARTESIAN_POINT ( 'NONE',  ( 3.699999999999997513, 27.09999999999999787, -7.500000000000000888 ) ) ;
#5821 = CARTESIAN_POINT ( 'NONE',  ( -19.19999999999999574, -9.750000000000000000, -4.969999999999999751 ) ) ;
#5822 = VECTOR ( 'NONE', #1573, 1000.000000000000000 ) ;
#5823 = ORIENTED_EDGE ( 'NONE', *, *, #1105, .T. ) ;
#5824 = FACE_OUTER_BOUND ( 'NONE', #2972, .T. ) ;
#5825 = DIRECTION ( 'NONE',  ( -1.000000000000000000, -0.000000000000000000, -0.000000000000000000 ) ) ;
#5826 = EDGE_CURVE ( 'NONE', #979, #1100, #6342, .T. ) ;
#5827 = AXIS2_PLACEMENT_3D ( 'NONE', #2363, #3401, #6357 ) ;
#5828 = EDGE_LOOP ( 'NONE', ( #2191, #236, #3615, #902 ) ) ;
#5829 = CARTESIAN_POINT ( 'NONE',  ( 47.39999999999999147, 26.00000000000000355, -15.50000000000000178 ) ) ;
#5830 = EDGE_LOOP ( 'NONE', ( #2126, #4523, #5975, #4702, #6235, #3219, #3882, #1349 ) ) ;
#5831 = LINE ( 'NONE', #1802, #5699 ) ;
#5832 = VECTOR ( 'NONE', #9, 1000.000000000000000 ) ;
#5833 = VECTOR ( 'NONE', #2350, 1000.000000000000000 ) ;
#5834 = ORIENTED_EDGE ( 'NONE', *, *, #3512, .F. ) ;
#5835 = CIRCLE ( 'NONE', #4763, 3.659999999999989484 ) ;
#5836 = LINE ( 'NONE', #5903, #4285 ) ;
#5837 = AXIS2_PLACEMENT_3D ( 'NONE', #1793, #1895, #790 ) ;
#5838 = ORIENTED_EDGE ( 'NONE', *, *, #4777, .T. ) ;
#5839 = DIRECTION ( 'NONE',  ( 1.000000000000000000, 0.000000000000000000, 0.000000000000000000 ) ) ;
#5840 = EDGE_CURVE ( 'NONE', #5478, #900, #799, .T. ) ;
#5841 = LINE ( 'NONE', #2213, #2620 ) ;
#5842 = DIRECTION ( 'NONE',  ( 0.000000000000000000, -0.9544799780350297080, -0.2982749931359471862 ) ) ;
#5843 = VECTOR ( 'NONE', #5277, 1000.000000000000000 ) ;
#5844 = FACE_OUTER_BOUND ( 'NONE', #4041, .T. ) ;
#5845 = ORIENTED_EDGE ( 'NONE', *, *, #1203, .T. ) ;
#5847 = VERTEX_POINT ( 'NONE', #713 ) ;
#5846 = EDGE_CURVE ( 'NONE', #259, #3107, #675, .T. ) ;
#5848 = CARTESIAN_POINT ( 'NONE',  ( 37.75000000000000000, 17.25000000000000000, -0.6999999999999999556 ) ) ;
#5849 = CARTESIAN_POINT ( 'NONE',  ( 20.25000000000000000, 3.149999999999999467, -2.000000000000000000 ) ) ;
#5850 = LINE ( 'NONE', #1253, #2196 ) ;
#5851 = VERTEX_POINT ( 'NONE', #6278 ) ;
#5852 = ADVANCED_FACE ( 'NONE', ( #4724 ), #3149, .T. ) ;
#5853 = CARTESIAN_POINT ( 'NONE',  ( -48.90999999999999659, 26.00000000000000355, -13.90000000000000036 ) ) ;
#5854 = VECTOR ( 'NONE', #4778, 1000.000000000000000 ) ;
#5855 = VERTEX_POINT ( 'NONE', #4761 ) ;
#5856 = FACE_OUTER_BOUND ( 'NONE', #6367, .T. ) ;
#5857 = CARTESIAN_POINT ( 'NONE',  ( -47.39999999999999858, 13.43999999999999950, -6.419999999999999929 ) ) ;
#5858 = DIRECTION ( 'NONE',  ( -1.000000000000000000, 0.000000000000000000, 0.000000000000000000 ) ) ;
#5859 = EDGE_CURVE ( 'NONE', #6076, #1446, #4646, .T. ) ;
#5860 = CARTESIAN_POINT ( 'NONE',  ( -49.60000000000000853, -26.00000000000000355, -13.00000000000000178 ) ) ;
#5861 = ORIENTED_EDGE ( 'NONE', *, *, #1862, .F. ) ;
#5862 = CARTESIAN_POINT ( 'NONE',  ( -48.00000000000000000, -25.99999999999999645, 0.000000000000000000 ) ) ;
#5863 = CARTESIAN_POINT ( 'NONE',  ( -44.99999999999999289, 29.91000000000000014, -13.90000000000000036 ) ) ;
#5864 = VERTEX_POINT ( 'NONE', #4261 ) ;
#5865 = PLANE ( 'NONE',  #4555 ) ;
#5866 = EDGE_LOOP ( 'NONE', ( #1832, #4666, #4294, #4385 ) ) ;
#5867 = CARTESIAN_POINT ( 'NONE',  ( -41.42000000000000881, -8.320000000000005613, -7.500000000000000888 ) ) ;
#5868 = ADVANCED_FACE ( 'NONE', ( #2623 ), #4662, .T. ) ;
#5869 = VERTEX_POINT ( 'NONE', #3184 ) ;
#5870 = DIRECTION ( 'NONE',  ( -0.000000000000000000, -0.000000000000000000, 1.000000000000000000 ) ) ;
#5871 = ORIENTED_EDGE ( 'NONE', *, *, #2487, .T. ) ;
#5872 = CARTESIAN_POINT ( 'NONE',  ( 42.00000000000000000, -31.00000000000000000, -11.19999999999999929 ) ) ;
#5873 = EDGE_CURVE ( 'NONE', #6413, #5733, #3651, .T. ) ;
#5874 = ADVANCED_FACE ( 'NONE', ( #1212 ), #5081, .F. ) ;
#5875 = DIRECTION ( 'NONE',  ( 0.000000000000000000, 0.000000000000000000, 1.000000000000000000 ) ) ;
#5876 = LINE ( 'NONE', #4368, #2400 ) ;
#5877 = CYLINDRICAL_SURFACE ( 'NONE', #5146, 3.659999999999989484 ) ;
#5878 = EDGE_LOOP ( 'NONE', ( #2979, #4050, #5463, #1677 ) ) ;
#5879 = EDGE_CURVE ( 'NONE', #3356, #289, #4153, .T. ) ;
#5880 = ORIENTED_EDGE ( 'NONE', *, *, #4578, .F. ) ;
#5881 = FACE_OUTER_BOUND ( 'NONE', #3548, .T. ) ;
#5882 = CARTESIAN_POINT ( 'NONE',  ( -48.65999999999999659, 26.00000000000000355, -13.90000000000000036 ) ) ;
#5883 = LINE ( 'NONE', #2789, #2847 ) ;
#5884 = CARTESIAN_POINT ( 'NONE',  ( -45.00000000000000000, -28.39999999999999858, -1.600000000000000755 ) ) ;
#5885 = ORIENTED_EDGE ( 'NONE', *, *, #6064, .F. ) ;
#5886 = CARTESIAN_POINT ( 'NONE',  ( -45.00000000000000711, -26.00000000000002132, -15.00000000000000178 ) ) ;
#5887 = EDGE_CURVE ( 'NONE', #652, #1308, #1615, .T. ) ;
#5888 = DIRECTION ( 'NONE',  ( 0.000000000000000000, 0.000000000000000000, 1.000000000000000000 ) ) ;
#5889 = DIRECTION ( 'NONE',  ( 1.000000000000000000, 0.000000000000000000, 0.000000000000000000 ) ) ;
#5890 = LINE ( 'NONE', #1291, #3372 ) ;
#5891 = ORIENTED_EDGE ( 'NONE', *, *, #5387, .T. ) ;
#5892 = EDGE_CURVE ( 'NONE', #3731, #3959, #2180, .T. ) ;
#5893 = DIRECTION ( 'NONE',  ( 0.000000000000000000, 1.000000000000000000, -0.000000000000000000 ) ) ;
#5894 = DIRECTION ( 'NONE',  ( 1.000000000000000000, 0.000000000000000000, 0.000000000000000000 ) ) ;
#5895 = ORIENTED_EDGE ( 'NONE', *, *, #3901, .F. ) ;
#5896 = VERTEX_POINT ( 'NONE', #6382 ) ;
#5897 = AXIS2_PLACEMENT_3D ( 'NONE', #5665, #6138, #192 ) ;
#5898 = CARTESIAN_POINT ( 'NONE',  ( 19.35501256289338201, 17.25000000000000000, -0.6999999999999998446 ) ) ;
#5899 = ORIENTED_EDGE ( 'NONE', *, *, #6073, .T. ) ;
#5900 = CARTESIAN_POINT ( 'NONE',  ( -19.19999999999999574, -27.35000000000000142, -4.969999999999999751 ) ) ;
#5901 = AXIS2_PLACEMENT_3D ( 'NONE', #3082, #3647, #1072 ) ;
#5902 = ORIENTED_EDGE ( 'NONE', *, *, #6316, .F. ) ;
#5903 = CARTESIAN_POINT ( 'NONE',  ( 13.00000000000000178, 28.39999999999999858, -15.10000000000000142 ) ) ;
#5904 = ORIENTED_EDGE ( 'NONE', *, *, #5472, .F. ) ;
#5905 = VECTOR ( 'NONE', #5453, 1000.000000000000000 ) ;
#5906 = LINE ( 'NONE', #1309, #3650 ) ;
#5907 = CARTESIAN_POINT ( 'NONE',  ( -45.00000000000000000, -30.60000000000000142, -13.00000000000000178 ) ) ;
#5908 = VECTOR ( 'NONE', #6349, 1000.000000000000000 ) ;
#5909 = CARTESIAN_POINT ( 'NONE',  ( 37.35000000000000142, 18.85000000000000142, -1.600000000000000089 ) ) ;
#5910 = VECTOR ( 'NONE', #2759, 1000.000000000000000 ) ;
#5911 = ADVANCED_FACE ( 'NONE', ( #3394 ), #2387, .T. ) ;
#5912 = ORIENTED_EDGE ( 'NONE', *, *, #4866, .T. ) ;
#5913 = VECTOR ( 'NONE', #711, 1000.000000000000000 ) ;
#5914 = ORIENTED_EDGE ( 'NONE', *, *, #5128, .T. ) ;
#5915 = CARTESIAN_POINT ( 'NONE',  ( -48.00000000000000000, -23.85000000000000142, -8.399999999999996803 ) ) ;
#5916 = CARTESIAN_POINT ( 'NONE',  ( 37.64999999999999858, 18.14999999999999858, -0.6999999999999998446 ) ) ;
#5917 = CYLINDRICAL_SURFACE ( 'NONE', #5305, 0.6499999999999995781 ) ;
#5918 = PLANE ( 'NONE',  #1668 ) ;
#5919 = ORIENTED_EDGE ( 'NONE', *, *, #3270, .T. ) ;
#5920 = VECTOR ( 'NONE', #5382, 1000.000000000000000 ) ;
#5921 = DIRECTION ( 'NONE',  ( 0.000000000000000000, 0.000000000000000000, 1.000000000000000000 ) ) ;
#5922 = CARTESIAN_POINT ( 'NONE',  ( 18.64999999999999858, 3.149999999999999467, -4.200000000000000178 ) ) ;
#5923 = DIRECTION ( 'NONE',  ( 1.000000000000000000, 0.000000000000000000, 0.000000000000000000 ) ) ;
#5924 = DIRECTION ( 'NONE',  ( 1.000000000000000000, -3.016910393003138520E-15, 0.000000000000000000 ) ) ;
#5925 = ORIENTED_EDGE ( 'NONE', *, *, #6364, .T. ) ;
#5926 = EDGE_CURVE ( 'NONE', #6531, #5389, #1352, .T. ) ;
#5927 = FACE_OUTER_BOUND ( 'NONE', #622, .T. ) ;
#5928 = CARTESIAN_POINT ( 'NONE',  ( 7.400000000000000355, -12.05000000000000249, -10.65000000000000391 ) ) ;
#5929 = ORIENTED_EDGE ( 'NONE', *, *, #6081, .T. ) ;
#5930 = VECTOR ( 'NONE', #3913, 1000.000000000000000 ) ;
#5931 = VERTEX_POINT ( 'NONE', #5907 ) ;
#5932 = CARTESIAN_POINT ( 'NONE',  ( 38.64498743710662154, 17.25000000000000000, -1.600000000000000089 ) ) ;
#5933 = ORIENTED_EDGE ( 'NONE', *, *, #2097, .T. ) ;
#5934 = EDGE_CURVE ( 'NONE', #2953, #6531, #3929, .T. ) ;
#5935 = DIRECTION ( 'NONE',  ( -1.000000000000000000, 0.000000000000000000, 0.000000000000000000 ) ) ;
#5936 = CIRCLE ( 'NONE', #3033, 3.659999999999989484 ) ;
#5937 = VECTOR ( 'NONE', #5248, 1000.000000000000000 ) ;
#5938 = ORIENTED_EDGE ( 'NONE', *, *, #1276, .F. ) ;
#5939 = PLANE ( 'NONE',  #6000 ) ;
#5940 = VERTEX_POINT ( 'NONE', #4397 ) ;
#5941 = FACE_OUTER_BOUND ( 'NONE', #935, .T. ) ;
#5942 = EDGE_CURVE ( 'NONE', #5548, #289, #6445, .T. ) ;
#5943 = VECTOR ( 'NONE', #5076, 1000.000000000000000 ) ;
#5944 = AXIS2_PLACEMENT_3D ( 'NONE', #1461, #5541, #417 ) ;
#5945 = DIRECTION ( 'NONE',  ( 1.000000000000000000, -1.619075244245011225E-14, 0.000000000000000000 ) ) ;
#5946 = AXIS2_PLACEMENT_3D ( 'NONE', #5013, #3530, #4697 ) ;
#5947 = AXIS2_PLACEMENT_3D ( 'NONE', #3711, #1633, #6464 ) ;
#5948 = EDGE_LOOP ( 'NONE', ( #3920, #4568, #2875, #414 ) ) ;
#5949 = ORIENTED_EDGE ( 'NONE', *, *, #1828, .F. ) ;
#5950 = PLANE ( 'NONE',  #4645 ) ;
#5951 = CARTESIAN_POINT ( 'NONE',  ( -45.00000000000000711, 18.85000000000000497, -1.600000000000000755 ) ) ;
#5952 = DIRECTION ( 'NONE',  ( 0.000000000000000000, 0.000000000000000000, 1.000000000000000000 ) ) ;
#5953 = LINE ( 'NONE', #5985, #6603 ) ;
#5954 = EDGE_CURVE ( 'NONE', #6428, #199, #4826, .T. ) ;
#5955 = VECTOR ( 'NONE', #6605, 1000.000000000000000 ) ;
#5956 = ORIENTED_EDGE ( 'NONE', *, *, #1695, .T. ) ;
#5957 = CARTESIAN_POINT ( 'NONE',  ( 44.99999999999999289, -29.91000000000000014, -13.90000000000000036 ) ) ;
#5958 = CARTESIAN_POINT ( 'NONE',  ( -19.19999999999999574, -27.35000000000000142, -4.969999999999999751 ) ) ;
#5959 = LINE ( 'NONE', #298, #133 ) ;
#5960 = DIRECTION ( 'NONE',  ( 0.000000000000000000, 0.000000000000000000, 1.000000000000000000 ) ) ;
#5961 = EDGE_LOOP ( 'NONE', ( #445, #3447, #4419, #3147 ) ) ;
#5962 = CIRCLE ( 'NONE', #394, 2.399999999999985256 ) ;
#5963 = LINE ( 'NONE', #5487, #656 ) ;
#5964 = DIRECTION ( 'NONE',  ( 1.000000000000000000, 0.000000000000000000, 0.000000000000000000 ) ) ;
#5965 = VECTOR ( 'NONE', #4726, 1000.000000000000000 ) ;
#5966 = ORIENTED_EDGE ( 'NONE', *, *, #1823, .F. ) ;
#5967 = EDGE_CURVE ( 'NONE', #2354, #5488, #3352, .T. ) ;
#5968 = VERTEX_POINT ( 'NONE', #1247 ) ;
#5969 = ADVANCED_FACE ( 'NONE', ( #815 ), #4932, .T. ) ;
#5970 = DIRECTION ( 'NONE',  ( -1.000000000000000000, 0.000000000000000000, 0.000000000000000000 ) ) ;
#5971 = VERTEX_POINT ( 'NONE', #4429 ) ;
#5972 = CARTESIAN_POINT ( 'NONE',  ( 0.7999999999999972689, -7.120000000000005436, -7.500000000000000888 ) ) ;
#5973 = EDGE_CURVE ( 'NONE', #563, #3292, #6512, .T. ) ;
#5974 = EDGE_CURVE ( 'NONE', #3355, #4270, #347, .T. ) ;
#5975 = ORIENTED_EDGE ( 'NONE', *, *, #3081, .T. ) ;
#5976 = DIRECTION ( 'NONE',  ( -1.000000000000000000, -0.000000000000000000, -0.000000000000000000 ) ) ;
#5977 = ORIENTED_EDGE ( 'NONE', *, *, #615, .T. ) ;
#5978 = FACE_OUTER_BOUND ( 'NONE', #2073, .T. ) ;
#5979 = VERTEX_POINT ( 'NONE', #2278 ) ;
#5980 = DIRECTION ( 'NONE',  ( 0.000000000000000000, -1.000000000000000000, 0.000000000000000000 ) ) ;
#5981 = EDGE_LOOP ( 'NONE', ( #4311, #1371, #4853, #4105 ) ) ;
#5982 = ORIENTED_EDGE ( 'NONE', *, *, #5788, .T. ) ;
#5983 = DIRECTION ( 'NONE',  ( 0.000000000000000000, 0.000000000000000000, -1.000000000000000000 ) ) ;
#5984 = CARTESIAN_POINT ( 'NONE',  ( 50.00000000000000000, -26.00000000000000355, -13.00000000000000178 ) ) ;
#5985 = CARTESIAN_POINT ( 'NONE',  ( -48.00000000000000000, -23.85000000000000142, -8.250000000000000000 ) ) ;
#5986 = ORIENTED_EDGE ( 'NONE', *, *, #1504, .T. ) ;
#5987 = DIRECTION ( 'NONE',  ( 0.000000000000000000, -1.000000000000000000, 0.000000000000000000 ) ) ;
#5988 = DIRECTION ( 'NONE',  ( 0.000000000000000000, -0.000000000000000000, 1.000000000000000000 ) ) ;
#5989 = DIRECTION ( 'NONE',  ( 1.000000000000000000, 0.000000000000000000, -0.000000000000000000 ) ) ;
#5990 = PLANE ( 'NONE',  #5837 ) ;
#5991 = EDGE_LOOP ( 'NONE', ( #5919, #77, #1373, #5256, #2745, #755, #3849, #1422, #1059, #6528, #1639, #6589, #5598, #800, #877, #4393, #539, #6505, #1217, #3805, #5485, #5532, #181, #393, #4870, #3116 ) ) ;
#5992 = DIRECTION ( 'NONE',  ( 0.000000000000000000, 0.000000000000000000, -1.000000000000000000 ) ) ;
#5993 = FACE_OUTER_BOUND ( 'NONE', #6346, .T. ) ;
#5994 = ORIENTED_EDGE ( 'NONE', *, *, #4166, .T. ) ;
#5995 = EDGE_CURVE ( 'NONE', #2270, #6531, #1759, .T. ) ;
#5996 = ORIENTED_EDGE ( 'NONE', *, *, #6153, .F. ) ;
#5997 = CARTESIAN_POINT ( 'NONE',  ( 45.00000000000000711, 26.00000000000001066, -1.600000000000000755 ) ) ;
#5998 = ORIENTED_EDGE ( 'NONE', *, *, #1585, .T. ) ;
#5999 = DIRECTION ( 'NONE',  ( 1.000000000000000000, 0.000000000000000000, 0.000000000000000000 ) ) ;
#6000 = AXIS2_PLACEMENT_3D ( 'NONE', #3414, #1411, #2382 ) ;
#6001 = ORIENTED_EDGE ( 'NONE', *, *, #1312, .F. ) ;
#6002 = CARTESIAN_POINT ( 'NONE',  ( -45.00000000000000000, 31.00000000000000000, -12.60000000000001741 ) ) ;
#6003 = ORIENTED_EDGE ( 'NONE', *, *, #2273, .T. ) ;
#6004 = CARTESIAN_POINT ( 'NONE',  ( 18.64999999999999858, 17.25000000000000000, -2.000000000000000000 ) ) ;
#6005 = ORIENTED_EDGE ( 'NONE', *, *, #5293, .T. ) ;
#6006 = LINE ( 'NONE', #2450, #4513 ) ;
#6007 = VECTOR ( 'NONE', #1580, 1000.000000000000000 ) ;
#6008 = VERTEX_POINT ( 'NONE', #878 ) ;
#6009 = AXIS2_PLACEMENT_3D ( 'NONE', #2993, #894, #5992 ) ;
#6010 = VERTEX_POINT ( 'NONE', #6483 ) ;
#6011 = PLANE ( 'NONE',  #6484 ) ;
#6012 = CYLINDRICAL_SURFACE ( 'NONE', #1513, 2.000000000000000000 ) ;
#6013 = AXIS2_PLACEMENT_3D ( 'NONE', #4305, #1318, #6420 ) ;
#6014 = CARTESIAN_POINT ( 'NONE',  ( -41.42000000000000881, -8.320000000000005613, -7.500000000000000888 ) ) ;
#6015 = EDGE_LOOP ( 'NONE', ( #3955, #509, #481, #2319 ) ) ;
#6016 = PLANE ( 'NONE',  #3391 ) ;
#6017 = FACE_OUTER_BOUND ( 'NONE', #5695, .T. ) ;
#6018 = DIRECTION ( 'NONE',  ( 0.000000000000000000, 1.000000000000000000, 0.000000000000000000 ) ) ;
#6019 = DIRECTION ( 'NONE',  ( 0.000000000000000000, 0.000000000000000000, 1.000000000000000000 ) ) ;
#6020 = ORIENTED_EDGE ( 'NONE', *, *, #3211, .T. ) ;
#6021 = CIRCLE ( 'NONE', #3987, 1.199999999999997957 ) ;
#6022 = CARTESIAN_POINT ( 'NONE',  ( 44.29999999999999716, -14.00000000000000000, -16.39999999999999858 ) ) ;
#6023 = ORIENTED_EDGE ( 'NONE', *, *, #5421, .F. ) ;
#6024 = DIRECTION ( 'NONE',  ( -1.000000000000000000, 0.000000000000000000, 0.000000000000000000 ) ) ;
#6025 = ORIENTED_EDGE ( 'NONE', *, *, #5671, .F. ) ;
#6026 = ORIENTED_EDGE ( 'NONE', *, *, #5342, .T. ) ;
#6027 = DIRECTION ( 'NONE',  ( 0.000000000000000000, 0.000000000000000000, -1.000000000000000000 ) ) ;
#6028 = ORIENTED_EDGE ( 'NONE', *, *, #3682, .T. ) ;
#6029 = CARTESIAN_POINT ( 'NONE',  ( 34.00000000000000000, -29.80000000000000071, -11.19999999999999929 ) ) ;
#6030 = EDGE_CURVE ( 'NONE', #4755, #2130, #6482, .T. ) ;
#6031 = DIRECTION ( 'NONE',  ( 1.000000000000000000, 0.000000000000000000, 0.000000000000000000 ) ) ;
#6032 = AXIS2_PLACEMENT_3D ( 'NONE', #3039, #6637, #4021 ) ;
#6033 = ORIENTED_EDGE ( 'NONE', *, *, #4, .T. ) ;
#6034 = CARTESIAN_POINT ( 'NONE',  ( 37.64999999999999858, 3.850000000000002753, -0.6999999999999998446 ) ) ;
#6035 = EDGE_LOOP ( 'NONE', ( #578, #4391, #5005, #5296 ) ) ;
#6036 = DIRECTION ( 'NONE',  ( 0.000000000000000000, 0.000000000000000000, 1.000000000000000000 ) ) ;
#6037 = ORIENTED_EDGE ( 'NONE', *, *, #5967, .T. ) ;
#6038 = VECTOR ( 'NONE', #4889, 1000.000000000000000 ) ;
#6039 = CARTESIAN_POINT ( 'NONE',  ( 20.25000000000000000, 18.14498743710661444, -0.6999999999999998446 ) ) ;
#6040 = ORIENTED_EDGE ( 'NONE', *, *, #4479, .T. ) ;
#6041 = ADVANCED_FACE ( 'NONE', ( #315 ), #744, .T. ) ;
#6042 = AXIS2_PLACEMENT_3D ( 'NONE', #6029, #6506, #1872 ) ;
#6043 = ORIENTED_EDGE ( 'NONE', *, *, #6564, .F. ) ;
#6044 = DIRECTION ( 'NONE',  ( -1.000000000000000000, 0.000000000000000000, 0.000000000000000000 ) ) ;
#6045 = LINE ( 'NONE', #2046, #4183 ) ;
#6046 = EDGE_CURVE ( 'NONE', #999, #5488, #4966, .T. ) ;
#6047 = DIRECTION ( 'NONE',  ( 0.000000000000000000, -1.000000000000000000, 0.000000000000000000 ) ) ;
#6048 = VERTEX_POINT ( 'NONE', #4331 ) ;
#6049 = VECTOR ( 'NONE', #3496, 1000.000000000000000 ) ;
#6050 = VECTOR ( 'NONE', #3319, 1000.000000000000000 ) ;
#6051 = DIRECTION ( 'NONE',  ( 1.000000000000000000, 0.000000000000000000, 0.000000000000000000 ) ) ;
#6052 = EDGE_CURVE ( 'NONE', #6361, #1684, #5366, .T. ) ;
#6053 = EDGE_CURVE ( 'NONE', #5564, #3753, #777, .T. ) ;
#6054 = PLANE ( 'NONE',  #4753 ) ;
#6055 = DIRECTION ( 'NONE',  ( 0.000000000000000000, 0.000000000000000000, 1.000000000000000000 ) ) ;
#6056 = VECTOR ( 'NONE', #4922, 1000.000000000000000 ) ;
#6057 = DIRECTION ( 'NONE',  ( 0.000000000000000000, 0.000000000000000000, 1.000000000000000000 ) ) ;
#6058 = ORIENTED_EDGE ( 'NONE', *, *, #3293, .F. ) ;
#6059 = CIRCLE ( 'NONE', #1235, 5.000000000000004441 ) ;
#6060 = CARTESIAN_POINT ( 'NONE',  ( -48.65999999999999659, 26.00000000000000355, -13.90000000000000036 ) ) ;
#6061 = ORIENTED_EDGE ( 'NONE', *, *, #1450, .T. ) ;
#6062 = CARTESIAN_POINT ( 'NONE',  ( 37.75000000000000000, 4.749999999999999112, -2.000000000000000000 ) ) ;
#6063 = VECTOR ( 'NONE', #4803, 1000.000000000000000 ) ;
#6064 = EDGE_CURVE ( 'NONE', #4461, #4201, #4335, .T. ) ;
#6065 = CIRCLE ( 'NONE', #5740, 2.049999999999999822 ) ;
#6066 = CARTESIAN_POINT ( 'NONE',  ( -45.69999999999999574, -10.30000000000000071, -3.169999999999999929 ) ) ;
#6067 = DIRECTION ( 'NONE',  ( 0.000000000000000000, 0.000000000000000000, 1.000000000000000000 ) ) ;
#6068 = ORIENTED_EDGE ( 'NONE', *, *, #5360, .F. ) ;
#6069 = EDGE_CURVE ( 'NONE', #569, #6123, #4531, .T. ) ;
#6070 = AXIS2_PLACEMENT_3D ( 'NONE', #6553, #4576, #2921 ) ;
#6071 = LINE ( 'NONE', #5632, #4428 ) ;
#6072 = EDGE_LOOP ( 'NONE', ( #4729, #4596, #4438, #2325 ) ) ;
#6073 = EDGE_CURVE ( 'NONE', #4497, #2164, #3579, .T. ) ;
#6074 = FACE_OUTER_BOUND ( 'NONE', #1316, .T. ) ;
#6075 = EDGE_CURVE ( 'NONE', #3107, #820, #5565, .T. ) ;
#6076 = VERTEX_POINT ( 'NONE', #1600 ) ;
#6077 = LINE ( 'NONE', #5563, #1839 ) ;
#6078 = VERTEX_POINT ( 'NONE', #6616 ) ;
#6079 = CARTESIAN_POINT ( 'NONE',  ( 45.00000000000000000, 25.99999999999999645, -13.00000000000000178 ) ) ;
#6080 = VERTEX_POINT ( 'NONE', #1134 ) ;
#6081 = EDGE_CURVE ( 'NONE', #5855, #2401, #122, .T. ) ;
#6082 = EDGE_CURVE ( 'NONE', #2704, #5363, #1483, .T. ) ;
#6083 = VERTEX_POINT ( 'NONE', #2161 ) ;
#6084 = DIRECTION ( 'NONE',  ( -1.000000000000000000, 0.000000000000000000, 0.000000000000000000 ) ) ;
#6085 = DIRECTION ( 'NONE',  ( 1.000000000000000000, 0.000000000000000000, 0.000000000000000000 ) ) ;
#6086 = FACE_BOUND ( 'NONE', #6636, .T. ) ;
#6087 = ORIENTED_EDGE ( 'NONE', *, *, #132, .T. ) ;
#6088 = LINE ( 'NONE', #5511, #2320 ) ;
#6089 = ADVANCED_FACE ( 'NONE', ( #6540, #2643 ), #2945, .F. ) ;
#6090 = EDGE_CURVE ( 'NONE', #4328, #5389, #6006, .T. ) ;
#6091 = CARTESIAN_POINT ( 'NONE',  ( 22.99999999999999289, 13.00000000000000178, 0.000000000000000000 ) ) ;
#6092 = CARTESIAN_POINT ( 'NONE',  ( 37.65000000000000568, 17.14999999999999858, -1.600000000000000089 ) ) ;
#6093 = LINE ( 'NONE', #4008, #1764 ) ;
#6094 = ORIENTED_EDGE ( 'NONE', *, *, #1164, .F. ) ;
#6095 = ADVANCED_FACE ( 'NONE', ( #975 ), #2668, .T. ) ;
#6096 = LINE ( 'NONE', #5116, #3866 ) ;
#6097 = EDGE_LOOP ( 'NONE', ( #35, #1549, #3331, #3388 ) ) ;
#6098 = EDGE_CURVE ( 'NONE', #3875, #3113, #4141, .T. ) ;
#6099 = FACE_OUTER_BOUND ( 'NONE', #5083, .T. ) ;
#6100 = CARTESIAN_POINT ( 'NONE',  ( -40.91000000000001080, -4.110000000000002984, -1.599999999999999645 ) ) ;
#6101 = EDGE_CURVE ( 'NONE', #2953, #4328, #4029, .T. ) ;
#6102 = FACE_OUTER_BOUND ( 'NONE', #4534, .T. ) ;
#6103 = ORIENTED_EDGE ( 'NONE', *, *, #4472, .T. ) ;
#6104 = CARTESIAN_POINT ( 'NONE',  ( -44.99999999999999289, 29.66000000000000725, -15.00000000000000178 ) ) ;
#6105 = ORIENTED_EDGE ( 'NONE', *, *, #1889, .T. ) ;
#6106 = PRESENTATION_STYLE_ASSIGNMENT (( #3773 ) ) ;
#6107 = ORIENTED_EDGE ( 'NONE', *, *, #2372, .T. ) ;
#6108 = FACE_OUTER_BOUND ( 'NONE', #558, .T. ) ;
#6109 = ORIENTED_EDGE ( 'NONE', *, *, #5172, .F. ) ;
#6110 = ORIENTED_EDGE ( 'NONE', *, *, #3281, .T. ) ;
#6111 = ORIENTED_EDGE ( 'NONE', *, *, #230, .F. ) ;
#6112 = CARTESIAN_POINT ( 'NONE',  ( 0.000000000000000000, 0.000000000000000000, -2.000000000000000000 ) ) ;
#6113 = LINE ( 'NONE', #6621, #450 ) ;
#6114 = VECTOR ( 'NONE', #2446, 1000.000000000000000 ) ;
#6115 = CARTESIAN_POINT ( 'NONE',  ( -45.69999999999999574, -25.60000000000000142, -1.600000000000000089 ) ) ;
#6116 = ORIENTED_EDGE ( 'NONE', *, *, #2353, .F. ) ;
#6117 = EDGE_CURVE ( 'NONE', #6397, #4878, #3490, .T. ) ;
#6118 = DIRECTION ( 'NONE',  ( 1.000000000000000000, 0.000000000000000000, 0.000000000000000000 ) ) ;
#6119 = AXIS2_PLACEMENT_3D ( 'NONE', #4598, #5070, #483 ) ;
#6120 = CARTESIAN_POINT ( 'NONE',  ( 18.64999999999999858, 3.149999999999999467, -4.200000000000000178 ) ) ;
#6121 = CARTESIAN_POINT ( 'NONE',  ( -49.60000000000000853, 26.00000000000000355, -13.00000000000000178 ) ) ;
#6122 = CARTESIAN_POINT ( 'NONE',  ( 0.000000000000000000, 0.000000000000000000, -2.000000000000000000 ) ) ;
#6123 = VERTEX_POINT ( 'NONE', #6039 ) ;
#6124 = AXIS2_PLACEMENT_3D ( 'NONE', #734, #3844, #3339 ) ;
#6125 = CARTESIAN_POINT ( 'NONE',  ( 37.65000000000001279, 4.849999999999993427, -0.6999999999999998446 ) ) ;
#6126 = VECTOR ( 'NONE', #2811, 1000.000000000000000 ) ;
#6127 = ORIENTED_EDGE ( 'NONE', *, *, #5846, .F. ) ;
#6128 = LINE ( 'NONE', #500, #6604 ) ;
#6129 = VECTOR ( 'NONE', #1283, 1000.000000000000000 ) ;
#6130 = DIRECTION ( 'NONE',  ( 0.000000000000000000, 1.000000000000000000, 0.000000000000000000 ) ) ;
#6131 = VECTOR ( 'NONE', #3783, 1000.000000000000000 ) ;
#6132 = EDGE_CURVE ( 'NONE', #1264, #586, #2039, .T. ) ;
#6133 = CARTESIAN_POINT ( 'NONE',  ( 44.99999999999999289, 29.66000000000000369, -15.00000000000000178 ) ) ;
#6134 = EDGE_LOOP ( 'NONE', ( #5047, #1008, #4284, #6492 ) ) ;
#6135 = DIRECTION ( 'NONE',  ( 0.000000000000000000, 1.000000000000000000, 0.000000000000000000 ) ) ;
#6136 = EDGE_CURVE ( 'NONE', #399, #3007, #4680, .T. ) ;
#6137 = ORIENTED_EDGE ( 'NONE', *, *, #691, .F. ) ;
#6138 = DIRECTION ( 'NONE',  ( -0.000000000000000000, -0.000000000000000000, 1.000000000000000000 ) ) ;
#6139 = EDGE_LOOP ( 'NONE', ( #4148, #5551, #3300, #2550, #2113, #4923 ) ) ;
#6140 = LINE ( 'NONE', #1577, #3761 ) ;
#6141 = ORIENTED_EDGE ( 'NONE', *, *, #195, .T. ) ;
#6142 = ADVANCED_FACE ( 'NONE', ( #1636 ), #6230, .F. ) ;
#6143 = CARTESIAN_POINT ( 'NONE',  ( 34.00000000000000000, -29.80000000000000071, -11.19999999999999929 ) ) ;
#6144 = VECTOR ( 'NONE', #285, 1000.000000000000000 ) ;
#6145 = VERTEX_POINT ( 'NONE', #629 ) ;
#6146 = FACE_OUTER_BOUND ( 'NONE', #2373, .T. ) ;
#6147 = CARTESIAN_POINT ( 'NONE',  ( 45.00000000000000000, -30.59999999999999787, -13.00000000000000178 ) ) ;
#6148 = FACE_OUTER_BOUND ( 'NONE', #1140, .T. ) ;
#6149 = CARTESIAN_POINT ( 'NONE',  ( -48.00000000000000000, 15.88999999999999702, -4.869999999999999218 ) ) ;
#6150 = DIRECTION ( 'NONE',  ( -0.000000000000000000, 0.000000000000000000, 1.000000000000000000 ) ) ;
#6151 = ORIENTED_EDGE ( 'NONE', *, *, #2114, .F. ) ;
#6152 = DIRECTION ( 'NONE',  ( 0.000000000000000000, 0.000000000000000000, 1.000000000000000000 ) ) ;
#6153 = EDGE_CURVE ( 'NONE', #49, #1604, #5030, .T. ) ;
#6154 = CARTESIAN_POINT ( 'NONE',  ( -48.00000000000000000, 7.739999999999996660, -6.419999999999999929 ) ) ;
#6155 = EDGE_CURVE ( 'NONE', #740, #2646, #3450, .T. ) ;
#6156 = CARTESIAN_POINT ( 'NONE',  ( 45.00000000000000711, 26.00000000000002132, -15.50000000000000178 ) ) ;
#6157 = VERTEX_POINT ( 'NONE', #5004 ) ;
#6158 = VECTOR ( 'NONE', #1747, 1000.000000000000000 ) ;
#6159 = AXIS2_PLACEMENT_3D ( 'NONE', #4125, #1584, #1552 ) ;
#6160 = CARTESIAN_POINT ( 'NONE',  ( -48.65999999999999659, -26.00000000000000355, -15.50000000000000178 ) ) ;
#6161 = ORIENTED_EDGE ( 'NONE', *, *, #704, .F. ) ;
#6162 = DIRECTION ( 'NONE',  ( 0.000000000000000000, -1.000000000000000000, 0.000000000000000000 ) ) ;
#6163 = VECTOR ( 'NONE', #6250, 1000.000000000000000 ) ;
#6164 = CIRCLE ( 'NONE', #163, 1.200000000000003064 ) ;
#6165 = FACE_OUTER_BOUND ( 'NONE', #239, .T. ) ;
#6166 = ADVANCED_FACE ( 'NONE', ( #794 ), #3309, .T. ) ;
#6167 = FACE_OUTER_BOUND ( 'NONE', #4688, .T. ) ;
#6168 = ORIENTED_EDGE ( 'NONE', *, *, #1528, .F. ) ;
#6169 = AXIS2_PLACEMENT_3D ( 'NONE', #3513, #3000, #5052 ) ;
#6170 = AXIS2_PLACEMENT_3D ( 'NONE', #4699, #5750, #4307 ) ;
#6171 = LINE ( 'NONE', #1477, #1641 ) ;
#6172 = ADVANCED_FACE ( 'NONE', ( #160 ), #4888, .T. ) ;
#6173 = EDGE_CURVE ( 'NONE', #4959, #3880, #2230, .T. ) ;
#6174 = ORIENTED_EDGE ( 'NONE', *, *, #1375, .F. ) ;
#6175 = FACE_OUTER_BOUND ( 'NONE', #1671, .T. ) ;
#6176 = ORIENTED_EDGE ( 'NONE', *, *, #2461, .F. ) ;
#6177 = DIRECTION ( 'NONE',  ( 1.000000000000000000, 0.000000000000000000, 0.000000000000000000 ) ) ;
#6178 = AXIS2_PLACEMENT_3D ( 'NONE', #5448, #327, #1789 ) ;
#6179 = EDGE_CURVE ( 'NONE', #5721, #6204, #4319, .T. ) ;
#6180 = EDGE_CURVE ( 'NONE', #2472, #6418, #2838, .T. ) ;
#6181 = ORIENTED_EDGE ( 'NONE', *, *, #837, .F. ) ;
#6182 = CARTESIAN_POINT ( 'NONE',  ( -46.80000000000000426, -21.20000000000000284, -3.750000000000000000 ) ) ;
#6183 = ORIENTED_EDGE ( 'NONE', *, *, #5379, .T. ) ;
#6184 = DIRECTION ( 'NONE',  ( 0.000000000000000000, 0.000000000000000000, 1.000000000000000000 ) ) ;
#6185 = ADVANCED_FACE ( 'NONE', ( #5824 ), #1196, .T. ) ;
#6186 = FACE_OUTER_BOUND ( 'NONE', #533, .T. ) ;
#6187 = FACE_BOUND ( 'NONE', #2606, .T. ) ;
#6188 = DIRECTION ( 'NONE',  ( 1.000000000000000000, 0.000000000000000000, 0.000000000000000000 ) ) ;
#6189 = LINE ( 'NONE', #1078, #3926 ) ;
#6190 = ORIENTED_EDGE ( 'NONE', *, *, #6458, .F. ) ;
#6191 = DIRECTION ( 'NONE',  ( 0.000000000000000000, -1.000000000000000000, 0.000000000000000000 ) ) ;
#6192 = CARTESIAN_POINT ( 'NONE',  ( 23.69999999999998863, 9.000000000000001776, -0.6999999999999998446 ) ) ;
#6193 = LINE ( 'NONE', #1591, #1129 ) ;
#6194 = ORIENTED_EDGE ( 'NONE', *, *, #3950, .F. ) ;
#6195 = LINE ( 'NONE', #4164, #6328 ) ;
#6196 = ORIENTED_EDGE ( 'NONE', *, *, #1044, .F. ) ;
#6197 = CARTESIAN_POINT ( 'NONE',  ( 8.599999999999999645, -12.05000000000000249, -10.65000000000000391 ) ) ;
#6198 = CARTESIAN_POINT ( 'NONE',  ( -0.3100000000000073808, 27.21376043070339534, 0.000000000000000000 ) ) ;
#6199 = DIRECTION ( 'NONE',  ( -1.000000000000000000, 0.000000000000000000, 0.000000000000000000 ) ) ;
#6200 = ORIENTED_EDGE ( 'NONE', *, *, #1105, .F. ) ;
#6201 = CARTESIAN_POINT ( 'NONE',  ( 39.34999999999999432, 18.85000000000000142, -2.000000000000000000 ) ) ;
#6202 = DIRECTION ( 'NONE',  ( 0.000000000000000000, 0.000000000000000000, 1.000000000000000000 ) ) ;
#6203 = EDGE_CURVE ( 'NONE', #5389, #948, #2897, .T. ) ;
#6204 = VERTEX_POINT ( 'NONE', #1699 ) ;
#6205 = ORIENTED_EDGE ( 'NONE', *, *, #3386, .F. ) ;
#6206 = LINE ( 'NONE', #1605, #879 ) ;
#6207 = ORIENTED_EDGE ( 'NONE', *, *, #5552, .F. ) ;
#6208 = CARTESIAN_POINT ( 'NONE',  ( -39.91000000000000369, -4.110000000000001208, 0.000000000000000000 ) ) ;
#6209 = ORIENTED_EDGE ( 'NONE', *, *, #1993, .F. ) ;
#6210 = DIRECTION ( 'NONE',  ( 1.000000000000000000, 0.000000000000000000, 0.000000000000000000 ) ) ;
#6211 = CARTESIAN_POINT ( 'NONE',  ( 37.35000000000000142, 18.85000000000000142, -4.200000000000000178 ) ) ;
#6212 = DIRECTION ( 'NONE',  ( -1.000000000000000000, 0.000000000000000000, -0.000000000000000000 ) ) ;
#6213 = CARTESIAN_POINT ( 'NONE',  ( -0.3100000000000040501, 25.28999999999999915, -1.600000000000000755 ) ) ;
#6214 = AXIS2_PLACEMENT_3D ( 'NONE', #5026, #470, #4527 ) ;
#6215 = ORIENTED_EDGE ( 'NONE', *, *, #3073, .F. ) ;
#6216 = LINE ( 'NONE', #3155, #6265 ) ;
#6217 = PLANE ( 'NONE',  #4418 ) ;
#6218 = CARTESIAN_POINT ( 'NONE',  ( -45.00000000000000000, 25.99999999999999289, 0.000000000000000000 ) ) ;
#6219 = VERTEX_POINT ( 'NONE', #301 ) ;
#6220 = LINE ( 'NONE', #2758, #4451 ) ;
#6221 = CARTESIAN_POINT ( 'NONE',  ( -44.99999999999999289, -29.66000000000000369, -15.50000000000000178 ) ) ;
#6222 = VERTEX_POINT ( 'NONE', #6362 ) ;
#6223 = VECTOR ( 'NONE', #2275, 1000.000000000000000 ) ;
#6224 = DIRECTION ( 'NONE',  ( -0.000000000000000000, 0.000000000000000000, 1.000000000000000000 ) ) ;
#6225 = DIRECTION ( 'NONE',  ( 1.000000000000000000, 0.000000000000000000, 0.000000000000000000 ) ) ;
#6226 = VECTOR ( 'NONE', #5349, 1000.000000000000000 ) ;
#6227 = FACE_OUTER_BOUND ( 'NONE', #3935, .T. ) ;
#6228 = ORIENTED_EDGE ( 'NONE', *, *, #1804, .F. ) ;
#6229 = AXIS2_PLACEMENT_3D ( 'NONE', #44, #1350, #1210 ) ;
#6230 = PLANE ( 'NONE',  #3643 ) ;
#6231 = LINE ( 'NONE', #1197, #6247 ) ;
#6232 = VECTOR ( 'NONE', #4806, 1000.000000000000000 ) ;
#6233 = AXIS2_PLACEMENT_3D ( 'NONE', #4652, #2579, #4179 ) ;
#6234 = EDGE_LOOP ( 'NONE', ( #855, #2503, #428, #4279 ) ) ;
#6235 = ORIENTED_EDGE ( 'NONE', *, *, #1269, .T. ) ;
#6236 = DIRECTION ( 'NONE',  ( 0.000000000000000000, 0.000000000000000000, 1.000000000000000000 ) ) ;
#6237 = AXIS2_PLACEMENT_3D ( 'NONE', #2460, #2988, #6055 ) ;
#6238 = ORIENTED_EDGE ( 'NONE', *, *, #2181, .T. ) ;
#6239 = DIRECTION ( 'NONE',  ( 1.000000000000000000, 0.000000000000000000, 0.000000000000000000 ) ) ;
#6240 = EDGE_CURVE ( 'NONE', #99, #5188, #5582, .T. ) ;
#6241 = ORIENTED_EDGE ( 'NONE', *, *, #115, .T. ) ;
#6242 = CARTESIAN_POINT ( 'NONE',  ( 1.613760430703393922, -4.110000000000002984, 0.000000000000000000 ) ) ;
#6243 = DIRECTION ( 'NONE',  ( 0.000000000000000000, 0.000000000000000000, -1.000000000000000000 ) ) ;
#6244 = LINE ( 'NONE', #2686, #150 ) ;
#6245 = DIRECTION ( 'NONE',  ( 1.000000000000000000, 0.000000000000000000, 0.000000000000000000 ) ) ;
#6246 = ADVANCED_FACE ( 'NONE', ( #1760 ), #6296, .F. ) ;
#6247 = VECTOR ( 'NONE', #5825, 1000.000000000000000 ) ;
#6248 = EDGE_CURVE ( 'NONE', #5326, #4812, #5762, .T. ) ;
#6249 = ORIENTED_EDGE ( 'NONE', *, *, #4975, .F. ) ;
#6250 = DIRECTION ( 'NONE',  ( 1.000000000000000000, 0.000000000000000000, 0.000000000000000000 ) ) ;
#6251 = CARTESIAN_POINT ( 'NONE',  ( -44.99999999999999289, 29.16000000000000725, -15.50000000000000178 ) ) ;
#6252 = PLANE ( 'NONE',  #381 ) ;
#6253 = ORIENTED_EDGE ( 'NONE', *, *, #808, .T. ) ;
#6254 = CARTESIAN_POINT ( 'NONE',  ( 45.00000000000000000, 25.99999999999999645, -2.000000000000000000 ) ) ;
#6255 = VECTOR ( 'NONE', #4762, 1000.000000000000000 ) ;
#6256 = ORIENTED_EDGE ( 'NONE', *, *, #609, .T. ) ;
#6257 = EDGE_CURVE ( 'NONE', #6078, #1278, #1162, .T. ) ;
#6258 = LINE ( 'NONE', #6197, #287 ) ;
#6259 = ADVANCED_FACE ( 'NONE', ( #3234 ), #3201, .T. ) ;
#6260 = CARTESIAN_POINT ( 'NONE',  ( -43.19999999999999574, -27.35000000000000142, -4.969999999999999751 ) ) ;
#6261 = ORIENTED_EDGE ( 'NONE', *, *, #3760, .T. ) ;
#6262 = VECTOR ( 'NONE', #5207, 1000.000000000000000 ) ;
#6263 = DIRECTION ( 'NONE',  ( -0.4999999999999998890, -0.000000000000000000, 0.8660254037844387076 ) ) ;
#6264 = CARTESIAN_POINT ( 'NONE',  ( 19.00000000000000000, 28.39999999999999858, -15.10000000000000142 ) ) ;
#6265 = VECTOR ( 'NONE', #5273, 1000.000000000000000 ) ;
#6266 = VECTOR ( 'NONE', #4983, 1000.000000000000000 ) ;
#6267 = EDGE_CURVE ( 'NONE', #4417, #2164, #1731, .T. ) ;
#6268 = VERTEX_POINT ( 'NONE', #660 ) ;
#6269 = ORIENTED_EDGE ( 'NONE', *, *, #6625, .T. ) ;
#6270 = CARTESIAN_POINT ( 'NONE',  ( -48.00000000000000000, -13.24999999999999822, -8.400000000000002132 ) ) ;
#6271 = AXIS2_PLACEMENT_3D ( 'NONE', #29, #5555, #2509 ) ;
#6272 = VECTOR ( 'NONE', #112, 1000.000000000000227 ) ;
#6273 = EDGE_LOOP ( 'NONE', ( #4530, #5053, #4821, #3619 ) ) ;
#6274 = CARTESIAN_POINT ( 'NONE',  ( 45.00000000000000000, 31.00000000000000000, -2.000000000000000000 ) ) ;
#6275 = ORIENTED_EDGE ( 'NONE', *, *, #6632, .T. ) ;
#6276 = VECTOR ( 'NONE', #937, 1000.000000000000000 ) ;
#6277 = DIRECTION ( 'NONE',  ( 0.000000000000000000, 1.000000000000000000, 0.000000000000000000 ) ) ;
#6278 = CARTESIAN_POINT ( 'NONE',  ( 32.00000000000000711, 5.999999999999993783, 0.000000000000000000 ) ) ;
#6279 = LINE ( 'NONE', #3215, #4212 ) ;
#6280 = AXIS2_PLACEMENT_3D ( 'NONE', #5612, #2561, #4004 ) ;
#6281 = CARTESIAN_POINT ( 'NONE',  ( -45.69999999999999574, -11.50000000000000000, -1.600000000000000089 ) ) ;
#6282 = ADVANCED_FACE ( 'NONE', ( #2705 ), #4845, .F. ) ;
#6283 = ADVANCED_FACE ( 'NONE', ( #4250 ), #268, .T. ) ;
#6284 = VERTEX_POINT ( 'NONE', #196 ) ;
#6285 = DIRECTION ( 'NONE',  ( 1.000000000000000000, 0.000000000000000000, 0.000000000000000000 ) ) ;
#6286 = DIRECTION ( 'NONE',  ( 1.000000000000000000, 0.000000000000000000, 0.000000000000000000 ) ) ;
#6287 = CARTESIAN_POINT ( 'NONE',  ( 20.25000000000000000, 3.149999999999999467, -2.000000000000000000 ) ) ;
#6288 = ORIENTED_EDGE ( 'NONE', *, *, #4710, .T. ) ;
#6289 = CARTESIAN_POINT ( 'NONE',  ( -18.89999999999999503, -10.89999999999999858, -4.969999999999999751 ) ) ;
#6290 = ORIENTED_EDGE ( 'NONE', *, *, #2670, .T. ) ;
#6291 = CARTESIAN_POINT ( 'NONE',  ( -44.99999999999999289, -29.66000000000000369, -14.69999999999999929 ) ) ;
#6292 = EDGE_CURVE ( 'NONE', #6361, #636, #2927, .T. ) ;
#6293 = CARTESIAN_POINT ( 'NONE',  ( 48.00000000000000000, 26.00000000000000355, 0.000000000000000000 ) ) ;
#6294 = FACE_OUTER_BOUND ( 'NONE', #1321, .T. ) ;
#6295 = ORIENTED_EDGE ( 'NONE', *, *, #2569, .T. ) ;
#6296 = PLANE ( 'NONE',  #2688 ) ;
#6297 = FACE_OUTER_BOUND ( 'NONE', #3064, .T. ) ;
#6298 = ADVANCED_FACE ( 'NONE', ( #332 ), #2367, .T. ) ;
#6299 = VERTEX_POINT ( 'NONE', #4918 ) ;
#6300 = LINE ( 'NONE', #2742, #4653 ) ;
#6301 = ORIENTED_EDGE ( 'NONE', *, *, #3415, .F. ) ;
#6302 = FACE_OUTER_BOUND ( 'NONE', #63, .T. ) ;
#6303 = VERTEX_POINT ( 'NONE', #2867 ) ;
#6304 = DIRECTION ( 'NONE',  ( 0.000000000000000000, 0.000000000000000000, 1.000000000000000000 ) ) ;
#6305 = EDGE_LOOP ( 'NONE', ( #4684, #2961 ) ) ;
#6306 = CARTESIAN_POINT ( 'NONE',  ( 22.60000000000000142, -24.05000000000000071, -10.65000000000000391 ) ) ;
#6307 = CARTESIAN_POINT ( 'NONE',  ( -20.69999999999999574, -11.50000000000000000, -3.169999999999999929 ) ) ;
#6308 = CARTESIAN_POINT ( 'NONE',  ( 21.39999999999999858, -24.05000000000000071, -1.600000000000000089 ) ) ;
#6309 = CARTESIAN_POINT ( 'NONE',  ( -48.15999999999999659, 26.00000000000000355, -15.50000000000000178 ) ) ;
#6310 = ORIENTED_EDGE ( 'NONE', *, *, #1606, .F. ) ;
#6311 = DIRECTION ( 'NONE',  ( 1.000000000000000000, 0.000000000000000000, 0.000000000000000000 ) ) ;
#6312 = CARTESIAN_POINT ( 'NONE',  ( -44.99999999999999289, 29.66000000000000725, -13.00000000000000178 ) ) ;
#6313 = CARTESIAN_POINT ( 'NONE',  ( 0.7999999999999972689, -7.120000000000005436, -7.500000000000000888 ) ) ;
#6314 = ORIENTED_EDGE ( 'NONE', *, *, #5654, .T. ) ;
#6315 = DIRECTION ( 'NONE',  ( 0.000000000000000000, 0.000000000000000000, -1.000000000000000000 ) ) ;
#6316 = EDGE_CURVE ( 'NONE', #1199, #2425, #1435, .T. ) ;
#6317 = DIRECTION ( 'NONE',  ( 0.000000000000000000, 1.000000000000000000, 0.000000000000000000 ) ) ;
#6318 = ORIENTED_EDGE ( 'NONE', *, *, #850, .F. ) ;
#6319 = DIRECTION ( 'NONE',  ( 1.000000000000000000, 0.000000000000000000, 0.000000000000000000 ) ) ;
#6320 = EDGE_CURVE ( 'NONE', #6577, #5737, #5550, .T. ) ;
#6321 = DIRECTION ( 'NONE',  ( 0.000000000000000000, 1.000000000000000000, 0.000000000000000000 ) ) ;
#6322 = LINE ( 'NONE', #5820, #1822 ) ;
#6323 = DIRECTION ( 'NONE',  ( 1.000000000000000000, 0.000000000000000000, 0.000000000000000000 ) ) ;
#6324 = ORIENTED_EDGE ( 'NONE', *, *, #2285, .T. ) ;
#6325 = VECTOR ( 'NONE', #2517, 1000.000000000000000 ) ;
#6326 = DIRECTION ( 'NONE',  ( 0.000000000000000000, 0.000000000000000000, 1.000000000000000000 ) ) ;
#6327 = CARTESIAN_POINT ( 'NONE',  ( -47.39999999999999858, 26.00000000000000355, -6.419999999999999929 ) ) ;
#6328 = VECTOR ( 'NONE', #82, 1000.000000000000000 ) ;
#6329 = ADVANCED_FACE ( 'NONE', ( #1367 ), #6561, .T. ) ;
#6330 = ORIENTED_EDGE ( 'NONE', *, *, #936, .F. ) ;
#6331 = DIRECTION ( 'NONE',  ( -0.000000000000000000, -0.000000000000000000, 1.000000000000000000 ) ) ;
#6332 = EDGE_LOOP ( 'NONE', ( #170, #2877, #2690, #6068 ) ) ;
#6333 = CARTESIAN_POINT ( 'NONE',  ( 26.00000000000000355, 7.000000000000000000, -1.000000000000014433 ) ) ;
#6334 = VECTOR ( 'NONE', #4116, 1000.000000000000000 ) ;
#6335 = ADVANCED_FACE ( 'NONE', ( #4514 ), #3507, .T. ) ;
#6336 = ADVANCED_FACE ( 'NONE', ( #3405 ), #3433, .T. ) ;
#6337 = ORIENTED_EDGE ( 'NONE', *, *, #1607, .T. ) ;
#6338 = LINE ( 'NONE', #3752, #4176 ) ;
#6339 = ORIENTED_EDGE ( 'NONE', *, *, #3675, .F. ) ;
#6340 = PLANE ( 'NONE',  #557 ) ;
#6341 = AXIS2_PLACEMENT_3D ( 'NONE', #3367, #5923, #830 ) ;
#6342 = LINE ( 'NONE', #5233, #480 ) ;
#6343 = LINE ( 'NONE', #6308, #1859 ) ;
#6344 = DIRECTION ( 'NONE',  ( -0.000000000000000000, -0.000000000000000000, 1.000000000000000000 ) ) ;
#6345 = EDGE_CURVE ( 'NONE', #2850, #1442, #6525, .T. ) ;
#6346 = EDGE_LOOP ( 'NONE', ( #5062, #3648, #1592, #5914 ) ) ;
#6347 = ORIENTED_EDGE ( 'NONE', *, *, #6136, .T. ) ;
#6348 = CARTESIAN_POINT ( 'NONE',  ( 17.44999999999999929, 1.949999999999999512, -4.200000000000000178 ) ) ;
#6349 = DIRECTION ( 'NONE',  ( 0.000000000000000000, -1.000000000000000000, 0.000000000000000000 ) ) ;
#6350 = CARTESIAN_POINT ( 'NONE',  ( 45.00000000000000711, 26.00000000000002132, -15.50000000000000178 ) ) ;
#6351 = ORIENTED_EDGE ( 'NONE', *, *, #5378, .F. ) ;
#6352 = LINE ( 'NONE', #5853, #6272 ) ;
#6353 =( NAMED_UNIT ( * ) PLANE_ANGLE_UNIT ( ) SI_UNIT ( $, .RADIAN. ) );
#6354 = VERTEX_POINT ( 'NONE', #4950 ) ;
#6355 = FACE_OUTER_BOUND ( 'NONE', #6432, .T. ) ;
#6356 = ADVANCED_FACE ( 'NONE', ( #5927 ), #1829, .T. ) ;
#6357 = DIRECTION ( 'NONE',  ( 0.000000000000000000, 0.000000000000000000, -1.000000000000000000 ) ) ;
#6358 = DIRECTION ( 'NONE',  ( 0.000000000000000000, -1.000000000000000000, 0.000000000000000000 ) ) ;
#6359 = CARTESIAN_POINT ( 'NONE',  ( -45.69999999999999574, -26.80000000000000426, -3.169999999999999929 ) ) ;
#6360 = VECTOR ( 'NONE', #2473, 1000.000000000000000 ) ;
#6361 = VERTEX_POINT ( 'NONE', #6022 ) ;
#6362 = CARTESIAN_POINT ( 'NONE',  ( 44.99999999999999289, -29.66000000000000725, -13.00000000000000178 ) ) ;
#6363 = CARTESIAN_POINT ( 'NONE',  ( 45.00000000000000711, 26.00000000000002132, -15.00000000000000178 ) ) ;
#6364 = EDGE_CURVE ( 'NONE', #2786, #948, #5963, .T. ) ;
#6365 = EDGE_CURVE ( 'NONE', #3001, #6080, #3373, .T. ) ;
#6366 = VECTOR ( 'NONE', #829, 1000.000000000000000 ) ;
#6367 = EDGE_LOOP ( 'NONE', ( #295, #441, #3769, #972 ) ) ;
#6368 = FACE_OUTER_BOUND ( 'NONE', #3431, .T. ) ;
#6369 = VERTEX_POINT ( 'NONE', #4011 ) ;
#6370 = DIRECTION ( 'NONE',  ( -1.000000000000000000, 0.000000000000000000, 0.000000000000000000 ) ) ;
#6371 = EDGE_CURVE ( 'NONE', #5188, #840, #1926, .T. ) ;
#6372 = VECTOR ( 'NONE', #614, 1000.000000000000000 ) ;
#6373 = VECTOR ( 'NONE', #5404, 1000.000000000000000 ) ;
#6374 = EDGE_CURVE ( 'NONE', #3547, #2869, #2371, .T. ) ;
#6375 = EDGE_LOOP ( 'NONE', ( #4500, #1885, #4350, #1820 ) ) ;
#6376 = VECTOR ( 'NONE', #3277, 1000.000000000000000 ) ;
#6377 = DIRECTION ( 'NONE',  ( 0.000000000000000000, -1.000000000000000000, 0.000000000000000000 ) ) ;
#6378 = VECTOR ( 'NONE', #1153, 1000.000000000000000 ) ;
#6379 = ORIENTED_EDGE ( 'NONE', *, *, #1578, .F. ) ;
#6380 = CARTESIAN_POINT ( 'NONE',  ( -41.42000000000000881, -8.320000000000005613, -7.500000000000000888 ) ) ;
#6381 = EDGE_CURVE ( 'NONE', #5931, #4685, #3754, .T. ) ;
#6382 = CARTESIAN_POINT ( 'NONE',  ( 22.60000000000000142, -12.05000000000000249, -1.600000000000000089 ) ) ;
#6383 = EDGE_CURVE ( 'NONE', #366, #2388, #934, .T. ) ;
#6384 = DIRECTION ( 'NONE',  ( 1.000000000000000000, 0.000000000000000000, 0.000000000000000000 ) ) ;
#6385 = VECTOR ( 'NONE', #4771, 1000.000000000000000 ) ;
#6386 = CARTESIAN_POINT ( 'NONE',  ( -47.39999999999999858, -26.00000000000000355, -15.50000000000000178 ) ) ;
#6387 = VECTOR ( 'NONE', #2700, 1000.000000000000000 ) ;
#6388 = ORIENTED_EDGE ( 'NONE', *, *, #379, .T. ) ;
#6389 = EDGE_CURVE ( 'NONE', #6418, #6268, #4448, .T. ) ;
#6390 = ORIENTED_EDGE ( 'NONE', *, *, #2782, .F. ) ;
#6391 = CARTESIAN_POINT ( 'NONE',  ( -45.69999999999999574, -26.80000000000000426, -1.600000000000000089 ) ) ;
#6392 = LINE ( 'NONE', #291, #6446 ) ;
#6393 = CARTESIAN_POINT ( 'NONE',  ( 0.000000000000000000, 0.000000000000000000, -4.969999999999999751 ) ) ;
#6394 = DIRECTION ( 'NONE',  ( -1.000000000000000000, 0.000000000000000000, 0.000000000000000000 ) ) ;
#6395 = FACE_OUTER_BOUND ( 'NONE', #4204, .T. ) ;
#6396 = CIRCLE ( 'NONE', #2851, 2.399999999999985256 ) ;
#6397 = VERTEX_POINT ( 'NONE', #2464 ) ;
#6398 = CARTESIAN_POINT ( 'NONE',  ( 37.35000000000000142, 1.949999999999999512, -4.200000000000000178 ) ) ;
#6399 = DIRECTION ( 'NONE',  ( 0.000000000000000000, 0.000000000000000000, 1.000000000000000000 ) ) ;
#6400 = CARTESIAN_POINT ( 'NONE',  ( 31.99999999999999289, 12.99999999999999289, -1.000000000000014433 ) ) ;
#6401 = LINE ( 'NONE', #5422, #2305 ) ;
#6402 = VERTEX_POINT ( 'NONE', #1594 ) ;
#6403 = DIRECTION ( 'NONE',  ( 0.000000000000000000, 0.000000000000000000, -1.000000000000000000 ) ) ;
#6404 = CARTESIAN_POINT ( 'NONE',  ( -46.80000000000000426, 7.739999999999995772, -10.51999999999999957 ) ) ;
#6405 = EDGE_LOOP ( 'NONE', ( #3103, #6559, #1673, #1186 ) ) ;
#6406 = ORIENTED_EDGE ( 'NONE', *, *, #1779, .F. ) ;
#6407 = LINE ( 'NONE', #5766, #5304 ) ;
#6408 = EDGE_LOOP ( 'NONE', ( #1944, #567, #2598, #3832 ) ) ;
#6409 = DIRECTION ( 'NONE',  ( 0.000000000000000000, 0.000000000000000000, -1.000000000000000000 ) ) ;
#6410 = EDGE_CURVE ( 'NONE', #645, #633, #6195, .T. ) ;
#6411 = ORIENTED_EDGE ( 'NONE', *, *, #4577, .F. ) ;
#6412 = PLANE ( 'NONE',  #1398 ) ;
#6413 = VERTEX_POINT ( 'NONE', #3629 ) ;
#6414 = CARTESIAN_POINT ( 'NONE',  ( 45.50000000000000000, -22.00000000000000000, -16.39999999999999858 ) ) ;
#6415 = CARTESIAN_POINT ( 'NONE',  ( 22.99999999999999289, 13.00000000000000178, 0.000000000000000000 ) ) ;
#6416 = CARTESIAN_POINT ( 'NONE',  ( -19.19999999999999574, -28.39999999999999858, -4.969999999999999751 ) ) ;
#6417 = ORIENTED_EDGE ( 'NONE', *, *, #1780, .F. ) ;
#6418 = VERTEX_POINT ( 'NONE', #5585 ) ;
#6419 = CARTESIAN_POINT ( 'NONE',  ( -19.19999999999999574, -9.750000000000000000, -4.969999999999999751 ) ) ;
#6420 = DIRECTION ( 'NONE',  ( 1.000000000000000000, 0.000000000000000000, -0.000000000000000000 ) ) ;
#6421 = DIRECTION ( 'NONE',  ( 1.000000000000000000, 0.000000000000000000, 0.000000000000000000 ) ) ;
#6422 = CYLINDRICAL_SURFACE ( 'NONE', #5097, 1.799999999999999600 ) ;
#6423 = VERTEX_POINT ( 'NONE', #4546 ) ;
#6424 = DIRECTION ( 'NONE',  ( 1.000000000000000000, 0.000000000000000000, 0.000000000000000000 ) ) ;
#6425 = PLANE ( 'NONE',  #5724 ) ;
#6426 = CARTESIAN_POINT ( 'NONE',  ( 45.00000000000000000, 28.39999999999999858, -15.50000000000000178 ) ) ;
#6427 = CARTESIAN_POINT ( 'NONE',  ( -40.91000000000001080, -26.00000000000001066, -1.600000000000000755 ) ) ;
#6428 = VERTEX_POINT ( 'NONE', #5687 ) ;
#6429 = DIRECTION ( 'NONE',  ( 0.000000000000000000, 0.000000000000000000, -1.000000000000000000 ) ) ;
#6430 = CARTESIAN_POINT ( 'NONE',  ( 37.75000000000000000, 17.25000000000000000, -2.000000000000000000 ) ) ;
#6431 = VERTEX_POINT ( 'NONE', #2600 ) ;
#6432 = EDGE_LOOP ( 'NONE', ( #1, #2135, #6025, #4493 ) ) ;
#6433 = CIRCLE ( 'NONE', #5354, 3.659999999999989484 ) ;
#6434 = CARTESIAN_POINT ( 'NONE',  ( -47.39999999999999858, 20.03999999999999559, -8.304999999999999716 ) ) ;
#6435 = ORIENTED_EDGE ( 'NONE', *, *, #4382, .F. ) ;
#6436 = DIRECTION ( 'NONE',  ( 0.000000000000000000, -1.000000000000000000, 0.000000000000000000 ) ) ;
#6437 = CIRCLE ( 'NONE', #2142, 3.659999999999996589 ) ;
#6438 = AXIS2_PLACEMENT_3D ( 'NONE', #3257, #216, #5309 ) ;
#6439 = ORIENTED_EDGE ( 'NONE', *, *, #821, .T. ) ;
#6440 = PRODUCT_DEFINITION ( 'UNKNOWN', '', #3437, #4217 ) ;
#6441 = CARTESIAN_POINT ( 'NONE',  ( 3.699999999999997513, -3.920000000000005258, -7.500000000000000888 ) ) ;
#6442 = ORIENTED_EDGE ( 'NONE', *, *, #3642, .T. ) ;
#6443 = AXIS2_PLACEMENT_3D ( 'NONE', #5285, #763, #2803 ) ;
#6444 = DIRECTION ( 'NONE',  ( 0.000000000000000000, 0.000000000000000000, -1.000000000000000000 ) ) ;
#6445 = LINE ( 'NONE', #1273, #584 ) ;
#6446 = VECTOR ( 'NONE', #3397, 1000.000000000000000 ) ;
#6447 = DIRECTION ( 'NONE',  ( 0.000000000000000000, 0.000000000000000000, -1.000000000000000000 ) ) ;
#6448 = AXIS2_PLACEMENT_3D ( 'NONE', #6125, #3569, #1787 ) ;
#6449 = ADVANCED_FACE ( 'NONE', ( #4104 ), #1086, .T. ) ;
#6450 = VERTEX_POINT ( 'NONE', #2092 ) ;
#6451 = VECTOR ( 'NONE', #947, 1000.000000000000000 ) ;
#6452 = EDGE_LOOP ( 'NONE', ( #649, #1081, #1341, #5231 ) ) ;
#6453 = DIRECTION ( 'NONE',  ( 0.000000000000000000, 0.000000000000000000, 1.000000000000000000 ) ) ;
#6454 = CARTESIAN_POINT ( 'NONE',  ( -46.80000000000000426, 13.43999999999999950, -10.51999999999999957 ) ) ;
#6455 = DIRECTION ( 'NONE',  ( 1.000000000000000000, 0.000000000000000000, 0.000000000000000000 ) ) ;
#6456 = DIRECTION ( 'NONE',  ( 0.000000000000000000, 0.000000000000000000, 1.000000000000000000 ) ) ;
#6457 = EDGE_LOOP ( 'NONE', ( #3712, #4323, #1355, #6324 ) ) ;
#6458 = EDGE_CURVE ( 'NONE', #1199, #3520, #4583, .T. ) ;
#6459 = VECTOR ( 'NONE', #2956, 1000.000000000000000 ) ;
#6460 = CARTESIAN_POINT ( 'NONE',  ( -43.19999999999999574, -28.39999999999999858, -4.969999999999999751 ) ) ;
#6461 = EDGE_CURVE ( 'NONE', #582, #2123, #5655, .T. ) ;
#6462 = DIRECTION ( 'NONE',  ( 1.000000000000000000, 0.000000000000000000, 0.000000000000000000 ) ) ;
#6463 = CARTESIAN_POINT ( 'NONE',  ( -46.80000000000000426, -21.20000000000000284, -6.000000000000000000 ) ) ;
#6464 = DIRECTION ( 'NONE',  ( 0.000000000000000000, 0.000000000000000000, -1.000000000000000000 ) ) ;
#6465 = EDGE_LOOP ( 'NONE', ( #4344, #1201, #4432, #3946 ) ) ;
#6466 = ADVANCED_FACE ( 'NONE', ( #3129 ), #3162, .T. ) ;
#6467 = DIRECTION ( 'NONE',  ( 0.000000000000000000, 0.000000000000000000, 1.000000000000000000 ) ) ;
#6468 = EDGE_CURVE ( 'NONE', #1451, #340, #3605, .T. ) ;
#6469 = LINE ( 'NONE', #5928, #1745 ) ;
#6470 = ORIENTED_EDGE ( 'NONE', *, *, #4676, .F. ) ;
#6471 = VECTOR ( 'NONE', #4211, 1000.000000000000000 ) ;
#6472 = VERTEX_POINT ( 'NONE', #3097 ) ;
#6473 = CARTESIAN_POINT ( 'NONE',  ( 3.699999999999997513, -3.920000000000005258, -7.500000000000000888 ) ) ;
#6474 = ORIENTED_EDGE ( 'NONE', *, *, #4290, .T. ) ;
#6475 = DIRECTION ( 'NONE',  ( 0.000000000000000000, 0.000000000000000000, 1.000000000000000000 ) ) ;
#6476 = VECTOR ( 'NONE', #140, 1000.000000000000000 ) ;
#6477 = EDGE_LOOP ( 'NONE', ( #2860, #4092, #3838, #1230 ) ) ;
#6478 = FACE_OUTER_BOUND ( 'NONE', #1837, .T. ) ;
#6479 = ORIENTED_EDGE ( 'NONE', *, *, #2991, .T. ) ;
#6480 = DIRECTION ( 'NONE',  ( -0.000000000000000000, 1.000000000000000000, -0.000000000000000000 ) ) ;
#6481 = ORIENTED_EDGE ( 'NONE', *, *, #5268, .F. ) ;
#6482 = CIRCLE ( 'NONE', #5510, 2.000000000000000000 ) ;
#6483 = CARTESIAN_POINT ( 'NONE',  ( -47.39999999999999858, 7.739999999999995772, -6.419999999999999929 ) ) ;
#6484 = AXIS2_PLACEMENT_3D ( 'NONE', #4093, #448, #4058 ) ;
#6485 = AXIS2_PLACEMENT_3D ( 'NONE', #6156, #423, #1468 ) ;
#6486 = ORIENTED_EDGE ( 'NONE', *, *, #844, .F. ) ;
#6487 = VERTEX_POINT ( 'NONE', #1125 ) ;
#6488 = CARTESIAN_POINT ( 'NONE',  ( 42.00000000000000000, -29.80000000000000071, -13.00000000000000178 ) ) ;
#6489 = CARTESIAN_POINT ( 'NONE',  ( -9.400000000000000355, -12.05000000000000249, -10.65000000000000391 ) ) ;
#6490 = FACE_OUTER_BOUND ( 'NONE', #1729, .T. ) ;
#6491 = VECTOR ( 'NONE', #5216, 1000.000000000000000 ) ;
#6492 = ORIENTED_EDGE ( 'NONE', *, *, #1099, .F. ) ;
#6493 = EDGE_CURVE ( 'NONE', #5400, #2291, #556, .T. ) ;
#6494 = CARTESIAN_POINT ( 'NONE',  ( 48.65999999999999659, -26.00000000000000355, -13.90000000000000036 ) ) ;
#6495 = CARTESIAN_POINT ( 'NONE',  ( 17.44999999999999929, 20.05000000000000071, -4.200000000000000178 ) ) ;
#6496 = PLANE ( 'NONE',  #6341 ) ;
#6497 = LINE ( 'NONE', #831, #4118 ) ;
#6498 = ORIENTED_EDGE ( 'NONE', *, *, #1211, .T. ) ;
#6499 = CIRCLE ( 'NONE', #2095, 1.923760430703397306 ) ;
#6500 = DIRECTION ( 'NONE',  ( 0.000000000000000000, 0.000000000000000000, 1.000000000000000000 ) ) ;
#6501 = CARTESIAN_POINT ( 'NONE',  ( -43.19999999999999574, -9.750000000000000000, -4.969999999999999751 ) ) ;
#6502 = ORIENTED_EDGE ( 'NONE', *, *, #3824, .F. ) ;
#6503 = ORIENTED_EDGE ( 'NONE', *, *, #6389, .F. ) ;
#6504 = CYLINDRICAL_SURFACE ( 'NONE', #5199, 2.399999999999992362 ) ;
#6505 = ORIENTED_EDGE ( 'NONE', *, *, #4657, .T. ) ;
#6506 = DIRECTION ( 'NONE',  ( 1.000000000000000000, 0.000000000000000000, 0.000000000000000000 ) ) ;
#6507 = ORIENTED_EDGE ( 'NONE', *, *, #3824, .T. ) ;
#6508 = CARTESIAN_POINT ( 'NONE',  ( 1.613760430703393700, 25.28999999999999559, -3.051576528684854991E-16 ) ) ;
#6509 = EDGE_LOOP ( 'NONE', ( #5704, #6435, #2912, #2617 ) ) ;
#6510 = CARTESIAN_POINT ( 'NONE',  ( 48.00000000000000000, 26.00000000000000000, -2.000000000000000000 ) ) ;
#6511 = ORIENTED_EDGE ( 'NONE', *, *, #4280, .T. ) ;
#6512 = LINE ( 'NONE', #5467, #4113 ) ;
#6513 = ORIENTED_EDGE ( 'NONE', *, *, #91, .F. ) ;
#6514 = ORIENTED_EDGE ( 'NONE', *, *, #3006, .F. ) ;
#6515 = DIRECTION ( 'NONE',  ( -1.000000000000000000, 0.000000000000000000, 0.000000000000000000 ) ) ;
#6516 = DIRECTION ( 'NONE',  ( -1.000000000000000000, 0.000000000000000000, 0.000000000000000000 ) ) ;
#6517 = CARTESIAN_POINT ( 'NONE',  ( 45.00000000000000000, 28.39999999999999858, -1.600000000000000755 ) ) ;
#6518 = VERTEX_POINT ( 'NONE', #6630 ) ;
#6519 = DIRECTION ( 'NONE',  ( 0.000000000000000000, -0.000000000000000000, 1.000000000000000000 ) ) ;
#6520 = CARTESIAN_POINT ( 'NONE',  ( 24.00000000000000000, 13.00000000000000178, -1.000000000000014433 ) ) ;
#6521 = CARTESIAN_POINT ( 'NONE',  ( 20.25000000000000000, 18.14498743710661444, -0.6999999999999998446 ) ) ;
#6522 = EDGE_CURVE ( 'NONE', #1746, #4907, #56, .T. ) ;
#6523 = DIRECTION ( 'NONE',  ( 0.000000000000000000, 0.000000000000000000, -1.000000000000000000 ) ) ;
#6524 = ORIENTED_EDGE ( 'NONE', *, *, #5465, .T. ) ;
#6525 = LINE ( 'NONE', #962, #5905 ) ;
#6526 = ORIENTED_EDGE ( 'NONE', *, *, #1900, .T. ) ;
#6527 = DIRECTION ( 'NONE',  ( 1.000000000000000000, 0.000000000000000000, 0.000000000000000000 ) ) ;
#6528 = ORIENTED_EDGE ( 'NONE', *, *, #2874, .T. ) ;
#6529 = VERTEX_POINT ( 'NONE', #4134 ) ;
#6530 = CARTESIAN_POINT ( 'NONE',  ( 37.75000000000000000, 4.749999999999999112, -2.000000000000000000 ) ) ;
#6531 = VERTEX_POINT ( 'NONE', #1530 ) ;
#6532 = CARTESIAN_POINT ( 'NONE',  ( -50.00000000000000000, 5.289999999999997371, -12.06999999999999851 ) ) ;
#6533 = EDGE_CURVE ( 'NONE', #5197, #2869, #1618, .T. ) ;
#6534 = VECTOR ( 'NONE', #6377, 1000.000000000000000 ) ;
#6535 = ORIENTED_EDGE ( 'NONE', *, *, #4316, .T. ) ;
#6536 = DIRECTION ( 'NONE',  ( 0.000000000000000000, 0.000000000000000000, 1.000000000000000000 ) ) ;
#6537 = ORIENTED_EDGE ( 'NONE', *, *, #1994, .F. ) ;
#6538 = DIRECTION ( 'NONE',  ( 0.000000000000000000, -1.000000000000000000, 0.000000000000000000 ) ) ;
#6539 = ORIENTED_EDGE ( 'NONE', *, *, #2103, .T. ) ;
#6540 = FACE_OUTER_BOUND ( 'NONE', #2069, .T. ) ;
#6541 = VECTOR ( 'NONE', #5672, 1000.000000000000000 ) ;
#6542 = EDGE_CURVE ( 'NONE', #4197, #4528, #993, .T. ) ;
#6543 = EDGE_CURVE ( 'NONE', #1480, #3640, #528, .T. ) ;
#6544 = ORIENTED_EDGE ( 'NONE', *, *, #956, .T. ) ;
#6545 = VECTOR ( 'NONE', #3993, 1000.000000000000000 ) ;
#6546 = ORIENTED_EDGE ( 'NONE', *, *, #5173, .T. ) ;
#6547 = CARTESIAN_POINT ( 'NONE',  ( -17.89999999999999503, -10.89999999999999858, -4.969999999999999751 ) ) ;
#6548 = FACE_BOUND ( 'NONE', #406, .T. ) ;
#6549 = AXIS2_PLACEMENT_3D ( 'NONE', #2622, #5133, #4226 ) ;
#6550 = DIRECTION ( 'NONE',  ( 0.000000000000000000, -1.000000000000000000, 0.000000000000000000 ) ) ;
#6551 = ORIENTED_EDGE ( 'NONE', *, *, #1344, .F. ) ;
#6552 = EDGE_CURVE ( 'NONE', #2425, #373, #460, .T. ) ;
#6553 = CARTESIAN_POINT ( 'NONE',  ( -48.00000000000000000, 26.00000000000000000, -2.000000000000000000 ) ) ;
#6554 = VECTOR ( 'NONE', #2878, 1000.000000000000000 ) ;
#6555 = ADVANCED_FACE ( 'NONE', ( #2027 ), #6600, .T. ) ;
#6556 = DIRECTION ( 'NONE',  ( 1.000000000000000000, 0.000000000000000000, 0.000000000000000000 ) ) ;
#6557 = CARTESIAN_POINT ( 'NONE',  ( 22.60000000000000142, -24.05000000000000071, -10.65000000000000391 ) ) ;
#6558 = DIRECTION ( 'NONE',  ( 0.000000000000000000, 0.000000000000000000, 1.000000000000000000 ) ) ;
#6559 = ORIENTED_EDGE ( 'NONE', *, *, #5163, .F. ) ;
#6560 = VECTOR ( 'NONE', #5113, 1000.000000000000000 ) ;
#6561 = PLANE ( 'NONE',  #2580 ) ;
#6562 = ORIENTED_EDGE ( 'NONE', *, *, #989, .T. ) ;
#6563 = CARTESIAN_POINT ( 'NONE',  ( 38.64999999999999858, 4.850000000000000533, -0.6999999999999998446 ) ) ;
#6564 = EDGE_CURVE ( 'NONE', #4337, #5548, #6096, .T. ) ;
#6565 = LINE ( 'NONE', #2997, #4119 ) ;
#6566 = ORIENTED_EDGE ( 'NONE', *, *, #6461, .T. ) ;
#6567 = CARTESIAN_POINT ( 'NONE',  ( -48.00000000000000000, -12.05000000000000249, -3.600000000000000533 ) ) ;
#6568 = ORIENTED_EDGE ( 'NONE', *, *, #5259, .F. ) ;
#6569 = LINE ( 'NONE', #1969, #1103 ) ;
#6570 = ADVANCED_FACE ( 'NONE', ( #498 ), #4069, .F. ) ;
#6571 = EDGE_CURVE ( 'NONE', #3918, #4122, #187, .T. ) ;
#6572 = AXIS2_PLACEMENT_3D ( 'NONE', #302, #4951, #5426 ) ;
#6573 = VERTEX_POINT ( 'NONE', #4240 ) ;
#6574 = CARTESIAN_POINT ( 'NONE',  ( -47.39999999999999858, 20.03999999999999559, -6.505000000000000782 ) ) ;
#6575 = ORIENTED_EDGE ( 'NONE', *, *, #3656, .T. ) ;
#6576 = LINE ( 'NONE', #1449, #986 ) ;
#6577 = VERTEX_POINT ( 'NONE', #2190 ) ;
#6578 = AXIS2_PLACEMENT_3D ( 'NONE', #3250, #4263, #2718 ) ;
#6579 = DIRECTION ( 'NONE',  ( 0.000000000000000000, -1.000000000000000000, 0.000000000000000000 ) ) ;
#6580 = EDGE_CURVE ( 'NONE', #2730, #5896, #4774, .T. ) ;
#6581 = ORIENTED_EDGE ( 'NONE', *, *, #6179, .T. ) ;
#6582 = VECTOR ( 'NONE', #3668, 1000.000000000000000 ) ;
#6583 = VECTOR ( 'NONE', #3213, 1000.000000000000000 ) ;
#6584 = ORIENTED_EDGE ( 'NONE', *, *, #609, .F. ) ;
#6585 = DIRECTION ( 'NONE',  ( 0.000000000000000000, 0.000000000000000000, -1.000000000000000000 ) ) ;
#6586 = CARTESIAN_POINT ( 'NONE',  ( 20.35000000000000142, 4.849999999999998757, -0.6999999999999998446 ) ) ;
#6587 = EDGE_CURVE ( 'NONE', #1085, #458, #2481, .T. ) ;
#6588 = FACE_BOUND ( 'NONE', #1588, .T. ) ;
#6589 = ORIENTED_EDGE ( 'NONE', *, *, #2959, .T. ) ;
#6590 = AXIS2_PLACEMENT_3D ( 'NONE', #3833, #5373, #2856 ) ;
#6591 = AXIS2_PLACEMENT_3D ( 'NONE', #3199, #2702, #5346 ) ;
#6592 = CARTESIAN_POINT ( 'NONE',  ( -48.00000000000000000, 5.289999999999997371, -12.06999999999999851 ) ) ;
#6593 = EDGE_CURVE ( 'NONE', #6157, #5353, #2253, .T. ) ;
#6594 = CARTESIAN_POINT ( 'NONE',  ( -45.00000000000000000, 26.00000000000000355, -13.90000000000000036 ) ) ;
#6595 = CARTESIAN_POINT ( 'NONE',  ( 47.39999999999999858, -26.00000000000000355, -1.600000000000000755 ) ) ;
#6596 = VECTOR ( 'NONE', #666, 1000.000000000000000 ) ;
#6597 = CARTESIAN_POINT ( 'NONE',  ( 0.000000000000000000, 0.000000000000000000, -16.39999999999999858 ) ) ;
#6598 = ORIENTED_EDGE ( 'NONE', *, *, #925, .T. ) ;
#6599 = CIRCLE ( 'NONE', #3692, 2.399999999999992362 ) ;
#6600 = PLANE ( 'NONE',  #1937 ) ;
#6601 = ORIENTED_EDGE ( 'NONE', *, *, #940, .T. ) ;
#6602 = DIRECTION ( 'NONE',  ( 0.000000000000000000, 0.000000000000000000, 1.000000000000000000 ) ) ;
#6603 = VECTOR ( 'NONE', #885, 1000.000000000000000 ) ;
#6604 = VECTOR ( 'NONE', #462, 1000.000000000000000 ) ;
#6605 = DIRECTION ( 'NONE',  ( -0.000000000000000000, -0.000000000000000000, 1.000000000000000000 ) ) ;
#6606 = CARTESIAN_POINT ( 'NONE',  ( -44.99999999999999289, -29.66000000000000369, -13.00000000000000178 ) ) ;
#6607 = ORIENTED_EDGE ( 'NONE', *, *, #5629, .F. ) ;
#6608 = AXIS2_PLACEMENT_3D ( 'NONE', #5886, #1855, #3905 ) ;
#6609 = LINE ( 'NONE', #2007, #3351 ) ;
#6610 = ORIENTED_EDGE ( 'NONE', *, *, #506, .F. ) ;
#6611 = DIRECTION ( 'NONE',  ( 1.000000000000000000, 0.000000000000000000, 0.000000000000000000 ) ) ;
#6612 = VERTEX_POINT ( 'NONE', #2661 ) ;
#6613 = DIRECTION ( 'NONE',  ( 0.000000000000000000, 0.000000000000000000, 1.000000000000000000 ) ) ;
#6614 = EDGE_CURVE ( 'NONE', #6423, #3355, #220, .T. ) ;
#6615 = VERTEX_POINT ( 'NONE', #724 ) ;
#6616 = CARTESIAN_POINT ( 'NONE',  ( -48.00000000000000000, 26.00000000000000000, 0.000000000000000000 ) ) ;
#6617 = ADVANCED_FACE ( 'NONE', ( #4310 ), #3809, .T. ) ;
#6618 = ORIENTED_EDGE ( 'NONE', *, *, #2795, .T. ) ;
#6619 = ORIENTED_EDGE ( 'NONE', *, *, #1344, .T. ) ;
#6620 = CARTESIAN_POINT ( 'NONE',  ( -50.00000000000000000, -13.25000000000000178, -3.599999999999998312 ) ) ;
#6621 = CARTESIAN_POINT ( 'NONE',  ( -18.89999999999999503, -26.20000000000000284, -1.600000000000000089 ) ) ;
#6622 = DIRECTION ( 'NONE',  ( 0.000000000000000000, 0.000000000000000000, 1.000000000000000000 ) ) ;
#6623 = ORIENTED_EDGE ( 'NONE', *, *, #6543, .F. ) ;
#6624 = CARTESIAN_POINT ( 'NONE',  ( 45.00000000000000000, -31.00000000000000000, -13.00000000000000178 ) ) ;
#6625 = EDGE_CURVE ( 'NONE', #1271, #434, #4272, .T. ) ;
#6626 = CARTESIAN_POINT ( 'NONE',  ( 32.00000000000000000, 16.00000000000000711, 0.000000000000000000 ) ) ;
#6627 = DIRECTION ( 'NONE',  ( 0.000000000000000000, -1.000000000000000000, 0.000000000000000000 ) ) ;
#6628 = LINE ( 'NONE', #1561, #1660 ) ;
#6629 = ORIENTED_EDGE ( 'NONE', *, *, #141, .T. ) ;
#6630 = CARTESIAN_POINT ( 'NONE',  ( 26.00000000000000355, 15.30000000000001137, -0.6999999999999998446 ) ) ;
#6631 = ORIENTED_EDGE ( 'NONE', *, *, #1613, .F. ) ;
#6632 = EDGE_CURVE ( 'NONE', #3294, #1170, #2290, .T. ) ;
#6633 = PLANE ( 'NONE',  #3704 ) ;
#6634 = DIRECTION ( 'NONE',  ( 0.000000000000000000, 1.000000000000000000, -0.000000000000000000 ) ) ;
#6635 = CARTESIAN_POINT ( 'NONE',  ( 13.00000000000000178, 28.39999999999999858, -15.10000000000000142 ) ) ;
#6636 = EDGE_LOOP ( 'NONE', ( #3888, #6253, #1805, #5178, #6479, #3468, #447, #2915 ) ) ;
#6637 = DIRECTION ( 'NONE',  ( -0.000000000000000000, 0.000000000000000000, 1.000000000000000000 ) ) ;
#6638 = ADVANCED_FACE ( 'NONE', ( #6395 ), #3646, .T. ) ;
ENDSEC;
END-ISO-10303-21;
